# n with rad(n) | phi*(n), where phi*(q^e) = q^e - 1.
# 1 < n <= 10^13, 67350 terms.  Not in OEIS.
12
36
48
56
80
108
144
168
192
240
324
351
392
400
432
448
504
576
702
720
768
972
992
1176
1200
1280
1296
1344
1404
1512
1620
1728
2000
2025
2160
2304
2744
2808
2916
2976
3072
3136
3528
3584
3600
3840
3875
3888
4032
4050
4352
4536
4563
4960
5103
5184
5616
6000
6400
6480
6912
7750
8100
8232
8748
8928
9126
9216
9408
9477
10000
10206
10584
10692
10752
10800
11232
11264
11520
11625
11664
12096
12288
13056
13608
14880
15500
15552
16200
16256
18000
18252
18954
19200
19208
19440
19656
20412
20480
20736
21760
21952
22464
22680
23250
24696
24800
25088
25920
26244
26784
27648
28080
28224
28672
29403
30000
30752
31000
31744
31752
31941
32000
32256
32400
33792
34375
34560
34875
34992
35721
36288
36504
36864
37376
37908
39168
40500
40824
42768
44640
44928
46500
46656
47104
48768
49152
50000
50625
52136
53248
53460
54000
56320
57600
57624
58320
58806
59319
61440
62000
62208
63882
64800
65280
65856
66339
66825
68750
69750
71442
73008
73984
74088
74400
75264
75816
78732
80352
81648
82944
84672
86016
89856
90000
92256
93000
95232
95256
96000
96040
96768
97200
101250
101376
102400
103680
104625
104976
108800
108864
110592
112128
113400
113792
117504
117612
118638
120125
122472
123201
123904
124000
127764
129600
130000
131220
132678
133650
133920
134456
137500
137592
139500
139968
140400
142884
143360
146016
146304
147015
147456
149688
150000
151632
153664
153760
156408
157248
158720
158760
159744
160000
162000
163296
164025
168960
171072
172800
172872
174960
175616
179712
181440
182272
184320
186000
186624
195840
196608
197568
200704
202500
209250
213840
217000
221875
221952
222264
223200
223587
225792
229376
235224
236196
237276
240250
241056
246402
248000
248832
250000
250047
254016
255528
255879
258048
259200
261632
265356
266240
267300
270000
275000
276768
279000
281600
285696
285768
288000
288120
290304
291600
292032
294030
303264
304128
307200
311040
313875
314928
326400
326592
327680
328050
331776
336384
341376
348192
349184
352512
359424
360375
365040
367416
369920
371712
372000
372736
378125
390000
401760
403368
405000
408240
412500
414720
417088
418500
419904
430080
438912
442368
443750
447174
449280
450000
460992
461280
464373
469224
470448
474552
476160
479232
480000
480200
480500
484375
486000
492804
496000
500094
506880
511056
511758
512000
518144
518400
518616
524880
526848
530712
534600
544000
550000
552960
558000
559872
567000
571536
584064
587520
588060
589824
592704
602112
606528
619520
620000
627750
648000
651000
653184
656100
658125
665856
666792
669600
677376
684288
688128
692224
702000
704512
708588
716800
718848
720750
723168
735075
744000
746496
748440
750000
756250
758160
762048
768320
768800
771147
774144
784896
786432
793600
793800
796544
798720
800000
810000
830304
837000
844800
855360
857088
857304
862407
864000
864360
870912
874800
887500
894348
907200
912384
921600
928746
933120
940896
941192
941625
944784
949104
953312
961000
963144
968750
979200
979776
983040
984064
985608
990584
992000
995328
1000188
1003520
1009152
1012500
1015808
1022112
1023516
1024128
1036800
1047552
1047816
1057536
1061424
1069200
1075648
1076004
1081125
1083392
1100000
1100736
1102248
1109760
1111320
1114112
1115136
1116000
1118208
1134375
1143072
1168128
1170000
1176120
1197504
1205280
1210104
1213056
1229312
1237500
1250000
1251264
1255500
1257728
1257984
1259712
1265625
1270080
1290240
1293732
1306368
1312200
1316250
1316736
1327104
1331200
1336500
1350000
1360125
1362944
1382976
1383840
1404928
1407672
1408000
1428480
1437696
1440000
1440600
1441500
1451520
1453125
1458000
1470150
1488000
1508291
1512500
1519000
1520640
1527552
1536000
1542294
1553125
1555200
1555848
1565109
1574640
1580544
1601613
1605632
1620000
1632000
1638400
1646568
1650000
1658880
1670625
1674000
1679616
1690000
1724814
1736000
1740960
1745920
1750000
1750329
1762560
1769472
1775000
1778112
1788696
1806336
1825200
1831424
1835008
1837080
1849600
1857492
1858560
1860000
1863680
1881792
1883250
1898208
1922000
1925000
1937500
1953000
1971216
1984000
1997568
2000376
2004992
2008800
2032128
2041200
2044224
2047032
2064384
2064512
2073600
2076672
2080000
2080768
2099520
2113536
2122848
2125764
2138400
2150400
2162250
2169504
2200000
2232000
2239488
2246400
2250000
2264031
2268750
2286144
2304960
2306400
2322432
2336256
2352240
2354688
2359296
2380800
2389632
2390391
2396160
2400000
2401000
2426112
2430000
2440625
2490912
2511000
2531250
2534400
2555280
2560000
2571264
2571912
2590720
2592000
2593080
2598156
2609152
2612736
2624400
2632500
2651616
2662500
2720000
2720250
2728448
2737152
2764800
2799360
2823576
2824875
2834352
2835000
2857680
2859936
2875392
2883000
2906250
2937600
2939328
2940300
2949120
2952192
2971752
2976000
2985984
3010560
3016582
3025000
3027456
3047424
3072384
3084588
3097600
3100000
3106250
3130218
3142656
3145728
3172608
3203226
3226944
3240000
3243375
3250176
3250611
3280500
3306744
3321864
3326427
3329280
3336704
3341250
3342336
3345408
3348000
3354624
3390625
3403125
3421440
3449628
3461120
3500658
3510000
3550000
3557763
3577392
3584000
3601989
3615840
3618459
3630312
3675375
3687936
3712500
3714984
3720087
3723875
3742200
3750000
3753792
3763584
3766500
3773184
3779136
3790800
3796416
3841024
3841600
3844000
3855735
3870720
3875000
3942432
3950208
3953664
3968000
3969000
3981312
3993600
4000000
4000752
4050000
4088448
4088832
4094064
4100625
4147200
4148928
4151520
4159375
4192256
4214784
4223016
4224000
4245696
4276800
4285440
4304016
4313088
4320000
4321800
4324500
4359375
4374000
4400000
4464000
4524873
4526496
4528062
4536000
4537500
4557000
4561920
4572288
4608000
4659375
4665600
4667544
4672512
4704480
4723920
4741632
4745520
4750893
4766560
4780782
4816896
4845568
4852224
4881250
4896000
4915200
4920320
4931584
4947968
4950000
4952920
4976640
4980736
5017600
5022000
5038848
5058907
5062176
5062500
5070000
5079040
5174928
5208000
5225472
5237760
5239080
5242880
5248800
5250000
5265000
5287680
5307120
5308416
5334336
5346000
5380020
5398029
5419008
5440500
5494272
5505024
5548800
5556600
5570560
5575680
5575808
5580000
5591040
5649750
5699584
5705856
5750784
5766000
5775000
5812500
5840640
5859000
5880600
5952000
5987520
5992704
6001128
6026400
6033164
6036849
6050000
6096384
6145227
6146560
6169176
6193152
6193536
6212500
6230016
6240000
6242304
6250000
6260436
6288640
6340608
6350400
6377292
6406452
6451200
6468660
6480000
6486750
6501222
6508512
6531840
6583680
6588344
6600000
6635520
6652854
6656000
6682500
6696000
6718464
6725025
6727000
6742008
6750000
6781250
6806250
6814720
6858432
6899256
6908733
6914880
6919200
6967296
7001316
7024640
7040000
7064064
7077888
7100000
7110656
7115526
7142400
7144929
7154784
7168896
7188480
7200000
7203000
7203978
7236918
7257600
7290000
7334712
7350750
7429968
7440174
7447750
7472736
7527168
7529536
7533000
7592832
7603200
7637760
7680000
7688000
7705152
7711470
7713792
7715736
7750000
7776000
7779240
7827456
7838208
7873200
7884864
7924672
7936000
7987500
8001504
8060000
8085825
8160000
8176896
8185344
8188128
8192000
8201250
8211456
8232840
8294400
8318750
8382528
8398080
8470728
8474625
8491392
8503056
8553600
8555625
8579808
8605184
8649000
8704800
8718750
8729600
8751645
8800000
8805888
8812800
8817984
8847360
8856576
8859375
8890560
8915256
8928000
8957952
8998912
9031680
9049746
9056124
9075000
9082368
9126000
9142272
9144576
9185400
9217152
9248000
9292800
9300000
9318400
9318750
9345024
9401184
9408960
9427968
9437184
9501786
9517824
9540608
9561564
9580032
9680832
9704448
9730125
9750528
9762500
9834496
9856080
9920232
9987840
10010112
10024911
10024960
10027008
10036224
10044000
10063872
10117814
10125000
10160640
10171875
10206000
10209375
10357875
10368000
10383360
10392624
10450944
10497600
10530000
10628820
10633000
10650000
10752000
10793952
10796058
10824704
10847520
10871875
10881000
10890936
10948608
10955763
11029041
11063808
11137500
11142144
11171625
11211291
11232000
11239424
11250000
11261376
11299500
11319552
11320155
11337408
11501568
11523072
11524800
11525976
11532000
11534336
11612160
11625000
11632896
11761200
11830000
11850624
11904000
11917312
11943936
11980800
12000000
12005000
12065625
12066328
12073698
12100000
12130560
12150000
12152000
12250000
12252303
12266496
12290454
12338352
12425000
12446784
12454560
12520872
12582912
12644352
12669048
12672000
12776400
12800000
12812904
12819968
12845056
12856320
12859560
12939264
12953600
12960000
12965400
12973500
12990780
13002444
13045760
13078125
13109499
13118976
13122000
13172544
13258080
13286025
13305708
13365000
13392000
13450050
13475000
13562500
13574619
13600000
13612500
13671000
13685760
13798512
13817466
13824000
13888000
13978125
13996800
14002632
14171760
14175000
14200000
14224896
14231052
14288400
14289858
14299680
14309568
14329224
14407956
14450688
14451584
14473836
14536704
14565376
14680064
14688000
14696640
14701500
14745600
14760960
14794752
14843904
14850000
14858760
14859936
14880348
14895500
14900031
14929920
14942208
14992384
15015625
15052800
15054336
15064056
15066000
15116544
15137280
15176721
15185664
15210000
15237120
15376000
15400000
15422940
15488000
15500000
15624000
15713280
15728640
15750000
15753125
15769728
15848217
15863040
15872000
15925248
16003008
16171650
16200000
16222208
16238475
16257024
16297524
16353792
16376256
16402500
16482816
16515072
16533504
16588800
16637500
16646400
16711680
16727040
16727424
16732737
16740000
16773120
16842752
16864000
16949250
16982784
17084375
17098752
17107200
17111250
17216064
17298000
17305600
17325000
17437500
17503290
17550000
17577000
17600000
17681625
17718750
17788815
17850625
17856000
17882648
17886960
17920000
17978112
18003384
18009945
18079200
18092295
18099492
18112248
18150000
18264064
18289152
18299736
18376875
18439680
18579456
18580608
18600435
18637500
18690048
18711000
18720000
18726912
18750000
18817920
18821096
18865920
18939904
18954000
19003572
19021824
19099136
19123128
19131876
19136512
19205120
19208000
19220000
19278675
19353600
19408896
19460250
19525000
19525536
19765032
19768320
19774125
19800000
19840000
19845000
19858176
19968000
20000000
20003760
20049822
20088000
20155392
20181000
20235628
20250000
20343750
20418750
20444160
20470320
20575296
20699712
20715750
20744640
20757600
20820969
20901888
20995200
21060000
21073920
21115080
21120000
21175000
21192192
21233664
21331968
21381376
21384000
21427200
21506688
21520080
21565440
21592116
21600000
21609000
21718125
21743750
21762000
21870000
21911526
21970000
22054912
22058082
22208256
22343250
22418208
22422582
22588608
22599000
22632480
22640310
22680000
22754277
22809600
23003136
23040000
23064000
23141376
23147208
23250000
23253048
23284989
23328000
23337720
23482368
23514624
23522400
23619600
23727600
23734375
23774016
23808000
23832800
23882747
23962500
24131250
24132656
24147396
24180000
24200000
24227840
24480000
24504606
24556032
24576000
24580908
24601600
24634368
24676704
24739840
24764600
24850000
24883200
24918016
25041744
25088000
25194240
25310880
25312500
25395200
25412184
25423875
25509168
25625808
25739424
25815552
25874640
25895936
25920000
25947000
25968384
26004888
26040609
26156250
26188800
26195400
26214400
26218998
26400000
26438400
26453952
26535600
26542080
26569728
26572050
26574912
26611416
26693632
26730000
26745768
26784000
26846875
26873856
26900100
26990145
26996736
27040000
27095040
27125000
27149238
27225000
27247104
27426816
27597024
27634932
27651456
27744000
27783000
27852800
27878400
27900000
27955200
27956250
28000000
28005264
28283904
28311552
28400000
28462104
28497920
28553472
28579716
28619136
28621824
28815912
28947672
29042496
29115625
29167776
29190375
29203200
29251584
29287500
29403000
29503488
29552672
29719872
29737071
29760696
29791000
29800062
29937600
29963520
30030336
30031250
30081024
30108672
30132000
30191616
30294016
30353442
30371328
30505984
30515625
30628125
30726135
30732800
30752000
30845880
31000000
31075083
31150080
31250000
31443200
31490048
31506250
31539456
31590000
31640625
31685472
31696434
31744000
31752000
31899000
31950000
32006016
32256000
32343300
32474112
32476950
32505856
32542560
32615625
32659200
32672808
32707584
32752512
32805000
32918400
33177600
33191424
33275000
33280000
33412500
33465474
33514875
33592320
33710040
33718272
33750000
33784128
33898500
33918976
33958656
33965568
34012224
34073600
34100000
34168750
34214400
34222500
34521088
34543665
34569216
34574400
34596000
34603008
34635776
34836480
34865152
34875000
35006580
35123200
35200000
35360000
35363250
35435232
35437500
35490000
35551872
35553280
35577630
35701250
35712000
35724645
35751936
35831808
35942400
36000000
36015000
36019890
36184590
36198984
36224496
36288000
36300000
36374184
36450000
36456000
36578304
36673560
36723375
36750000
36753750
36799488
36855000
37149840
37200870
37275000
37340352
37363680
37380096
37515625
37635840
37748736
37786203
37933056
38007144
38016000
38188800
38246256
38400000
38459904
38535168
38557350
38568960
38795193
38817792
38860800
38880000
38896200
38920500
39030656
39050000
39137280
39234375
39366000
39548250
39621879
39623360
39940992
40099644
40176000
40425000
40471256
40500000
40687500
40723857
40800000
40837500
40884480
40960000
41013000
41057280
41164200
41243904
41431500
41472000
41570496
41641938
41664000
41765625
41803776
41912640
41934375
41990400
42007896
42120000
42163875
42251264
42257943
42515280
42600000
42674688
42899040
42991616
43016589
43184232
43243551
43352064
43354752
43436250
43452288
43487500
43490304
43524000
43610112
43648000
43696128
43758225
43794432
43823052
44040192
44064000
44116164
44236800
44282880
44384256
44452800
44531712
44550000
44576280
44686500
44789760
44826624
44845164
44977152
44994560
45046875
45158400
45198000
45280620
45349632
45508554
45530163
45630000
45711360
45722880
45753125
45927000
46006272
46085760
46114816
46118408
46128000
46200000
46240000
46464000
46500000
46569978
46592000
46872000
47005920
47044800
47076407
47089000
47139840
47185920
47194056
47250000
47259375
47468750
47589120
47616000
47703040
47765494
47775744
47900160
48009024
48262500
48265312
48294792
48361131
48400000
48666624
48771072
49009212
49161816
49172480
49280400
49353408
49448448
49545216
49700000
49774592
49912500
49939200
50083488
50124800
50135040
50181120
50182272
50220000
50319360
50331648
50528256
50592000
50803200
50847750
51030000
51251616
51253125
51296256
51342984
51397632
51840000
51894000
51916800
51963120
51975000
52009776
52081218
52312500
52437996
52488000
52706752
52731000
53144100
53222832
53308125
53460000
53551875
53568000
53647944
53693750
53760000
53800200
53816000
53934336
53936064
53969760
53980290
54010152
54123520
54237600
54250000
54298476
54450000
54454680
54743040
54778815
54792192
54867456
55145205
55194048
55269864
55319040
55710720
55738368
55741824
55912500
56010528
56070144
56160000
56180736
56250000
56463288
56597760
56600775
56800000
56819712
56924208
57065472
57159432
57238272
57297408
57395628
57409536
57480192
57615360
57624000
57629880
57631824
57660000
57671680
57895344
58060800
58164480
58231250
58380750
58576608
58677696
58806000
58844448
59295096
59400000
59439744
59474142
59520000
59521392
59582000
59586560
59600124
59889375
59904000
60000000
60025000
60062500
60217344
60236288
60264000
60466176
60543000
60546875
60652800
60706884
60742656
60750000
61031250
61256250
61332480
61452270
61504000
61641216
61691760
61725888
61761609
62000000
62015625
62150166
62233920
62272800
62695424
62705664
62992000
62992384
63012500
63078912
63221760
63281250
63360000
63392868
63397376
63488000
63525000
63576576
63700992
63882000
63977472
63995904
64000000
64012032
64144128
64281600
64297800
64520064
64686600
64696320
64768000
64800000
64827000
64953900
65190096
65228800
65231250
65415168
65505024
65547495
65610000
65808288
65862720
65910000
66164736
66290400
66355200
66550000
66784256
66930948
67029750
67060224
67100672
67254624
67765824
67797000
67931136
68000000
68337500
68428800
68445000
68841472
68864256
68992560
69087330
69120000
69192000
69424128
69441624
69750000
69984000
70013160
70400000
70447104
70543872
70726500
70858800
70875000
71124480
71155260
71203125
71322048
71402500
71424000
71442000
71449290
71498400
71648241
71887500
72039780
72369180
72397968
72448992
72540000
72600000
72683520
73156608
73440000
73446750
73483200
73507500
73668096
73728000
73804800
73903104
74176128
74219520
74293800
74401740
74431000
74550000
74649600
74760192
74961920
75031250
75264000
75271680
75320280
75572406
75582720
75686400
75928320
76014288
76103125
76167000
76185600
76236552
76271625
76492512
76527504
76640256
76690341
77114700
77203287
77218272
77440000
77446656
77500000
77590386
77635584
77687808
77841000
77878125
78100000
78468750
78479037
78566400
78643200
78675968
79028125
79096500
79200000
79241085
79243758
79315200
79361856
79626240
79709184
80080896
80199288
80237304
80352000
80510976
80540625
80621568
80681832
80942512
80990208
81000000
81111040
81120000
81250000
81285120
81375000
81447714
81675000
81741312
82012500
82200096
82280448
82798848
82810000
82863000
82954368
83232000
83283876
83531250
83558400
83607552
83635200
83700000
83760625
83865600
83868750
83886080
83980800
84000000
84213760
84240000
84327750
84464296
84515886
84851712
84913920
84934656
85064000
85493760
85536000
85660416
85750000
85766121
85865472
86033178
86080320
86368464
86487102
86528000
86872500
86975000
87048000
87127488
87346875
87516450
87571125
87646104
87750000
87754752
87862500
88232328
88510464
88658016
88944075
89282088
89373000
89434800
89473024
89600000
89690328
89739776
89813529
89890560
89915392
90016920
90049725
90091008
90093750
90243072
90266967
90326016
90396000
90461475
90561240
90574848
90882048
91017108
91060326
91320320
91506250
91517952
91520000
91546875
91766493
91832832
91884375
92012544
92198400
92207808
92256000
92897280
93000000
93002175
93139956
93450240
93555000
93710763
93750000
94089600
94152814
94325000
94329600
94470144
94518750
94633984
94699520
94770000
94937500
95232000
95385600
95530988
95697000
95850000
96025600
96040000
96100000
96119233
96393375
96421888
96468992
96525000
96530624
96589584
96722262
96768000
96800000
97216000
97422336
97517568
97627680
97698393
97846875
98018424
98323632
98706816
98841600
99200000
99225000
99290880
99400000
99574272
99840000
99906048
100000000
100018800
100166976
100237500
100304568
100544625
100952576
101154816
101161088
101250000
101352384
101695500
101756928
101875968
101957632
102036672
102220800
102300000
102351600
102503232
102506250
102515625
102760448
102876480
103498560
103563264
103680000
103707648
103723200
103788000
103809024
103907328
104019552
104104845
104162436
104300217
104509440
104595456
104625000
104780000
104875992
105109375
105369600
105380352
105448392
105575400
105600000
105940352
105960960
106080000
106168320
106288200
106445664
106470000
106616250
106655616
106659840
106748928
106906880
106920000
107103750
107136000
107255808
107387500
107421875
107495424
107600400
107800000
107827200
107960580
108000000
108045000
108500000
108596952
108900000
109350000
109368000
109557630
110250000
110271875
110274560
110290410
110388096
110398464
110539728
110937519
111041280
111104000
111223125
111825000
112021056
112091040
112546875
113162400
113201550
113246208
113400000
113600000
113771385
113799168
113848416
113936625
114021432
114048000
114318864
114476544
114633792
115015680
115200000
115263648
115379712
115440125
115605504
115706880
115790688
116453376
116462500
116582400
116640000
116688600
116759313
116761500
116985856
117091968
117129159
117150000
117411840
117440512
117573120
117612000
117703125
118098000
118638000
118750883
118870080
118879488
118948284
119042784
119071744
119164000
119200248
119590625
119778750
120125000
120434688
120512448
120528000
120663280
121093750
121139200
121275000
121413768
121485312
122062500
122171571
122215392
122400000
122512500
122563584
122880000
122904540
123008000
123039000
123171840
123200000
123383520
123523218
123699200
123771375
123823000
124000000
124031250
124300332
124416000
124954375
124992000
125208720
125440000
125803125
125971200
126023688
126025000
126157824
126554400
126562500
126753792
126785736
126877696
126976000
127545840
127800000
127848448
127961856
128024064
128129040
128697120
128974848
129373200
129479680
129841920
129907800
130056192
130064256
130203045
130323843
130462500
130830336
130944000
130977000
131010048
131072000
131088384
131090432
131094990
131220000
132120576
132192000
132678000
132710400
132721875
132848640
133100000
133152768
133468160
133595136
133650000
133693952
133728840
133861896
133955584
134059500
134369280
134479872
134500500
134931456
134950725
134983680
135140625
135475200
135594000
135862272
136048896
136590489
136675000
136857600
136890000
137134080
137259375
138174660
138355224
138384000
138418875
138600000
138720000
138915000
139007232
139264000
139359528
139392000
139500000
139776000
140026320
140321376
140616000
140800000
141229221
141267000
141419520
141453000
141557760
141750000
141778125
142310520
142331904
142406250
142489600
142767360
142805000
142848000
142898580
143061184
143109120
143296482
143327232
144027072
144079560
144738360
144795936
144832000
144847872
144897984
145200000
145746783
145838880
145999872
146016000
146313216
146397888
146893500
147015000
147517440
147763360
148225000
148345344
148635648
148803480
149100000
149323776
149520384
149600000
149688000
149737500
149817600
150062500
150374400
150405120
150543360
150546816
150568768
150660000
150958080
150994944
151144812
151584768
151776000
152028576
152206250
152529920
152543250
152985024
153380682
153387008
153630675
153664000
153759375
153888768
154058112
154229400
154406574
155180772
155271168
155457792
155682000
155750400
155756250
155925000
156065000
156200000
156250000
156541572
156853125
156927456
156937500
156958074
157216000
157450240
157697280
158056250
158120256
158193000
158427360
158482170
158487516
158760000
159279939
160398576
160655625
160704000
160943832
161081250
161280000
161448000
161716500
161803008
161885024
161989632
162000000
162030456
162370560
162529280
162712800
162750000
162771336
162895428
162994923
163296000
163350000
164376576
164592000
164602368
164916224
165726000
165888000
165957120
166140625
166281984
166400000
166567752
167062500
167215104
167225472
167521250
167737500
167961600
168125625
168210432
168480000
168542208
168550200
168655500
168750000
168920640
169031772
169389864
169400000
169594880
169793280
170015625
170061120
170368000
170400000
170459136
170546688
171196416
171532242
171892224
172066356
172186884
172228608
172718325
172736928
172846080
172872000
172974204
172980000
173015040
173178880
173284375
173745000
173950000
174096000
174182400
174426112
174693750
175032900
175142250
175177728
175292208
175415625
175616000
175729824
176000000
176464656
177176160
177766400
177885288
177888150
178200000
178444288
178560000
178623225
178746000
178759680
179272764
179380656
179627058
179712000
180000000
180075000
180099450
180187500
180533934
180708864
180792000
180922950
181122480
181271552
181398528
181440000
181629000
181640625
181868544
181870920
182034216
182120652
182250000
182284263
182528000
183012500
183093750
183367800
183532986
183768750
183997440
184025088
184512000
185177664
185749200
186000000
186004350
186024384
186279912
186535791
186701760
186818400
187421526
187928125
188116992
188179200
188305628
188931015
188976000
188977152
189037500
189280000
189665280
189875000
190080000
190192128
190464000
190575000
190729728
190944000
191061976
191102976
191231280
191987712
192000000
192238466
192432384
192786750
192844800
193050000
193061248
193179168
193444524
193560192
193600000
193700403
193975965
194088960
194400000
194481000
195153280
195396786
195686400
195693750
196000000
196036848
196647264
196830000
197413632
197730000
197759232
198109395
198116800
198494208
198800000
199176704
199234728
199650000
200333952
200352768
201089250
201302016
201326592
201711384
201763872
202027000
202145625
202633704
203297472
203391000
203809375
204000000
204422400
204800000
205006464
205012500
205031250
205286400
205821000
206219520
206336000
206524416
207360000
207576000
207852480
208039104
208209690
208272384
208324872
208537000
208600434
209250000
209563200
209751984
209952000
210039480
210218750
211256320
211341312
211631616
212058112
212576400
212599296
212891328
213232500
213549056
213609375
213840000
213966144
214207500
214272000
214495200
214775000
214843750
214935552
214944723
214958080
215082945
215200800
215662500
215921160
217000000
217023543
217193904
217261440
217451520
217525581
217533001
217620000
217800000
218050560
218103808
218240000
218791125
218972160
219115260
219721329
220100000
220320000
220430336
220543750
220580820
220725999
220776192
221004288
221079456
221184000
221414400
221709312
221798304
221875038
222264000
222446250
222658560
222861483
222881400
223293000
223650000
223948800
224042112
224885760
224972800
225093750
225792000
226403100
226748160
227200000
227542770
227696832
227873250
228150000
228165336
228309375
228556800
228614400
228637728
228709656
228814875
228953088
229582512
229635000
229861125
230428800
230527296
230574080
230592040
230880250
231200000
231581376
231654816
232320000
232339968
232500000
232925000
232960000
233063424
233518626
233523000
234258318
235029600
235224000
235382035
235406250
235699200
235929600
236027904
237084375
237432832
237501766
237600000
237758976
237896568
237945600
238085568
238328000
238400496
238515200
238878720
238899375
239127552
239181250
239500800
239557500
240242688
240250000
240371712
240711912
240869376
241056000
241621875
241647616
241805655
241864704
242187500
242450432
242604032
242827536
242970624
243333120
243360000
243579392
243750000
243855360
244056064
244125000
244343142
245025000
245223936
245809080
245862400
246016000
246402000
246767040
246841344
247046436
247283712
247542750
248000000
248046624
248062500
248430000
248600664
248863104
248872960
249696000
249860000
249908750
250624000
250675200
250905600
251100000
251281875
251596800
251606250
251658240
252000000
252050000
252315648
252641280
253125000
253392888
253571472
253605625
253831968
253952000
254016000
254555136
254619288
254803968
255150000
255192000
256048128
256481280
256714920
256981248
256988160
257063625
257250000
257596416
257920000
257985000
258156288
258746400
259200000
259584000
259815600
260048880
260406090
260647686
260760384
260925000
261382464
261660672
262020096
262040625
262189980
262193024
262440000
262713375
263264256
263587500
264257536
264503421
265420800
265443750
265531392
265720500
265974048
266114160
266200000
266338304
266848992
267723792
267846264
268119000
268419072
268800000
269219328
269671680
269680320
269746176
269848800
269901450
270273024
270281250
270617600
270672597
270729216
270978048
271188000
271566351
271724544
272273400
272646144
273180978
273214592
273350000
273715200
273780000
273894075
273960960
274098176
274518750
274553856
274560000
274640625
275457024
275653125
275726025
276349320
276595200
276768000
276837750
278553600
279000000
279586944
280052640
280350720
280800000
281250000
281600000
282335625
282458442
282906000
282975000
282988800
283003875
283410432
283500000
283556250
283901952
284098560
284310000
284621040
284812500
285212672
285327360
285610000
285696000
285797160
286191360
286326784
286592964
286688000
287091000
287400960
287550000
288076800
288120000
288149400
288159120
288300000
288357699
288358400
288707328
289265664
289406976
289476720
289591872
289795968
290304000
290400000
290822400
290993472
291436704
291493566
291648000
292267008
292359375
292552704
292626432
292883040
293388480
293540625
293787000
294030000
294055272
294222240
294840000
295315625
295758848
295805601
297600000
297606960
297932800
298200000
298722816
298784899
299040768
299520000
300000000
300125000
300712500
300837888
301086720
301116123
301633875
302289624
302857728
303264000
303460625
303464448
303483264
303750000
304057152
304166016
304412500
305086500
305270784
305627904
305872896
305970048
306110016
306662400
306761364
306900000
307261350
307518750
308281344
308458800
308813148
310361544
310542336
310689792
311122944
311169600
311364000
311427072
311512500
311721984
312400000
313477120
313528320
313706250
313786368
313875000
313916148
314340000
314376876
314961920
315328125
315546272
316108800
316112500
316386000
316800000
316964340
316975032
316986880
317821056
318240000
318559878
319410000
319966848
319979520
320000000
320060160
320720640
320797152
320845536
321094125
321311250
321408000
321489000
321767424
321978368
322162500
322265625
322486272
322600320
322828856
323400000
323481600
323770048
323840000
324000000
324135000
324769500
325500000
325771875
325790856
325950480
325989846
326144000
326700000
327525120
327737475
328050000
328104000
329041440
329313600
329623000
330358392
330750000
330815625
330823680
331195392
331452000
332150625
332281250
333135504
333234176
333312000
333921280
334125000
334430208
334612512
335042500
335301120
335475000
335503360
335565824
335923200
336063168
336251250
336273120
336960000
337311000
337588992
337640625
338063544
338527917
339738624
339770312
340000000
340031250
341397504
342064296
342144000
343064484
344132712
344207360
344321280
344962800
345406464
345436650
345473856
345600000
345948408
346139136
346320375
346568750
346816512
347017216
347120640
347490000
347694984
347900000
348192000
348422144
349360128
349387500
349747200
349920000
350065800
350284500
350584416
350831250
350957568
351275904
351450000
351520000
352235520
352321536
352929312
353109375
353956473
354212352
354294000
354375000
355622400
355776300
356252649
356548608
356610240
357210000
357215232
357246450
357492000
357564416
357600824
358761312
358771875
359254116
359400888
359783424
360198900
360375000
361067868
361584000
361845900
361989840
362244960
363281250
363417600
363483392
363593728
363825000
364068432
364241304
364568526
366025000
366187500
366514713
367065972
367200000
367416000
367537500
368050176
368640000
368947264
369024000
369100800
369117000
369515520
369600000
371097600
371469000
372000000
372008700
372559824
373071582
373110784
373248000
373293056
374809600
374843052
374863125
374976000
375100000
375856250
376320000
376358400
376601400
376611256
376712000
377409375
377540352
377552448
377862030
377913600
378071064
378075000
378432000
379641600
379750000
380071440
380261376
380270592
380633088
380928000
381182760
382123952
382637520
383201280
383400000
383545344
384072192
384184736
384476932
385573500
386016435
386091360
386100000
386122496
386358336
386889048
386924544
387200000
387400806
387500000
387951930
388439040
390168576
390192768
390793572
391053312
391387500
392073696
392491008
392832000
393216000
393265152
393271296
393294528
393379840
394264576
394827264
396205425
396218790
396361728
396576000
397600000
398131200
398545920
399458304
400116024
400404480
400667904
400785408
400950000
401081856
401186520
401866752
402178500
402361344
403107840
403409160
403439616
403976079
404291250
404712560
404794368
404951040
405000000
405421875
405555200
405961875
406425600
406782000
407618750
408146688
409771467
410012928
410025000
410062500
410670000
410743872
411000480
411328125
411402240
411778125
413994240
414720000
415065672
415152000
415800000
416078208
416160000
416419380
416649744
417200868
417792000
418176000
418500000
419225625
419328000
419430400
419503968
420437500
421068800
421654016
421848000
422400000
423687663
423801000
424258560
424569600
424673280
425152800
425250000
425334375
425782656
426465000
427218750
427468800
427680000
428302080
428415000
428544000
429183552
429327360
429550000
429687500
429889446
429981696
430165890
430401600
430489323
430528000
431488512
431842320
432081216
432640000
434000000
434047086
434109375
434387808
434496000
435051162
435066002
435600000
435637440
435840669
437582250
437999616
438230520
438750000
438773760
438867968
438939648
439442658
440944000
440946688
441087500
441161640
441451998
441462528
441552384
442158912
442552320
443290080
443750076
444675000
444720375
444892500
445036032
445722966
445906944
446404608
447174000
447300000
447971328
448000000
448084224
448698880
448800000
449067645
449212500
449452800
450084600
450187500
450248625
451123200
451215360
451334835
451630080
451640448
451706304
451980000
452307375
452806200
452874240
452984832
454400000
454754304
455085540
455328000
455393664
455746500
456601600
456618750
457275456
457589760
457629750
457906176
458832465
459421875
459680000
459722250
460161024
460658016
460992000
461039040
461054592
461278125
461666304
461760500
463045337
463162752
464486400
464763904
465010875
465484375
465850000
467037252
467046000
467251200
467489792
467775000
468195000
468516636
468600000
468750000
469421568
469704704
470448000
470764070
470812500
471648000
472350720
472907776
473169920
473497600
473850000
474168750
474360768
474579000
475003532
475517952
475793136
476000000
476171136
476656000
476800992
477403875
477798750
477975168
478362500
478393344
479115000
480128000
480200000
480500000
481738752
481890304
481966875
482112000
482831496
482947920
483243750
483611310
483840000
484344000
484375000
485409024
485655072
485941248
486091368
487111680
487587840
488138400
488250000
488491965
488686284
490050000
491618160
492022784
492032000
493000101
493129728
493534080
493807104
494092872
494208000
494748672
495085500
496000000
496125000
496454400
497201328
497871360
498421875
498677257
499200000
499530240
499817500
500000000
500094000
501645312
501676416
502563750
503212500
503284375
504100000
504337509
504631296
505440000
505626624
506250000
507142944
507179008
507211250
507262976
507904000
508169592
508200000
508784640
509379840
511104000
511200000
511377408
511758000
512096256
513589248
514127250
514382400
515676672
516560652
516685824
517492800
518538240
518616000
518940000
519045120
519232896
519536640
519631200
519853125
520524225
520812180
521017000
521295372
521850000
522547200
522784000
523278336
523321344
524040192
524081250
524379960
524880000
525426750
526848000
526901760
527189472
527241960
527877000
528000000
529006842
529410141
529804800
530841600
530887500
532400000
532480000
532721875
533169000
533278080
533299200
533655864
533744640
534534400
534600000
535332864
535447584
535680000
536170752
536238000
536279040
536481792
536832387
537477120
538002000
539136000
539802900
540000000
540225000
540423009
540562500
541345194
542126592
542376000
543132702
543449088
543814656
544195584
544887000
544921875
545146875
546361956
546700000
546750000
547430400
547560000
547584000
547788150
548130375
548933632
549037500
549281250
549353259
550159533
550731776
551306250
551372800
551452050
551992320
552698640
553196875
553536000
553675500
554687595
555206400
555532992
558000000
558800000
560105280
560455200
561395016
562166163
563200000
563576832
563784375
564350976
564671250
564772824
564916884
565004349
565373952
565812000
566007750
566928000
566931456
567000000
567112500
567840000
568856925
568995840
569242080
569625000
570240000
570576384
571220000
571392000
571594320
571725000
572189184
573114368
573185928
573308928
575078400
575963136
576000000
576318240
576715398
577297152
578534400
578953440
579183744
579591936
579670000
580041000
580680576
580800000
582266880
582987132
583200000
583443000
583796565
584718750
584929280
585252864
585459840
587059200
587081250
587202560
587574000
587865600
588000000
588060000
590490000
590631250
591250072
591611202
593190000
593750000
593754415
594350400
594397440
595213920
595358720
595448000
595482624
595820000
596400000
597530112
597569798
598081536
598950000
600250000
600362847
601058304
601120000
602173440
602232246
602562240
603267750
603316400
603906048
603979776
604579248
605291616
605696000
606081000
606921250
608114304
608825000
609336000
609892416
610173000
610857855
611076960
611428125
611940096
612000000
612817920
612997875
613122048
613522728
614250000
614400000
614522700
615037500
615040000
615859200
616917600
617626296
618496000
619008000
619115000
619573248
620059904
620723088
621084672
622080000
622728000
623025000
624800000
624817152
624974616
625611000
626043600
626166288
626311168
627200000
627412500
627750000
627832296
628178432
628694703
629407744
629856000
630118440
630656250
631351908
632225000
632282112
632772000
632812500
633768960
633928680
633950064
634023936
634388480
634880000
634894848
636174336
637119756
637729200
639242240
639809280
640645200
640647168
640828125
641594304
641898432
642188250
642365451
642622500
642816000
642829824
643485600
644087808
644325000
644342688
644531250
644834169
644874240
645454656
646866000
646987500
647398400
647540096
648000000
649209600
650280960
651000000
651015225
651543750
651581712
651979692
652599003
652860000
653400000
654151680
654311424
654720000
654885000
655360000
655452160
655474950
660275000
660300000
660960000
661291008
661631250
662437888
662904000
663012864
663390000
663552000
664243200
664301250
664562500
665127936
666271008
667340800
667975680
668169216
668250000
668644200
668860416
669879000
670085000
670950000
671846400
672502500
673920000
674622000
674657280
674753625
674918400
675281250
675675000
675714368
676127088
677055834
677376000
680062500
680244480
680512000
681600000
683888751
684928125
685670400
686128968
686444625
688265424
688747536
689649664
690873300
690947712
691776120
691896816
692599663
692640750
693005625
693137500
693359375
693600000
694575000
694964448
694980000
695036160
695800000
696320000
696384000
696797640
696960000
697019904
697500000
698775000
698880000
699190272
699342336
700131600
700569000
700710912
701146368
701168832
701606880
701662500
702131976
703752192
705078125
705858624
706146105
706218750
706304000
706668032
706740224
707097600
707788800
707912946
708083712
708127616
711253125
711552600
711659520
712298496
712448000
712505298
712800000
713703424
713836800
714256704
714492900
714984000
715545600
716636160
717091056
717382656
717522624
717543750
717609375
718508232
719323136
720135360
720397800
720728064
720750000
722135736
723168000
723691800
724239360
724489920
724643712
724865625
724942848
725594112
726562500
727247039
727351296
728136864
728482608
728733915
728911872
729137052
729194400
729999360
730080000
730101519
730349568
730738176
731250000
731566080
732050000
732168192
732375000
733029426
733460000
734131944
735075000
735671808
735765625
736100352
737587200
737662464
738048000
738138744
738816800
740524032
741726720
743178240
744000000
744017400
745119648
745290000
746143164
746589312
746618880
747143168
747242496
748440000
749088000
749580000
749686104
749726250
751712500
752025600
752716800
753222512
753300000
753845625
754600000
754790400
754818750
754974720
755724060
756000000
756150000
757809013
757923840
759500000
760178664
760816875
761856000
762649600
763665408
764247904
764411904
764977824
765576000
766935040
768153375
768320000
768953864
769443840
770943744
771147000
771750000
771903125
772032870
772200000
772244992
772716672
772789248
773760000
773778096
774400000
774801612
775903860
776562633
777288960
777728000
778752000
781250000
781587144
782707860
782775000
784147392
784637280
786080000
786121875
786579072
786589056
787251200
788140125
788486400
789654528
789792768
790762500
791015625
792136800
792410850
792437580
792772608
793800000
795200000
796594176
797922144
798600000
799014912
801335808
801992880
802436544
802774016
802900917
803538792
804357000
805257216
805306368
806400000
807657984
807952158
808582500
809015040
809238528
809948160
810819072
810843750
811852800
811923750
812187648
812646400
812934144
813564000
815173632
815237500
816480000
817315191
817938432
818900992
819542934
819643776
819904113
820025856
820050000
820125000
821882880
822083584
822656250
822960000
823011840
823556250
823661568
823680000
823921875
824581120
826959375
829440000
829785600
830304000
831256181
831409920
831707136
832000000
832156416
832838760
833299488
834401736
835312500
836127360
837000000
837134375
838451250
839007936
839808000
840875000
841052160
842711040
842751000
843042816
843587136
843750000
844603200
847375326
847974400
848925000
848966400
850231296
850305600
850668750
851565312
851705856
851840000
852295680
852930000
854437500
855360000
855507744
855638016
856659375
856830000
857088000
858980352
859100000
859375000
859778892
860064000
860331780
860803200
860934420
860978646
861273000
862400000
862650000
863591625
863684640
864230400
864360000
864536409
864900000
865073097
865075200
865894400
866399625
867796992
868000000
868094172
868218750
868220928
868775616
870102324
870132004
870912000
871200000
871681338
872308736
874680625
874944000
875164500
875888640
876461040
876801024
877658112
878080000
878649120
878885316
880000000
880621875
882165816
882175000
882323280
882903996
883104768
884317824
885880800
887276544
887500152
888832000
889440750
889785000
891445932
892221440
892800000
893116125
893798400
894600000
894939136
896168448
896354697
896363820
896903280
898135290
898560000
900000000
900375000
900497250
902137500
902669670
904201056
904614750
904901625
905612400
906357760
907200000
908573184
908800000
909342720
909354600
910171080
910381875
910393344
910449792
910787328
911250000
911421315
911493000
912171456
912266901
913237500
914535424
914550912
915259500
915812352
916132832
916839000
916883712
917070336
917618688
917664930
918330048
918843750
919444500
919987200
920700000
922109184
922556250
923521000
924844032
926090674
926325504
928746000
930021750
930134016
930968750
931700000
932069376
933368832
933508800
934074504
934092000
934281216
935165952
935857664
937033272
937689088
939524096
940584960
940896000
941359104
941528140
941625000
943020000
944655075
944885760
945685504
945984375
946638816
948326400
948337500
950007064
950400000
950960640
951035904
951586272
952342272
953312000
953463168
953601984
954720000
954807750
955597500
956156400
956725000
957685248
958230000
959900544
959938560
960000000
961000000
962161920
963477504
963933750
964099584
964224000
964289664
965302272
965600000
965935104
966487500
966796875
967222620
967458816
968486568
968750000
968932125
969879825
970200000
970444800
971310144
971520000
971882496
972000000
972405000
973050624
975766400
976191488
976500000
976983930
977372568
978384825
978432000
980100000
980184240
982249632
983236320
984064000
984150000
984312000
985600000
986000202
987068160
988185744
988796160
988869000
990171000
990546975
990584000
991531125
992000000
992250000
992446875
992471040
993586176
994402656
996173640
996323328
996843750
997354514
999635000
999702528
999936000
1001763840
1005127500
1006425000
1006510080
1006568750
1006697472
1006720000
1007681536
1008189504
1008200000
1008556920
1008675018
1008819360
1009262592
1012415625
1012500000
1012921875
1013168520
1013824000
1013935104
1014285888
1014422500
1015808000
1019215872
1019310936
1020000000
1020227481
1022112000
1024000000
1024192512
1026192888
1026432000
1028254500
1029105000
1030818393
1031097600
1032622080
1034985600
1036800000
1037575000
1038417408
1038961125
1039262400
1039706250
1040187392
1040449536
1041048450
1041051648
1041361920
1041624360
1042378875
1042590744
1043041536
1043700000
1044140625
1045266432
1046642688
1047816000
1048080384
1048162500
1048759920
1049241600
1049760000
1050197400
1050853500
1052872704
1053827712
1054350000
1054560000
1056250000
1056281600
1056706560
1056964608
1057100000
1058013684
1058820282
1059328125
1060640768
1061158912
1061683200
1061775000
1062882000
1064800000
1065443750
1068757947
1069830720
1070895168
1071645696
1072476000
1072693248
1072802472
1073664774
1073709056
1074790400
1075414725
1076168025
1076315625
1078406784
1079605800
1080846018
1081125000
1082690388
1084752000
1085117715
1085969520
1086265404
1086307200
1086898176
1087257600
1088100000
1088204544
1089843750
1090252800
1090293750
1090450176
1090519040
1090781184
1091200000
1091475000
1092723912
1093400000
1093448864
1093955625
1094860800
1095120000
1095576300
1096260750
1097971875
1098075000
1098492192
1098562500
1098606645
1098706518
1098966528
1099544139
1100319066
1101600000
1101828096
1102151680
1102612500
1102904100
1103629995
1103880960
1105021440
1105397280
1105920000
1106393750
1106841792
1107072000
1107351000
1108546560
1108800000
1108991520
1109375190
1111320000
1113292800
1113585408
1114307415
1114407000
1114876224
1114959573
1116000000
1118471875
1119332352
1119744000
1119879168
1120210560
1120454775
1124332326
1124428800
1124589375
1124864000
1124928000
1125300000
1126400000
1127568750
1128960000
1129342500
1129833768
1130008698
1130136000
1131624000
1132015500
1132228125
1133740800
1133927424
1134000000
1134213192
1134225000
1137713850
1138424625
1138484160
1139250000
1139399352
1140750000
1140784128
1140964461
1141899264
1142440000
1142784000
1143072000
1143188640
1144489472
1146371856
1147912560
1148175000
1150200000
1150390625
1150636032
1152144000
1152216576
1152554208
1152636480
1152870400
1152960200
1153430796
1156000000
1157906880
1158274080
1158367488
1159183872
1160773632
1161600000
1162500000
1162984375
1164800000
1165317120
1165974264
1167575877
1167593130
1169437500
1170505728
1170578304
1170692352
1171183104
1173470571
1174162500
1174238208
1175148000
1176120000
1176910175
1177473024
1178496000
1179648000
1179795456
1179813888
1180139520
1181262500
1181640625
1183222404
1185800000
1187164160
1187508830
1189085184
1189728000
1189760000
1190109375
1190427840
1191213056
1192002480
1192576000
1192800000
1193826816
1194393600
1195139596
1195637760
1196163072
1197504000
1198374912
1200500000
1200725694
1201213440
1202356224
1202850000
1203245568
1203559560
1204346880
1204464492
1204550144
1205600256
1206535500
1209028275
1209158496
1209323520
1210318848
1212252160
1212990625
1213020160
1213842500
1214137680
1214383104
1214853120
1216215000
1216228608
1216265625
1216665600
1217650000
1219276800
1220346000
1220982784
1221715710
1222856250
1223880192
1224440064
1225995750
1226119680
1227045456
1227909375
1229045400
1229312000
1229314401
1230075000
1232000000
1232010000
1232602625
1233835200
1234206720
1235252592
1235334375
1240233120
1241446176
1242169344
1244364800
1245197016
1245456000
1246050000
1247400000
1248480000
1248520000
1249600000
1253120000
1253302875
1253376000
1254528000
1254825000
1255500000
1255664592
1257389406
1257507504
1257984000
1258291200
1261312500
1263206400
1264450000
1264962048
1265544000
1267200000
1267857360
1267900128
1268900864
1269159840
1270080000
1271062989
1271403000
1272775680
1273096440
1274019840
1274239512
1275750000
1275989841
1276003125
1281656250
1282406400
1283188608
1283574600
1284376500
1284730902
1284800000
1284906240
1284940800
1285245000
1285632000
1287550656
1287982080
1288650000
1289062500
1289668338
1289945088
1290781440
1291584000
1294734375
1295080192
1296000000
1296243648
1297920000
1299078000
1300000000
1300244400
1302000000
1302030450
1302170688
1302642688
1303087500
1303163424
1303488000
1303959384
1305198006
1306800000
1307080125
1309789184
1310949900
1312200000
1313998848
1315496875
1316603904
1316818944
1322517105
1322832000
1322840064
1323262500
1324781568
1324960000
1325808000
1327656960
1328602500
1329125000
1329870240
1330570800
1332542016
1332740096
1334025000
1334244960
1335108096
1336500000
1337720832
1338618960
1340170000
1341900000
1342177280
1343692800
1343913984
1344000000
1345005000
1346096640
1346400000
1347637500
1347840000
1348199424
1348358400
1348401600
1349244000
1349507250
1350562500
1351365120
1352254176
1353088000
1353369600
1353646080
1354111668
1354890240
1354921344
1355118912
1355200000
1355902821
1355940000
1357831755
1358622720
1358954496
1360125000
1361367000
1362140000
1364262912
1365984000
1367777502
1368576000
1369470375
1369804800
1369856250
1370490880
1372000000
1372257936
1372769280
1372889250
1376530848
1377285120
1378630125
1379040000
1380483072
1381746600
1381895424
1382976000
1383793632
1383834375
1384998912
1385199326
1385281500
1386011250
1386275000
1386718750
1387736064
1389136011
1389960000
1391600000
1392768000
1394236928
1394291712
1394643096
1395654656
1396453125
1396965376
1397550000
1400263200
1401138000
1401753600
1402337664
1402469376
1403325000
1404000000
1404585000
1405800000
1406250000
1407580416
1409114112
1410156250
1411717248
1411979688
1412292210
1412437500
1414944000
1415019375
1415825892
1417052160
1418435928
1418723328
1419509760
1420492800
1422506250
1423082304
1423105200
1423737000
1425010596
1426063360
1426636800
1426665625
1428000000
1428985800
1429968000
1430956800
1431633920
1435045248
1435087500
1435218750
1437004800
1437016464
1440384000
1440600000
1440747000
1440795600
1441500000
1441792000
1441994752
1443536640
1443776512
1444271472
1444352000
1445670912
1445900625
1445959375
1446336000
1447383600
1448494488
1448979840
1449731250
1451520000
1453032000
1453125000
1454112000
1454494078
1454967360
1456227072
1456273728
1456965216
1457183520
1457467830
1458274104
1459759000
1459940625
1460203038
1461335040
1462763520
1464100000
1464415200
1464750000
1466058852
1466942400
1468263888
1470150000
1471111200
1471481856
1471531250
1472200704
1476068352
1476096000
1478794240
1479028005
1479389184
1481421312
1484246016
1484406784
1488000000
1488034800
1488195072
1489664000
1490239296
1492286328
1493290161
1493614080
1495203840
1495265625
1496031771
1496224672
1497600000
1499372208
1499452500
1500000000
1500625000
1500721625
1501534375
1503425000
1504189440
1504548864
1504935936
1505029248
1505433600
1505580615
1506445024
1507691250
1509637500
1511448120
1512300000
1513893888
1515618026
1516320000
1516879872
1518750000
1519000000
1520816128
1520830080
1521537024
1521633750
1521788928
1522679067
1523712000
1524508776
1524600000
1525859375
1526353920
1526726656
1528139520
1528495808
1532954808
1533312000
1533600000
1534132224
1536306750
1537907728
1540700000
1540767744
1542294000
1543012352
1543806250
1544065740
1544400000
1544489984
1545433344
1547030016
1547556192
1548800000
1549603224
1549681956
1550057472
1551807720
1552588128
1553125266
1555614720
1555848000
1556820000
1557135360
1558609920
1559559375
1560030381
1563051000
1563174288
1565550000
1565650944
1567385600
1567641600
1568294784
1568352000
1569835008
1571884380
1572243750
1573178112
1574809600
1576280250
1577731360
1579309056
1580544000
1581568416
1582031250
1584000000
1584821700
1584875160
1584934400
1588800096
1590400000
1593326592
1593877824
1597050000
1597157352
1597440000
1598165625
1599897600
1600000000
1600300800
1600967592
1602671616
1603603200
1603800000
1604227680
1605801834
1605998592
1607040000
1607445000
1608714000
1608837120
1609891840
1613001600
1613691072
1615904316
1616216000
1617165000
1617408000
1619200000
1620000000
1620675000
1621069632
1621687500
1623847500
1626379776
1627128000
1629250000
1629556299
1629752400
1630475000
1630720000
1631443968
1632586752
1634630382
1634661000
1634765625
1637625600
1638687375
1639085868
1639808226
1640051712
1640100000
1640250000
1642752000
1645207200
1645312500
1645600000
1646568000
1646800896
1647112500
1647843750
1652195328
1653918750
1654118400
1655976960
1657260000
1658880000
1659590625
1660608000
1662029824
1662512362
1664312832
1665677520
1666170880
1666598976
1668296000
1668803472
1669606400
1672151040
1673062560
1674000000
1674268750
1676400000
1676505600
1676902500
1677516800
1677829120
1678015872
1680315840
1681365600
1681750000
1682601984
1687944960
1689600000
1691353125
1691533312
1692639585
1693052928
1694209959
1694750652
1697153024
1698228224
1698693120
1698851560
1700000000
1700611200
1700784000
1700794368
1701337500
1703130624
1703520000
1705860000
1706987520
1708392448
1708875000
1710321480
1710720000
1711729152
1713318750
1713660000
1714176000
1715072373
1715175000
1716567552
1718200000
1718750000
1719343104
1719557784
1719926784
1720663560
1721036800
1721606400
1721957292
1724814000
1725384375
1727032320
1727183250
1727369280
1727391744
1727889408
1728000000
1729072818
1730146194
1730985984
1731891456
1732799250
1735086080
1735603200
1736000000
1736188344
1736217747
1736326368
1736437500
1736736768
1737551232
1738474920
1739010000
1740204648
1740264008
1742041728
1742110720
1742400000
1743362676
1746800640
1748238336
1749361250
1749600000
1750329000
1752922080
1754787840
1756379520
1757770632
1761177600
1761243750
1761607680
1762656256
1764000000
1764350000
1764646560
1765807992
1766209536
1768635648
1769782365
1771470000
1771875000
1773750216
1775000304
1775676357
1778112000
1778881500
1779570000
1781250000
1781263245
1781885952
1782335016
1782743040
1782891864
1783051200
1786050000
1786076160
1786232250
1786344000
1786447872
1787460000
1787822080
1788004120
1789200000
1792175000
1792336896
1792590336
1792709394
1796270580
1796850000
1797004440
1798045696
1798917120
1799445375
1800750000
1800994500
1803174912
1803360000
1805339340
1805895000
1808762724
1809229500
1809803250
1809949200
1811224800
1811718144
1811939328
1814078464
1815874848
1817088000
1817416960
1817600000
1818243000
1820342160
1820763750
1821574656
1822842630
1822986000
1824177888
1824533802
1825322688
1826265427
1826475000
1829101824
1829677248
1829998943
1830400000
1830519000
1831624704
1834284375
1835329860
1835351168
1836000000
1837080000
1837687500
1838889000
1840250880
1843200000
1844218368
1844736320
1845112500
1845120000
1847042000
1847577600
1849802752
1850314752
1851523947
1852181348
1852651008
1855488000
1857024000
1857345000
1858719744
1860043500
1860179712
1861937500
1862799120
1863400000
1864368128
1865553920
1866240000
1868149008
1868184000
1874048000
1874066544
1874400000
1874451456
1874923848
1876833000
1876953125
1878933504
1881600000
1881792000
1883007000
1883022336
1883056280
1883160576
1883250000
1884535296
1887701760
1888223232
1889310150
1889568000
1890355320
1891968750
1892160000
1894708179
1896675000
1898208000
1900014128
1900357200
1900964457
1901306880
1902071808
1903165440
1903172544
1904640000
1904684544
1905913800
1906128125
1906624000
1907203968
1908523008
1909615500
1910619760
1911195000
1912502144
1913187600
1913450000
1916006400
1916460000
1917726720
1918687232
1920923680
1921941504
1922000000
1922484375
1925695296
1926955008
1927867500
1928448000
1929571875
1930082175
1930456800
1930612480
1932975000
1933593750
1934445240
1934502507
1934622720
1934734375
1936000000
1937500000
1937864250
1939759650
1940962500
1942195200
1942620288
1943764992
1952752000
1953000000
1953967860
1954745136
1955266560
1956250000
1956769650
1957108608
1957797009
1958580000
1960200000
1962455040
1962887168
1962934272
1964160000
1964855475
1966080000
1966356480
1966472640
1966899200
1968128000
1968523264
1972000404
1974136320
1976349375
1976371488
1980342000
1980825000
1980900000
1981027125
1981093950
1982880000
1983062250
1983873024
1984000000
1984500000
1984893750
1987313664
1988759552
1988805312
1989038592
1990656000
1992729600
1993687500
1994709028
1995383808
1996488704
1997291520
1999270000
2000553984
2000580120
2002022400
2002755456
2003339520
2003927040
2005932600
2007808000
2009637000
2010255000
2011806720
2012850000
2012866688
2013137500
2015539200
2016400000
2017045800
2017198080
2017350036
2018525184
2020951296
2023562800
2023971840
2024755200
2024831250
2025000000
2025843750
2027143104
2027776000
2028571776
2028845000
2031616000
2032128000
2036954304
2039090625
2040056928
2040454962
2040733440
2041536000
2044800000
2046515625
2048385024
2048857335
2050064640
2050312500
2051893701
2053719360
2054784375
2055002400
2056509000
2057011200
2058386904
2059333875
2061636786
2063880000
2066242608
2067209375
2068948992
2069971200
2070311936
2070639207
2075328360
2077798989
2077922250
2078524800
2079412500
2080078125
2080800000
2082096900
2083248720
2084757750
2084893344
2085181488
2087400000
2088281250
2088960000
2090880000
2091059712
2092500000
2093285376
2096160768
2096325000
2096640000
2097152000
2097519840
2097570816
2099520000
2101707000
2102709375
2105344000
2105865216
2107812861
2108000000
2115234375
2116027368
2117640564
2118438315
2118656250
2118912000
2120004096
2120220672
2121292800
2122848000
2123366400
2123550000
2124224375
2124251136
2124382848
2129162112
2129600000
2130887500
2133759375
2136895488
2137344000
2137515894
2138400000
2141110272
2141510400
2141790336
2142770112
2144952000
2146636800
2147329548
2149908480
2150829450
2152008000
2152147968
2152336050
2152446615
2152631250
2157442560
2157969408
2159211600
2161692036
2162184192
2162250000
2163200000
2165380776
2166407208
2169504000
2170235430
2172530808
2173796352
2174596875
2174828544
2175351552
2176782336
2178187200
2179203345
2179687500
2180587500
2181741117
2182053888
2185447824
2185633125
2186735616
2186800000
2187911250
2189721600
2189998080
2190240000
2191152600
2191582008
2192214528
2192521500
2193750000
2193868800
2194339840
2194698240
2195943750
2196150000
2196504576
2197125000
2197213290
2197413036
2199088278
2200380000
2200638132
2204733440
2205225000
2205808200
2207015424
2207259990
2207296875
2207312640
2210203125
2210794560
2212761600
2212787500
2214144000
2214702000
2216450400
2217106944
2217703424
2218426947
2218750380
2218786816
2218825224
2221572096
2223601875
2228614830
2229919146
2232000000
2235870000
2236943750
2239767936
2239856640
2240000000
2240421120
2240909550
2241429504
2243494400
2245338225
2245918752
2247264000
2248664652
2248740000
2249178750
2250423000
2251243125
2252800000
2255137500
2256076800
2256674175
2258150400
2258202240
2258685000
2259667536
2259801992
2259900000
2260017396
2261536875
2263248000
2263800000
2264031000
2264371200
2264456250
2264924160
2268000000
2268450000
2273427039
2273771520
2275427700
2276849250
2276968320
2278500000
2280403125
2280535992
2281928922
2282450625
2283008000
2284880000
2285568000
2286377280
2287948800
2290996224
2292743712
2293235712
2294162325
2296728000
2297109375
2300781250
2300805120
2303290080
2304960000
2305195200
2305272960
2306861592
2307361000
2308331520
2312508744
2312831232
2315250000
2315709375
2315813760
2316734976
2318367744
2321280000
2322432000
2323200000
2323819520
2325054375
2325968750
2327947776
2331948528
2332639232
2333184000
2335151754
2335186260
2336256000
2337448960
2338875000
2341011456
2343750000
2346941142
2347107840
2348325000
2348523520
2350296000
2352240000
2352442176
2353820350
2358240000
2358365625
2358720000
2359737216
2361177000
2361753600
2362525000
2363122944
2363281250
2364291072
2364420375
2364538880
2365849600
2366444808
2367488000
2369250000
2369378304
2369695419
2371267872
2372287500
2375017660
2378317824
2378965680
2380218750
2380855680
2384640000
2385600000
2389782528
2389875840
2390279192
2391966720
2392326144
2392863011
2393766432
2395800000
2397044736
2400640000
2401000000
2401451388
2402500000
2408322048
2408693760
2408928984
2409451520
2409834375
2410616376
2413071000
2414739600
2415771648
2415919104
2416934619
2418056550
2418316992
2419200000
2421100000
2421638856
2422973952
2424965283
2425981250
2427045120
2427685000
2427715584
2432457216
2432531250
2435300000
2435558400
2436562944
2437939200
2438802432
2438955008
2440692000
2442459825
2443431420
2445520896
2445712500
2447760384
2451991500
2453815296
2454090912
2455818750
2456702976
2458090800
2458628802
2458931328
2460113920
2460150000
2465000505
2465205250
2465648640
2466250752
2467670400
2470505184
2470668750
2470984704
2471040000
2471765625
2473743360
2477695311
2479486464
2480000000
2480625000
2480878125
2482272000
2482892352
2484338688
2486006640
2489356800
2490912000
2492100000
2493386285
2493768543
2495840256
2496000000
2497651200
2499200000
2500000000
2500470000
2504665152
2506605750
2509650000
2509818696
2511000000
2511329184
2511403125
2514778812
2515806216
2516963625
2518105239
2518483968
2521687545
2522625000
2523156480
2525407632
2528900000
2531088000
2531250000
2535714720
2535800256
2535895040
2536314880
2542125978
2543200000
2543923200
2545156096
2546775000
2546899200
2548202976
2548479024
2550693888
2551979682
2552006250
2555117568
2555520000
2556887040
2558790000
2562175000
2562890625
2563312500
2566377216
2566914048
2568753000
2569461804
2570490000
2571264000
2571912000
2576941056
2577300000
2578125000
2579336676
2580192000
2582630848
2583819000
2587200000
2587464000
2587950000
2589468750
2590160384
2592000000
2592691200
2593080000
2594700000
2595219291
2595225600
2597683200
2602621125
2603390976
2604000000
2604060900
2604662784
2606175000
2606326848
2607918768
2610396012
2612697363
2612736000
2613600000
2614160250
2616284043
2616926208
2621899800
2624041875
2624832000
2627893125
2630403072
2630993750
2632974336
2634240000
2634508800
2635947360
2636209800
2636984000
2637856611
2639385000
2640000000
2641865625
2642782464
2642867136
2644088832
2645034210
2646497448
2646525000
2647831032
2649024000
2651616000
2654208000
2657205000
2658250000
2660511744
2661829632
2665084032
2666390400
2666496000
2668279320
2668644352
2668723200
2672672000
2673000000
2675441664
2676664320
2678400000
2680340000
2680853760
2681395200
2682368000
2682408960
2683800000
2684817408
2687385600
2688505344
2689064091
2690010000
2695680000
2698488000
2699014500
2700000000
2701125000
2702115045
2704508352
2706412500
2708223336
2711805642
2711943423
2714704875
2715254784
2715663510
2718162496
2719073280
2720250000
2720977920
2725719552
2726400000
2728772388
2729984000
2731145625
2731180032
2731349376
2733750000
2735555004
2736514368
2738940750
2739712500
2743606272
2744515872
2744668160
2745778500
2747437056
2748398496
2750651136
2750797665
2752856064
2753061696
2754990144
2756864000
2757260250
2759961600
2762100000
2763493200
2763790848
2767587264
2767668750
2770398652
2770563000
2772022500
2772550000
2773437500
2773437975
2774532096
2776032000
2778272022
2779920000
2781559872
2783200000
2785536000
2790940625
2792906250
2794162176
2795100000
2796208128
2800106496
2800526400
2800812168
2802276000
2802843648
2804675328
2805497856
2806650000
2807572992
2810830815
2813067264
2816529408
2818572288
2820312500
2821754880
2823434496
2823864120
2824077312
2824584420
2824875000
2825021745
2826793728
2826869760
2827832553
2829060000
2830038750
2831651784
2832049089
2834657280
2835000000
2835349504
2837056512
2837120000
2837953125
2839916448
2844284625
2844979200
2845012500
2846210400
2850021192
2851200000
2852881920
2853331250
2857971600
2859936000
2860389504
2860806592
2864160000
2864709632
2865571840
2868364224
2870090496
2870175000
2870437500
2874032928
2874690000
2875207104
2875392000
2879701632
2879815680
2880000000
2881591200
2882221056
2883000000
2886485760
2888542944
2891801250
2891918750
2892672000
2894767200
2895906816
2896800000
2897805312
2897959680
2899462500
2900390625
2902376448
2905459704
2906250000
2908988156
2910600000
2911334400
2912547456
2913930432
2914560000
2914935660
2916000000
2916548208
2917215000
2918982825
2919881250
2920406076
2924646400
2927177028
2927299200
2928200000
2928574464
2929500000
2932117704
2934579375
2935296000
2936012800
2936527776
2939328000
2940300000
2943062500
2944401408
2951578112
2952192000
2952450000
2952936000
2956800000
2958056010
2965950000
2966607000
2968772075
2971752000
2971987200
2976000000
2976069600
2976750000
2976793600
2977340625
2977413120
2978021376
2979100000
2980478592
2980758528
2984572656
2985255000
2986580322
2988194625
2990531250
2992063542
2998744416
2998905000
2999107584
2999808000
3001443250
3003068750
3005291520
3005859375
3006850000
3010867200
3011161230
3012811200
3012890048
3013425261
3013696000
3015079936
3015382500
3016582000
3019275000
3019530240
3020092416
3020160000
3020419584
3022896240
3023044608
3024568512
3024600000
3026458080
3028480000
3030027264
3031236052
3038000000
3038765625
3041472000
3043267500
3045358134
3047424000
3049462080
3051718750
3054289275
3055384800
3056991616
3057647616
3057932808
3059700480
3060000000
3064089600
3065610240
3072000000
3072075776
3072577536
3072613500
3075200000
3075815456
3078578664
3079296000
3084588000
3086608000
3086626816
3087612500
3088131480
3088800000
3088979968
3090866688
3092480000
3092655384
3095112384
3095575000
3097600000
3097866240
3099206448
3100299520
3103615440
3105423360
3105691875
3106250532
3110400000
3112725000
3115252224
3116883375
3119118750
3120060762
3120562176
3121348608
3123154944
3124085760
3124832256
3126348576
3130218000
3130831440
3131100000
3135799296
3136000000
3136589568
3143473515
3144241152
3144487500
3146356224
3147038720
3147724800
3149280000
3150592200
3152560500
3156671875
3156759540
3158618112
3161410560
3161483136
3163050000
3163680000
3163860000
3164062500
3168750000
3168844800
3169643400
3169750320
3170119680
3170893824
3171300000
3171942400
3174400000
3177984375
3180800000
3181922304
3183476736
3188646000
3194400000
3196211200
3196331250
3199046400
3200928192
3203226000
3205343232
3206273841
3209492160
3211603668
3211827255
3214688256
3214937088
3215953125
3217428000
3217760000
3218079744
3218407416
3221127168
3221225472
3221713440
3224371200
3224606112
3227273280
3228946875
3231808632
3234330000
3236992000
3241317359
3243375000
3246048000
3247695000
3248180000
3248471875
3251404800
3254256000
3255076125
3257908560
3258390625
3259112598
3260950000
3269260764
3269531250
3270758400
3271350528
3271557120
3272343552
3272428544
3273600000
3274425000
3276800000
3277260800
3277374750
3278171736
3279616452
3280103424
3280200000
3280346592
3280500000
3285950976
3287932928
3290625000
3294225000
3295687500
3298632417
3299815584
3304800000
3306455040
3307837500
3309216768
3312189440
3316950000
3317760000
3319181250
3320525376
3321216000
3322053000
3325024724
3325639680
3326400000
3328625664
3331355040
3332000000
3333197952
3336704000
3337606944
3339878400
3340846080
3341250000
3341827125
3343221000
3345826176
3348000000
3348537500
3348753408
3352960000
3353805000
3356031744
3357997056
3359232000
3359637504
3361906944
3362512500
3363500000
3373232128
3373286400
3373768125
3374592000
3374784000
3375900000
3380635440
3382706250
3385279170
3386880000
3388419918
3389501304
3390408000
3390625000
3396684375
3401222400
3402639576
3402675000
3406261248
3411720000
3417750000
3419443755
3421440000
3422352384
3425697792
3426637500
3427320000
3428352000
3430144746
3433468416
3436400000
3437500000
3439115568
3441327120
3443212800
3443737680
3443914584
3444159488
3444224000
3448248320
3450600000
3450768750
3451171875
3451908096
3454366500
3454738560
3456649728
3457662624
3458145636
3458611200
3458880600
3459484080
3460292388
3462998315
3463400997
3465598500
3468000000
3471008992
3472000000
3472376688
3472435494
3472875000
3474822240
3475102464
3475180800
3480409296
3480528016
3481600000
3482320896
3483988200
3484800000
3485099520
3486725352
3487500000
3488953125
3494400000
3495951360
3496711680
3498722500
3500658000
3503554560
3505731840
3505844160
3508034400
3511517184
3511734912
3515541264
3518743761
3518760960
3522487500
3528700000
3529293120
3529300896
3530362563
3530730525
3531615984
3532035375
3532419072
3535488000
3537271296
3538944000
3539386368
3539441664
3539564730
3540418560
3543787500
3544921875
3550000608
3551352714
3557400000
3557763000
3558297600
3559140000
3561492480
3562240000
3562526490
3565783728
3567255552
3569184000
3569280000
3572464500
3573173088
3573639168
3577728000
3578400000
3578643875
3583180800
3583490625
3584673792
3585418788
3585455280
3586913280
3589511328
3592541160
3595124736
3598890750
3600676800
3601500000
3601989000
3603640320
3606800000
3607068672
3608550000
3609736704
3610678680
3613650432
3616800768
3618459000
3619606500
3621196800
3622449600
3627970560
3630956544
3634630272
3635200000
3636235195
3636756480
3638971875
3640684320
3641527500
3642413040
3643149312
3643669575
3644559360
3645685260
3645972000
3647119000
3648796875
3649067604
3649996800
3650400000
3652530854
3652950000
3657830400
3658203648
3659997886
3661038000
3662948352
3663249408
3665575936
3668568750
3670363125
3670659720
3673320192
3675375000
3677778000
3687936000
3687943203
3688312320
3688436736
3690225000
3690326304
3690693720
3691224064
3694084000
3696000000
3696030000
3697807875
3702620160
3703047894
3704362696
3705302016
3706003125
3707764736
3708633600
3712930000
3715891200
3720087000
3723875000
3726800000
3729053125
3732183000
3732946560
3733094400
3735245312
3735591048
3735715840
3736212480
3736298016
3736368000
3742200000
3745440000
3745560000
3748133088
3753195264
3753906250
3755372544
3757826709
3759360000
3760128000
3763584000
3766112560
3766500000
3773952000
3774873600
3778620300
3782961063
3783937500
3788645211
3788677152
3789416358
3789619200
3793350000
3794886144
3796632000
3799471104
3800028256
3801600000
3801928914
3804143616
3806345088
3806702592
3809369088
3812256250
3813188967
3813248000
3814209000
3814407936
3816028125
3818327040
3819231000
3822059520
3822390000
3824889120
3826900000
3827250000
3828009375
3832920000
3834675200
3836912625
3838513000
3840766875
3841600000
3842535424
3844000000
3844968750
3845472813
3847219200
3847340032
3851116731
3853910016
3854400000
3854718720
3855122432
3855735000
3856896000
3859143750
3860164350
3862651968
3863946240
3865950000
3867187500
3868890480
3869005014
3869468750
3869835264
3872378125
3874752000
3875000000
3875728500
3879519300
3882813165
3885240576
3886444800
3887529984
3888730944
3893760000
3897829019
3900000000
3906000000
3906250000
3907928064
3907935720
3909490272
3910464000
3910892544
3911600000
3913539300
3915594018
3920400000
3923186400
3929367552
3929710950
3929765112
3930400000
3932945280
3933208576
3935163141
3936256000
3941996544
3942432000
3944000808
3945037824
3945949425
3946490625
3948272640
3949811712
3950456832
3952698750
3952742976
3953409768
3957617664
3960684000
3962054250
3962187900
3966124500
3968000000
3968496000
3968520192
3969000000
3969787500
3974880000
3977610624
3982970880
3987375000
3989418056
3989610720
3998220288
3998540000
4002075000
4005324288
4009964400
4013162496
4013870080
4020510000
4025700000
4026275000
4026531840
4031661843
4031741952
4032000000
4032800000
4034700072
4037050368
4038289920
4039200000
4041785952
4042912500
4043309056
4045075200
4048551936
4049662500
4049740800
4050000000
4051687500
4057143552
4057432064
4057690000
4059264000
4060108800
4060287000
4060938240
4063232000
4064670720
4064764032
4065356736
4065600000
4067820000
4075868160
4076863488
4078181250
4080909924
4082400000
4086420000
4086575955
4092788736
4093031250
4094504960
4096770048
4097714670
4097952000
4103787402
4104218624
4106223616
4109414400
4109568750
4110417920
4113018000
4114800000
4115059200
4116000000
4118307840
4118667750
4122905600
4123273572
4126100000
4133127019
4134418750
4137120000
4138750504
4139942400
4141278414
4141449216
4147200000
4148928000
4151503125
4154996736
4155597978
4155844500
4156280905
4157049600
4158825000
4159569024
4160000000
4160156250
4160782080
4164193800
4166497440
4167408033
4168136000
4169515500
4170362976
4172166144
4174800000
4176562500
4180636800
4182710784
4182875136
4182976512
4186570752
4186963968
4189359375
4190896128
4192321536
4192650000
4195039680
4198144000
4199040000
4201750000
4202539929
4203140625
4203414000
4205260800
4205418750
4207408128
4209920000
4209975000
4213555200
4213755000
4215214080
4215625722
4217400000
4217935680
4218750000
4223016000
4227342336
4230468750
4232054736
4235034375
4235281128
4236876630
4237312500
4239872000
4244832000
4246732800
4247100000
4248448750
4251156480
4251528000
4256169984
4257826560
4258529280
4259200000
4261478400
4261775000
4265352000
4267518750
4269246912
4271211000
4271284625
4275031788
4277538720
4278190080
4279996875
4283580672
4284000000
4289904000
4290985125
4291854336
4294659096
4294901760
4299750000
4301658900
4304672100
4304893230
4305262500
4317184000
4317958125
4318423200
4321152000
4321800000
4322682045
4323384072
4324500000
4325376000
4325984256
4328587264
4329472000
4330761552
4333056000
4337012736
4337701875
4337878125
4339008000
4340419328
4340470860
4345061616
4345483464
4347592704
4349193750
4349962656
4354560000
4358406690
4359096000
4359375000
4361175000
4361543680
4363482234
4368681216
4370895648
4371266250
4372880256
4373600000
4374822312
4375822500
4379277000
4379443200
4380480000
4382305200
4384005120
4384178176
4385043000
4388290560
4388656896
4390400000
4391887500
4392300000
4393245600
4394250000
4394426580
4394826072
4397249024
4398176556
4400000000
4400862921
4401276264
4405854208
4407312384
4410450000
4410829080
4411616400
4414519980
4414593750
4420406250
4421589120
4425575000
4425974784
4428205056
4428288000
4429404000
4436382720
4436853894
4437500760
4438167552
4444160000
4444263936
4447203750
4452738048
4453220352
4457229660
4459838292
4461107200
4464000000
4465580625
4468992000
4473887500
4474695680
4480842240
4481819100
4484516400
4485796875
4488095313
4488674016
4489792000
4490284032
4490676450
4491160128
4492800000
4496558157
4497329304
4498357500
4499808768
4500000000
4501875000
4502164875
4502486250
4504603125
4505600000
4508614656
4510275000
4511223808
4513348350
4514807808
4515087744
4517370000
4518182592
4519335072
4520034792
4521005280
4523073750
4526496000
4528062000
4528912500
4531788800
4536000000
4536900000
4541681664
4546713600
4546773000
4546854078
4548960000
4550639616
4550855400
4551966720
4553698500
4553936640
4556250000
4557000000
4557106575
4560806250
4562448384
4563857844
4564611072
4564901250
4565366784
4569760000
4571136000
4572677120
4572754560
4573526328
4573800000
4577578125
4579061760
4580179968
4580664160
4584195000
4584418560
4585487424
4588324650
4590421875
4591304704
4594218750
4599936000
4600800000
4601562500
4602396672
4604760576
4609476608
4610545920
4613723184
4621925000
4622100000
4622303232
4628008448
4629037056
4631418750
4631627520
4633469952
4635131904
4636735488
4637065216
4640328000
4641090048
4643730000
4646400000
4649045868
4650108750
4650172416
4651937500
4663897056
4666844160
4667544000
4670303508
4670372520
4670460000
4671406080
4675829760
4677750000
4678678125
4682022912
4689153000
4690595000
4693882284
4696650000
4700592000
4702156800
4702924800
4704480000
4705056000
4707640700
4709505024
4712885856
4716731250
4723275375
4724428800
4725050000
4726562500
4728427520
4728840750
4729725000
4730000576
4732889616
4733194080
4739390838
4741632000
4744705248
4750035320
4752000000
4754803200
4754997248
4760437500
4761711360
4763584000
4771200000
4773600000
4775351679
4780558384
4780782000
4784652288
4785726022
4787221257
4792320000
4794247359
4794496875
4799692800
4800000000
4802000000
4802902776
4810809600
4811400000
4817387520
4817857968
4817995776
4819668750
4820497920
4821120000
4826142000
4826511360
4829675520
4833869238
4836113100
4836633984
4848615424
4848648000
4849399125
4849930566
4851039375
4851962500
4852224000
4853515625
4855370000
4860000000
4862025000
4864751136
4864914432
4865062500
4865253120
4867555328
4870600000
4873696000
4874688000
4878832000
4879139328
4880957440
4881384000
4884919650
4886862840
4887750000
4891425000
4892160000
4894331904
4895396352
4895520768
4897760256
4900921200
4903983000
4904296875
4904976384
4908024576
4908181824
4910450688
4911248160
4911637500
4914923832
4916181600
4917257604
4920300000
4920750000
4928256000
4930001010
4930410500
4935340800
4936800000
4940402688
4940928720
4941010368
4941337500
4943517696
4943531250
4943980800
4946676224
4947181568
4952734875
4952920000
4955390622
4956585984
4956893312
4961756250
4962355200
4965784704
4967930880
4968677376
4978771875
4980868200
4981616640
4981824000
4984200000
4986089472
4986772570
4987537086
4994401568
4995923968
4998400000
4998512640
4999796928
5004888000
5008819200
5013211500
5018435744
5019300000
5021678592
5022000000
5022658368
5022806250
5023265625
5025564999
5029200000
5029557624
5030030016
5032550400
5033487360
5033927250
5035261952
5036210478
5036466357
5037500000
5038407680
5040947520
5042784600
5043375090
5044096800
5045250000
5053640625
5057800000
5062176000
5065842600
5068800000
5069675520
5071429440
5071600512
5072505984
5074059375
5074599936
5079158784
5083693056
5084251956
5087890625
5091459072
5093498707
5094684672
5096554680
5096958048
5100000000
5101137405
5102352000
5102383104
5103959364
5104012500
5109398125
5110560000
5110710633
5112402944
5112446976
5120000000
5120962560
5125177344
5125781250
5126625000
5132160000
5132754432
5134220000
5135187456
5137506000
5138923608
5140980000
5142528000
5145525000
5149702656
5150359375
5152702464
5154091965
5154600000
5155488000
5156250000
5158029312
5158673352
5158830625
5159780352
5163110400
5163637248
5166971208
5178937500
5180320768
5183668224
5184000000
5190438582
5192087040
5195674368
5196312000
5200936960
5201985536
5202247680
5205242250
5205258240
5206809600
5208000000
5208121800
5212350000
5212653696
5215207680
5215837536
5217030000
5220792024
5225394726
5226125184
5226332160
5227200000
5227785117
5228320500
5230002176
5230697472
5232568086
5239080000
5240401920
5243799600
5247802728
5248083750
5248800000
5250987000
5251689027
5255786250
5257726848
5261987500
5262326784
5264363520
5269138560
5270484375
5275713222
5277504375
5281408000
5282200000
5283532800
5283731250
5284823040
5287968768
5290068420
5292000000
5293050000
5299126272
5303203840
5303232000
5304663091
5305794560
5314410000
5316500000
5321250648
5330168064
5338710000
5343750000
5343789735
5346000000
5347265625
5349153600
5350883328
5354844768
5358228480
5359032000
5359343616
5360680000
5362380000
5363466240
5364012360
5367600000
5368545280
5373952000
5374771200
5376525000
5377073625
5377771008
5378128182
5380020000
5390550000
5391360000
5394137088
5396976000
5398029000
5402250000
5403321875
5404230090
5405400000
5405714944
5409016704
5409524736
5410080000
5416446672
5423611284
5423886846
5425588575
5429409750
5429847600
5431327020
5431536000
5435154432
5435817984
5435938431
5436288000
5440500000
5441022720
5442235392
5444096000
5447624544
5451264000
5452250880
5452595200
5454729000
5456000000
5462291250
5467244320
5469778125
5471110008
5473632256
5474304000
5477881500
5478796281
5479425000
5489031744
5489996829
5491200000
5491557000
5492460960
5493033225
5494832640
5501595330
5502853125
5506053504
5506123392
5508000000
5509140480
5510758400
5514520500
5518149975
5518440576
5519404800
5525107200
5526986400
5527581696
5528549376
5529346875
5529600000
5534208960
5535174528
5535337500
5535360000
5536128125
5540797304
5541126000
5542732800
5544045000
5544957600
5545100000
5546875000
5546875950
5549408256
5556544044
5556600000
5559840000
5561892864
5566400000
5566464000
5567927040
5571072000
5571537075
5572035000
5574381120
5576159232
5579892736
5580539136
5581881250
5585812500
5590200000
5593104384
5596661760
5598720000
5601052800
5604552000
5609350656
5610996875
5613300000
5617055808
5619418112
5621661630
5622144000
5623200000
5623354368
5624320000
5624771544
5630499000
5630859375
5636800512
5640625000
5644800000
5646868992
5647506659
5649168840
5649750000
5650043490
5653605888
5655665106
5658368000
5660077500
5663303568
5664098178
5664669696
5668704000
5669637120
5671065960
5675906250
5685313536
5688569250
5690025000
5692420800
5693995008
5696996760
5700042384
5703750000
5703920640
5706215424
5706662500
5709496320
5713920000
5714053632
5715360000
5715943200
5718384375
5719872000
5721206337
5725569024
5731859280
5732306944
5737506432
5739012864
5739328791
5739562800
5740180992
5740350000
5740875000
5748065856
5753180160
5754585088
5756061696
5760720000
5761082880
5762771040
5763182400
5764352000
5764801000
5765824512
5766000000
5767453125
5777085888
5780000000
5783602500
5783837500
5785344000
5789534400
5791370400
5791837440
5795919360
5798925000
5800781250
5803259904
5803507521
5803868160
5804203125
5808000000
5812500000
5817976312
5818793267
5821949952
5822887500
5824000000
5825094912
5826585600
5827860864
5829871320
5833096416
5837879385
5837965650
5839762500
5840812152
5844627625
5852891520
5853461760
5856400000
5858256000
5859000000
5859940625
5864235408
5867352855
5868750000
5869158750
5871191040
5873055552
5873391027
5875740000
5880600000
5884550875
5886125000
5887365120
5888661504
5888802816
5892480000
5898240000
5898977280
5899069440
5900697600
5901299712
5904384000
5905109952
5905569792
5911805952
5916112020
5919264000
5935820800
5937544150
5942475000
5942700000
5945425920
5948640000
5951619072
5952000000
5952139200
5954681250
5956065280
5959601973
5960012400
5960957184
5961940992
5962880000
5966278656
5967115776
5969145312
5971968000
5973160644
5975840000
5976389250
5978188800
5981062500
5984127084
5986151424
5987520000
5988554208
5989466112
5996615625
5997488832
5997810000
6002886500
6006067200
6006137500
6011718750
6011781120
6013700000
6015625000
6017260041
6017797800
6021734400
6022322460
6023424000
6025780096
6026850522
6028911000
6030765000
6036800000
6038550000
6038600064
6039412500
6045141375
6045792480
6046617600
6049200000
6061260800
6062472104
6064797375
6065100800
6070688400
6071915520
6074265600
6076000000
6077531250
6081143040
6081429312
6083328000
6086535000
6090716268
6094848000
6096065184
6096384000
6103437500
6106161152
6108578550
6113983232
6122200320
6122764375
6124608000
6130598400
6133748264
6134400000
6135227280
6145227000
6146560000
6146800000
6151630912
6160050000
6164353125
6169176000
6171033600
6175160712
6175225000
6176262960
6177600000
6177959936
6178001625
6179217664
6181733376
6190224768
6195200000
6198412896
6198727824
6201165600
6201628125
6206250375
6206846976
6207230880
6210935808
6211383750
6212501064
6219113472
6221824000
6225985080
6228495000
6233396967
6233766750
6238237500
6240121524
6240234375
6242400000
6252697152
6254680032
6262200000
6262837000
6264573952
6265600000
6266880000
6272640000
6273179136
6276809448
6277500000
6278322960
6286947030
6287537520
6288975000
6289920000
6291456000
6292712448
6304258048
6305121000
6313343750
6316032000
6317236224
6324000000
6328125000
6339286800
6339500640
6344504320
6345703125
6345799200
6350400000
6355314945
6355968750
6356736000
6360012288
6360662016
6361600000
6363878400
6365482200
6370099200
6372673125
6372753408
6373148544
6378750000
6379949205
6380451000
6385868307
6392662500
6396416000
6401278125
6410686464
6412032000
6412547682
6415200000
6417873000
6418185984
6419492352
6423207336
6423330816
6423654510
6424531200
6424704000
6428310336
6431906250
6434856000
6439910400
6449725440
6453907200
6455635928
6456443904
6457893750
6463617264
6464647000
6468660000
6473908224
6475400960
6480000000
6482634718
6486552576
6486750000
6489600000
6495390000
6496943750
6499221624
6501222000
6508512000
6510152250
6510938112
6516781250
6518225196
6521900000
6523790625
6524485632
6530347008
6538521528
6539062500
6545223351
6546161664
6548945920
6551003648
6554749500
6556343472
6556387617
6559232904
6560206848
6560400000
6561000000
6563823616
6569994240
6570720000
6576643584
6576668672
6581250000
6583019520
6584094720
6588450000
6589513728
6591375000
6593327104
6597264834
6601140000
6606204696
6612585525
6614200320
6615675000
6620020736
6621046272
6621890625
6623907840
6635520000
6638284800
6638362500
6642432000
6643012500
6647906304
6649351200
6650049448
6652854000
6656360448
6657251328
6662710080
6663700480
6664716288
6666395904
6671224800
6675213888
6676660224
6683654250
6693094800
6696000000
6697075000
6703796736
6707610000
6710886400
6712063488
6716915712
6719303808
6719569920
6720000000
6724288512
6727000000
6730483200
6740997120
6741792000
6742008000
6744342528
6746220000
6747536250
6748697088
6750027648
6756825600
6758400000
6759200000
6765412500
6765440000
6768230400
6770558340
6774451200
6776839836
6779002608
6779405976
6779700000
6782524875
6784610625
6789158775
6791400000
6793113600
6793368750
6794415656
6794772480
6802444800
6804000000
6805350000
6806835000
6811354368
6811361199
6812522496
6820281117
6821314560
6823100000
6823440000
6833340416
6835500000
6838887510
6841607976
6842505969
6842880000
6847351875
6849024000
6852454400
6853275000
6853463136
6854640000
6856704000
6860289492
6861289680
6863846400
6872800000
6872988672
6875000000
6875747424
6878231136
6879707136
6882331833
6882654240
6886425600
6887829168
6890184000
6893150625
6899200000
6901537500
6902343750
6902415360
6908280832
6908733000
6909477120
6914880000
6916291272
6920584776
6922083000
6922240000
6924994560
6925996630
6926801994
6931197000
6938493696
6938680320
6944000000
6944753376
6944870988
6945750000
6947128125
6950204928
6955103232
6960818592
6961056032
6963840000
6969600000
6970219776
6971458560
6973215480
6973450704
6974263296
6977906250
6978273280
6997445000
6997917696
6999552000
7001316000
7008768000
7011688320
7012346880
7020000000
7031082528
7031250000
7037487522
7037902080
7043200000
7044975000
7045570560
7057326528
7057400000
7058586240
7059662244
7059898440
7060725126
7061461050
7063231968
7064070750
7064838144
7074542592
7074720000
7075096875
7079129460
7079211648
7085260800
7086909375
7087769568
7089843750
7092179640
7093261125
7093616640
7096768000
7097545728
7097548800
7100001216
7102464000
7102705428
7108134912
7110656000
7115526000
7116862500
7118280000
7125052980
7125694875
7130316800
7131567456
7133184000
7134953472
7141592367
7144929000
7154784000
7156800000
7157287750
7158169600
7166981250
7168000000
7169347584
7170837576
7178589033
7181299296
7185024000
7185082320
7187400000
7191134208
7197781500
7201920000
7203000000
7203735000
7203978000
7207500000
7208960000
7209973760
7217683200
7221357360
7224966144
7228354560
7231849128
7235050896
7236918000
7239213000
7242472440
7244899200
7247314944
7247757312
7257600000
7263025000
7263300000
7268921856
7270400000
7270560000
7272470390
7274836800
7277943750
7281135360
7281368640
7283055000
7283146752
7285917600
7286298624
7287339150
7291370520
7291944000
7293141504
7297371648
7297593750
7298135208
7305061708
7305900000
7306675200
7308160119
7309688832
7313817600
7316407296
7316865024
7319995772
7322076000
7326498816
7334712000
7336562688
7337137500
7340726250
7341319440
7349861376
7350750000
7355556000
7360989291
7361445888
7370108928
7375886406
7376793984
7376873472
7380341760
7380450000
7388168000
7393750000
7393971200
7395140025
7395615750
7396945920
7398752256
7406095788
7408725392
7410233683
7410604032
7412006250
7412954112
7413120000
7415296875
7421230080
7432425000
7440000000
7440174000
7442634375
7447750000
7448320000
7453600000
7458106250
7466450805
7468070400
7472596032
7472736000
7476019200
7480158855
7481123360
7481305629
7488000000
7496266176
7496861040
7497600000
7500000000
7503125000
7504862976
7507812500
7515653418
7515963392
7516192768
7520947200
7524679680
7527168000
7527903075
7532225120
7533000000
7534209375
7548847488
7557240600
7565922126
7567875000
7568359375
7569469440
7577290422
7578832716
7581600000
7586146304
7586700000
7593750000
7600056512
7603857828
7604080640
7604150400
7607685120
7608287232
7608944640
7612690176
7617431808
7618738176
7622543880
7624512500
7626377934
7626496000
7626953125
7628815872
7629600000
7631769600
7632056250
7633633280
7635468288
7638462000
7640325000
7640697600
7644780000
7652081664
7653800000
7656018750
7664774040
7665352704
7665840000
7666560000
7670661120
7673825250
7676370000
7681533750
7685803125
7686525000
7688000000
7689445344
7689538640
7689937500
7690945626
7692765696
7696808973
7700742144
7702233462
7707820032
7711470000
7712796672
7713792000
7715061760
7718287500
7720328700
7726233600
7727166720
7730823168
7731900000
7734375000
7735150080
7737780960
7738010028
7738937500
7740576000
7741274112
7744756250
7745660000
7747892544
7750000000
7750287360
7751457000
7759038600
7761600000
7762940640
7763850000
7765626330
7769344000
7770481152
7775059968
7778073600
7779240000
7784100000
7784628224
7785657873
7785676800
7793049600
7795658038
7800151905
7804717011
7810172928
7812000000
7813988352
7814560000
7815871440
7818980544
7827078600
7828254720
7829303125
7831188036
7836928000
7838208000
7840800000
7850778624
7859421900
7865890560
7868791008
7870326282
7872125625
7872512000
7874000000
7874048000
7874496000
7884800000
7888001616
7888656800
7891209216
7891898850
7892981250
7896545280
7898923008
7902720000
7905397500
7905485952
7907842080
7910952000
7920000000
7921368000
7924108500
7924375800
7924672000
7925596875
7932249000
7936000000
7937491968
7938000000
7939492344
7939575000
7944000480
7949754423
7955221248
7966632960
7968972375
7969389120
7974750000
7975795464
7978836112
7985250000
7985488896
7986751227
7995520000
7997080000
7999488000
7999984000
8000000000
8001504000
8005933056
8018016000
8021138400
8029992960
8035200000
8037225000
8041020000
8044185600
8047104000
8048495000
8049459200
8051400000
8052550000
8054452224
8062976000
8063323686
8065008000
8065516032
8065600000
8067192273
8068455360
8069400144
8074100736
8087040000
8092000000
8096000000
8099325000
8100000000
8103375000
8105348160
8114287104
8115380000
8119237500
8122622976
8126464000
8140890625
8144114625
8148762000
8153600000
8154487488
8156362500
8157219840
8161819848
8173031139
8173151910
8177158656
8179200000
8179297137
8186062500
8188128000
8189952000
8193436875
8193540096
8194048128
8195429340
8201250000
8207574804
8209543104
8219137500
8219667456
8226036000
8230818816
8232840000
8234004480
8237335500
8242311168
8245195488
8246547144
8248078125
8251953408
8253440000
8258568192
8264970432
8266254038
8268837500
8270592000
8272318752
8279884800
8282556828
8286300000
8292800000
8300600000
8303006250
8303765625
8308017153
8310149120
8311195956
8311689000
8312561810
8314099200
8317650000
8320312500
8323596288
8328320000
8328387600
8330765625
8330854400
8332994880
8334816066
8338491392
8339031000
8340725952
8344017360
8348032000
8349600000
8353125000
8356787712
8360755200
8365312800
8372821875
8373141504
8378718750
8382528000
8382844197
8384643072
8385300000
8387584000
8388624384
8389145600
8390079360
8398080000
8400319488
8401579200
8405079858
8406281250
8406828000
8408530944
8410837500
8416493568
8422718976
8431251444
8439201792
8439724800
8455716864
8457666560
8460937500
8463197925
8464109472
8465264640
8470068750
8470562256
8472231936
8473753260
8474625000
8485765120
8487180000
8489318400
8490934375
8491141120
8493465600
8494200000
8494257800
8496897500
8500000000
8503971840
8506048512
8511169536
8511360000
8513505000
8513859375
8518400000
8519680000
8519749344
8523550000
8534937600
8535037500
8539167744
8542569250
8546879488
8550063576
8551607400
8553600000
8558645760
8559993750
8567161344
8579808000
8581168512
8581548032
8581970250
8582419776
8582837760
8585740288
8589318192
8592480000
8594128896
8595365625
8596715520
8599633920
8603317800
8605184000
8608032000
8609344200
8609786460
8610525000
8621390196
8624000000
8624070000
8635161600
8635916250
8636846400
8639104896
8639447040
8640000000
8645364090
8646768144
8649000000
8659457280
8661523104
8675403750
8675430400
8675756250
8678016000
8680941720
8681088735
8681631840
8683683840
8686199808
8687720448
8690123232
8690400000
8692374600
8693415936
8695185408
8698387500
8701171875
8707129344
8710553600
8716379112
8716813380
8718750000
8722350000
8726964468
8731800000
8734003200
8741791296
8742532500
8743680000
8746223616
8747200000
8748000000
8751645000
8758886400
8760960000
8764610400
8770086000
8773120125
8773939200
8781897600
8783775000
8784600000
8785723392
8788500000
8788853160
8789652144
8795840625
8796353112
8801725842
8802552528
8805888000
8808038400
8813281280
8820900000
8823232800
8829039960
8829187500
8838926712
8840812500
8843178240
8848911825
8851150000
8854734336
8856576000
8857350000
8858808000
8859375000
8870400000
8873707788
8875001520
8882306048
8887328000
8890560000
8894407500
8899821000
8906316225
8909429760
8911675080
8913715200
8914459320
8915256000
8919009792
8919676584
8928000000
8930250000
8930380800
8931161250
8931928887
8932021875
8932239360
8937300000
8939110400
8940020600
8942275584
8947775000
8961684480
8963638200
8971593750
8976190626
8981352900
8985022200
8993116314
8993600000
8994585600
8994658608
8996715000
8997322752
8999424000
9004329750
9004972500
9009073125
9009206250
9011200000
9015874560
9020550000
9026696700
9034537824
9034740000
9038670144
9040069584
9041088000
9043813620
9045239808
9046147500
9049746000
9052160000
9052992000
9056124000
9057825000
9058590720
9060277248
9060480000
9063140625
9068085248
9069133824
9070392320
9072000000
9073705536
9073800000
9079374240
9085440000
9087084800
9089473536
9093708156
9101710800
9107397000
9107873280
9114000000
9114213150
9114902784
9115194816
9116296875
9118498816
9120889440
9121612500
9124416000
9127715688
9129802500
9131327135
9139520000
9142272000
9145509120
9148778496
9149994715
9155156250
9155915776
9168524288
9170974848
9172942848
9173798424
9176649300
9180000000
9180843750
9185400000
9188437500
9201254400
9203125000
9208478125
9216000000
9216227328
9217732608
9221091840
9223681600
9225600000
9227446368
9227520000
9235735992
9237888000
9251573760
9257619735
9259824000
9259880448
9262765125
9262837500
9263255040
9266939904
9273470976
9274720000
9277440000
9286725000
9292800000
9293598720
9300217500
9300898560
9303875000
9313995600
9325974528
9327769600
9327794112
9331200000
9338175000
9340607016
9340745040
9345756672
9348432896
9350650125
9353919043
9355500000
9357356250
9361686528
9364045824
9369464832
9370240000
9370332720
9372257280
9387764568
9393300000
9401184000
9407397888
9408000000
9408960000
9415035000
9415111680
9415281400
9415802880
9420368256
9423253125
9432723456
9433462500
9438508800
9441116160
9443174400
9446550750
9447840000
9450100000
9451776600
9453125000
9457681500
9460800000
9465779232
9470015625
9475854336
9478781676
9484449408
9486400000
9489150000
9491040000
9491319747
9494544384
9500000000
9500070640
9501786000
9504822285
9506250000
9506534400
9510359040
9512681472
9513900000
9515827200
9520875000
9523200000
9523422720
9529569000
9533953125
9542400000
9545766912
9550430208
9550703358
9553098800
9556824771
9561116768
9563733504
9565938000
9569304576
9571452044
9574442514
9580032000
9583200000
9588494718
9588633600
9588993750
9593436160
9604000000
9604618400
9605805552
9618821523
9626812416
9628476480
9634775040
9635715936
9636401152
9639337500
9644811264
9650410875
9652284000
9653062400
9653280000
9654239232
9655222248
9663381504
9663676416
9667738476
9672226200
9672512535
9673113600
9673267968
9680000000
9686840625
9687500000
9698798250
9699861132
9702078750
9703925000
9707031250
9710740000
9710976000
9714152448
9723952077
9729720000
9729828864
9730125000
9741200000
9744540000
9745415625
9759658496
9762501672
9762768000
9769582592
9769839300
9773725680
9775171875
9776332800
9778757632
9782850000
9791041536
9797894144
9807966000
9808593750
9812275200
9814051584
9814435840
9814671360
9816363648
9817030656
9817285632
9820800000
9823275000
9828000000
9830400000
9831782400
9832363200
9834496000
9834515208
9840600000
9841039776
9853062912
9860002020
9860821000
9863798784
9870681600
9882020736
9882675000
9883857816
9887062500
9895897251
9903515625
9905135625
9905469750
9910781244
9914400000
9919365120
9923512500
9929051496
9931569408
9936568320
9937354752
9943797760
9944711712
9946211616
9953280000
9953917875
9957543750
9961576128
9963648000
9966159000
9968400000
9973545140
9975074172
9976919040
9979200000
9982443520
9986457600
9986659375
9988160000
9996000000
9996800000
10002769920
10002900600
10010112000
10016697600
10018660608
10019635200
10026423000
10029663000
10038600000
10044000000
10045316736
10045612500
10046531250
10051129998
10054181376
10058880000
10059033600
10059115248
10064333440
10067854500
10072420956
10072932714
10073991168
10077461152
10077696000
10078912512
10085229000
10085990400
10086750180
10090500000
10093963264
10097480704
10101630528
10104756480
10107281250
10110464000
10115600000
10117814000
10119696384
10119859200
10121304375
10123776000
10124352000
10125000000
10127700000
10138880000
10142858880
10143201024
10148118750
10149046875
10160640000
10168503912
10171224000
10171875000
10175781250
10184771520
10186997414
10190053125
10193916096
10199815353
10200284640
10202274810
10203667200
10207918728
10208025000
10218313000
10218796250
10219040000
10219584375
10221421266
10231474176
10244286675
10250323200
10251562500
10253250000
10259468505
10265508864
10267057152
10267305984
10268596800
10275012000
10277093376
10277847216
10281960000
10285056000
10300405248
10300718750
10308183930
10309200000
10312500000
10317346704
10317661250
10331213040
10332478464
10332672000
10344744960
10349856000
10351559680
10351800000
10353515625
10355724288
10357875000
10360641536
10368000000
10369949184
10372987872
10375833600
10376641800
10380877164
10388994945
10390847488
10402540544
10402981632
10404000000
10410484500
10413026976
10416000000
10416243600
10417365504
10424466720
10424700000
10425307392
10425907440
10431675072
10437711921
10441584048
10444800000
10446004296
10446962688
10450789452
10451200000
10453031127
10454400000
10455570234
10456641000
10462500000
10465136172
10466426880
10466859375
10483200000
10485760000
10487599200
10487854080
10496167500
10503378054
10510740625
10511572500
10523975000
10526720000
10529326080
10531842048
10534551552
10535204736
10539064305
10540968750
10551426444
10555008750
10558439424
10558905984
10567462500
10572736000
10580136840
10586100000
10592191575
10597257216
10606464000
10609326182
10614240000
10615191203
10616832000
10618159104
10618324992
10621255680
10621600000
10628820000
10631362500
10633000000
10633199616
10634765625
10642046976
10645712896
10645810560
10658753469
10660336128
10672200000
10681015625
10684477440
10686720000
10687086592
10687579470
10692000000
10694531250
10698480000
10701766656
10707552000
10707600384
10707840000
10720917504
10721360000
10733184000
10735082631
10735200000
10735931625
10749542400
10754147250
10756256364
10760040000
10760739840
10762233075
10782720000
10784900000
10785374208
10787212800
10793952000
10796058000
10801086464
10804500000
10806643750
10808460180
10810920960
10812192768
10816000000
10818033408
10820400000
10821206016
10825650000
10829210112
10832036040
10832893344
10840951296
10841600000
10847222568
10847773692
10850402304
10851177150
10858819500
10862654040
10868116896
10871876862
10876757760
10881000000
10883911680
10890936000
10892869632
10896016725
10905600000
10908705585
10910269440
10915089552
10916915625
10920212667
10924582500
10927239120
10929447936
10933678080
10939556250
10940808672
10941357000
10942220016
10946390625
10949990400
10955763000
10957592562
10957910040
10958850000
10959556608
10968750000
10969344000
10971699200
10973491200
10978063488
10979993658
10983114000
10986066450
10988845056
10996727808
11003190660
11005706250
11012246784
11013730000
11019960576
11023667200
11029041000
11036299950
11036563200
11053006848
11053972800
11055163392
11058693750
11063808000
11063829609
11070349056
11070675000
11072256250
11073672192
11073920000
11081594608
11082252000
11084496896
11088000000
11088090000
11090200000
11092134735
11093423625
11093750000
11093751900
11094126120
11107860480
11113088088
11118009375
11119680000
11121600672
11123294208
11132800000
11136571875
11138790000
11142144000
11143074150
11153286144
11156640625
11157144768
11163762500
11171625000
11179350000
11180101464
11180400000
11187159375
11199283200
11200000000
11202105600
11205735936
11206773144
11207147520
11209104000
11211374592
11217472000
11218701312
11221993750
11226600000
11226691125
11229593760
11236320000
11236680000
11243323260
11252115000
11256215625
11261718750
11278080000
11279323467
11280384000
11281250000
11283370875
11290752000
11291011200
11293737984
11295013318
11295837504
11298337680
11299500000
11300086980
11304767025
11307684375
11311330212
11320155000
11321856000
11324620800
11326607136
11328196356
11339002323
11340013568
11347487424
11351812500
11363074048
11368857600
11377138500
11380050000
11384658432
11384841600
11389896000
11400084768
11404800000
11409555456
11413325000
11415040000
11420107776
11431886400
11436768750
11439566901
11439744000
11442412674
11442627000
11454981120
11466178560
11470811625
11473456896
11478657582
11480361984
11480700000
11481750000
11484028125
11485546875
11488176713
11496131712
11504025600
11515539000
11516450400
11524800000
11525976000
11526364800
11527606272
11532000000
11534906250
11541657600
11542020096
11542724608
11554171776
11563200000
11564156160
11565367296
11567205000
11567675000
11570688000
11579068800
11587955904
11591838720
11597850000
11601562500
11607015042
11608406250
11609505792
11612160000
11617134375
11619097600
11624256000
11625000000
11625271875
11628100000
11634208768
11635952624
11637586534
11639738880
11650189824
11655721728
11659742640
11663196160
11666192832
11667048448
11672748032
11675758770
11675931300
11678072000
11679525000
11681280000
11681624304
11687244800
11689255250
11693487057
11694375000
11700000000
11705057280
11708708112
11712800000
11718000000
11718750000
11719881250
11723784192
11728470816
11731392000
11734705710
11734800000
11735539200
11738317500
11742617600
11746111104
11746782054
11761200000
11769101750
11772250000
11777605632
11778213888
11788102656
11791200000
11799625728
11808768000
11811160064
11814400000
11815614720
11821455360
11822694400
11825989632
11829248000
11832224040
11837440000
11839471875
11840733184
11846250000
11848477095
11849435136
11851370496
11856339360
11875088300
11880071168
11887597568
11894828400
11904000000
11904278400
11905488000
11905560576
11909362500
11919203946
11919488256
11921914368
11924640000
11931141233
11938290624
11944667672
11946321288
11948912640
11949379200
11952778500
11958747136
11959833600
11962125000
11964315055
11968254168
11968832160
11969100000
11993231250
11994660864
11994977664
11995620000
12003200000
12005000000
12005773000
12006225000
12012275000
12012500000
12015972864
12023437500
12027400000
12034520082
12039487488
12041610240
12043468800
12044644920
12047257600
12049171875
12051560192
12052924416
12053081880
12053701044
12061530000
12073698000
12077100000
12077690625
12079595520
12084673095
12088631808
12090282750
12091584960
12091742208
12095225856
12096000000
12098400000
12114869760
12116901888
12117600000
12124944208
12128737500
12129594750
12129927168
12135225600
12152000000
12153318408
12154284576
12155062500
12157157376
12172296192
12173070000
12177792000
12180326400
12181432536
12182814720
12189696000
12194012160
12194292096
12194775040
12196070208
12196800000
12203460000
12206875000
12212299125
12217157100
12227604480
12227966464
12230590464
12237668352
12245528750
12259260000
12263638464
12269076480
12278366208
12283514880
12290454000
12293856000
12293911552
12300569600
12303190625
12303261824
12304394424
12312655872
12318670848
12325002525
12328243200
12328706250
12331253760
12338352000
12338593792
12348000000
12350450000
12352525920
12354923520
12355200000
12355919872
12356003250
12360655944
12363466752
12368716800
12378300000
12380449536
12388476555
12390400000
12396825792
12399381057
12400000000
12403125000
12403256250
12411360000
12412500750
12414461760
12416251512
12422767500
12424347648
12425002128
12430033200
12440502369
12446784000
12449908224
12454509375
12464990208
12466793934
12466931425
12467533500
12468842715
12473201664
12476345112
12476475000
12479201280
12480000000
12480243048
12480468750
12488256000
12500000000
12502224099
12502350000
12504408000
12505394304
12523325760
12524400000
12535765632
12546358272
12548132352
12548625408
12549093480
12560891904
12568078125
12572688384
12573894060
12577950000
12579031080
12585424896
12586319872
12592419840
12594432000
12596117625
12605250000
12608437725
12610242000
12615782400
12622224384
12626687500
12627038160
12629760000
12629925000
12634472448
12641265000
12652200000
12656250000
12678573600
12679001280
12679475200
12681574400
12682027008
12691406250
12698549248
12710629890
12711937500
12719616000
12723200000
12734496000
12741014880
12742395120
12745346250
12751022592
12753469440
12759898410
12768509952
12771736614
12775587840
12777258816
12777600000
12784435200
12785325000
12793950000
12802556250
12807740736
12809992601
12812800000
12813633000
12813853875
12821372928
12825095364
12831886080
12834570240
12839990625
12846414672
12847309020
12847458176
12852000000
12859560000
12863812500
12869712000
12872223000
12884705280
12884901888
12889904625
12909528576
12915787500
12916620288
12927234528
12929728000
12937320000
12948619264
12951552000
12952203264
12960667629
12963456000
12965269436
12965400000
12968557056
12973500000
12976128000
12977952768
12985761792
12988416000
12990780000
12993887500
12998046875
12999168000
13004623008
13011038208
13013105625
13013634375
13017024000
13020304500
13021257984
13033562500
13036450392
13039593840
13043800000
13047581250
13050576896
13063680000
13077043056
13077288000
13078125000
13078804375
13084631040
13087360000
13090446702
13106043648
13109499000
13112686944
13112775234
13118465808
13120413696
13120800000
13122000000
13124466936
13137831000
13152015360
13152534528
13161403125
13162500000
13164871680
13167984375
13171200000
13172544000
13176900000
13179736800
13181049000
13181630464
13182124032
13182750000
13189283055
13191747072
13194529668
13196925000
13200000000
13213912320
13217562624
13220444160
13225171050
13225918464
13231350000
13238436123
13239155160
13243781250
13245120000
13262957253
13271040000
13276725000
13284615168
13284864000
13300098896
13302558720
13306751199
13309148160
13313507328
13314502656
13325420160
13331952000
13332480000
13332791808
13340507544
13341396600
13342896875
13343221760
13343616000
13346368000
13350427776
13358214144
13359661056
13363360000
13365000000
13367308500
13378365000
13383321600
13387515008
13392000000
13394150000
13403001069
13404268800
13406976000
13412044800
13415220000
13421662500
13424087040
13424126976
13430810624
13436928000
13442526720
13450050000
13454000000
13454424704
13457390625
13464285939
13466022048
13469376000
13478400000
13495072500
13500000000
13505625000
13506494625
13507003125
13510575225
13513809375
13522458411
13530825000
13533671424
13541116680
13544423424
13545263232
13552000000
13553679672
13558005216
13558628875
13560365056
13565049750
13569221250
13573828125
13576273920
13578317550
13586737500
13590812480
13595366400
13604889600
13606354944
13610700000
13622722398
13625044992
13640562234
13643861940
13646880000
13651918848
13667139584
13668750000
13669264000
13671000000
13677775020
13682571840
13685011938
13685760000
13687345152
13693833216
13694703750
13696100352
13699760256
13706550000
13709280000
13713408000
13718031360
13720578984
13721400000
13723340800
13731250000
13732734375
13737185280
13740539904
13741992480
13745600000
13750000000
13753255680
13753988325
13756462272
13764663666
13765308480
13772851200
13773914112
13774950720
13775658336
13779662848
13784320000
13786301250
13786331625
13799808000
13802400000
13803075000
13804687500
13807190016
13817466000
13818954240
13828429824
13832582544
13834445625
13841169552
13851993260
13853603988
13862394000
13865775000
13866300000
13866909696
13867189875
13880160000
13884025344
13887111168
13888000000
13889506752
13889741976
13891500000
13894256250
13900409856
13907799360
13911195648
13921316864
13921637184
13922112064
13923270144
13939200000
13946901408
13947137604
13950517248
13955812500
13957707375
13975420928
13981040640
13994890000
14000532480
14002632000
14004060840
14011380000
14014218240
14019288192
14021528625
14023376640
14024636136
14027489280
14036034375
14054154075
14062165056
14067459000
14071785000
14074975044
14082647040
14089950000
14106470400
14108774400
14114800000
14115168000
14117172480
14119320600
14120386560
14121450252
14122922100
14125108725
14126463936
14128141500
14128515072
14129676288
14132800000
14133968640
14134348800
14145300000
14146659072
14149085184
14150193750
14158258920
14160245445
14173286400
14173818750
14175000000
14175150000
14176747520
14179687500
14185282560
14186522250
14190001728
14195720192
14199582240
14200002432
14205410856
14214835232
14221423125
14224896000
14231052000
14234115744
14236560000
14242078125
14250105960
14251389750
14256000000
14258680128
14263134912
14264409600
14264991744
14280398496
14283184734
14289858000
14290752000
14294073807
14304032960
14313600000
14314575500
14323765248
14325609375
14327859200
14333962500
14334558093
14337400000
14338695168
14341675152
14341821120
14350452480
14357178066
14370164640
14376035520
14376960000
14383490625
14395563000
14399078400
14400000000
14406000000
14407681024
14407956000
14408708328
14411105280
14415337125
14430015625
14432428800
14434200000
14442714720
14447160000
14453987328
14463360000
14470465625
14473836000
14476610304
14478426000
14479534080
14489026560
14489798400
14492183552
14494474449
14539899392
14540800000
14544940780
14545846272
14545944000
14555887500
14556672000
14560546875
14562737280
14566110000
14572597248
14574678300
14580000000
14582741040
14583888000
14586075000
14594914125
14595187500
14596270416
14602581504
14602665984
14610123416
14611800000
14616320238
14621088000
14623232000
14632814592
14635885140
14636496000
14637417984
14639991544
14642872320
14644152000
14652997632
14660141056
14663250000
14674275000
14676480000
14680064000
14681452500
14682638880
14682995712
14693280768
14696640000
14701500000
14711112000
14711949000
14712890625
14718965625
14721978582
14741056512
14751772812
14753746944
14754690027
14756000000
14757890560
14760900000
14762250000
14776336000
14780830752
14784768000
14790280050
14791231500
14799520125
14810400000
14812191576
14817450784
14820467366
14821208064
14824012500
14829750000
14830193664
14830593750
14840028672
14841544704
14843860375
14858760000
14859936000
14869570625
14869757952
14870679936
14880348000
14883968000
14885268750
14887065600
14890106880
14895500000
14903792640
14904134784
14907200000
14916212500
14922863280
14932901610
14936315625
14945192064
14945472000
14958268416
14960317710
14962611258
14983204704
14987771904
14992532352
14995537920
14999390784
15014664000
15015625000
15026457600
15031306836
15054336000
15055307232
15055806150
15064056000
15064450240
15066000000
15067126305
15068418750
15075399680
15082910000
15087432843
15087600000
15090057216
15097651200
15100462080
15105785856
15112500000
15114481200
15115223040
15122842560
15131844252
15132290400
15135750000
15136718750
15142400000
15150136320
15154580844
15157665432
15173400000
15178486401
15200113024
15206400000
15207715656
15216574464
15222178125
15223799808
15225380352
15237476352
15247310400
15249025000
15252706304
15252755868
15252992000
15253906250
15255117423
15257631744
15263671875
15264112500
15265096704
15271446375
15274377216
15276924000
15280496121
15284054016
15289560000
15289664040
15298502400
15300000000
15307056000
15307149312
15307600000
15312037500
15320448000
15328051200
15328194375
15331680000
15337208832
15341074056
15347650500
15352201216
15360000000
15360378880
15362887680
15363067500
15371606250
15375532032
15376000000
15379875000
15381891252
15393617946
15396480000
15402660000
15404466924
15405562368
15415640064
15422940000
15427584000
15433134080
15436575000
15440657400
15449107968
15451078125
15462400000
15463800000
15466880000
15468750000
15471421875
15474087936
15475561920
15476020056
15476491875
15477875000
15479341056
15483384576
15489331200
15489512500
15496032240
15500000000
15501497600
15502914000
15518077200
15519748608
15523923968
15527116800
15528988629
15531252660
15531776568
15540962304
15550119936
15551004672
15552000000
15571315746
15578178147
15587023104
15591316076
15600303810
15602810880
15605956608
15609434022
15615774720
15620428800
15624000000
15627100000
15631742880
15637961088
15651090000
15654157200
15658606250
15662376072
15675856128
15678375552
15678996480
15680000000
15681600000
15682947840
15690006528
15717367575
15718843800
15721205760
15721431264
15731781120
15735193600
15740652564
15744251250
15745024000
15746400000
15747533568
15752961000
15776003232
15783797700
15785962500
15788226375
15793090560
15807052800
15807415680
15810795000
15810971904
15818613944
15819300000
15820312500
15842736000
15844224000
15846600000
15848217000
15848751600
15850598400
15851193750
15854469120
15859712000
15861942272
15863906304
15864498000
15872000000
15876000000
15879150000
15881541632
15899508846
15905553125
15909611520
15910442496
15913989273
15917383680
15928104951
15937944750
15943230000
15949500000
15957672224
15962821875
15963751944
15973502454
15981056000
15994160000
15995232000
16004640960
16016130000
16031250000
16031369205
16047460800
16059136275
16059346875
16074685440
16077096000
16078030848
16082040000
16087140000
16090398720
16092037080
16102800000
16105100000
16105635840
16108567200
16121856000
16123030560
16126647372
16129575000
16131200000
16133313024
16134384546
16136366400
16136737183
16138800288
16148201472
16151527000
16171650000
16182411264
16184960000
16186300416
16187561208
16189818624
16198650000
16200000000
16206304000
16206750000
16209965625
16217144832
16228574208
16230240000
16230760000
16244992000
16252928000
16257024000
16275380625
16281781250
16288229250
16289542800
16290560000
16295634432
16305463296
16307453952
16312725000
16323639696
16326706176
16328474624
16332288000
16342873632
16346062278
16346303820
16353792000
16356752640
16357785600
16358594274
16362142720
16364187000
16368000000
16372125000
16384000000
16386304000
16386873750
16387080192
16390858680
16401732960
16415149608
16415200000
16420896768
16429754880
16436388843
16438275000
16439664640
16452072000
16467095232
16469990487
16473600000
16474671000
16493094288
16496156250
16499077920
16508559375
16511040000
16518160512
16523818857
16524000000
16528239000
16532275200
16532508076
16537675000
16541860608
16546083840
16550037504
16559769600
16560947200
16565113656
16584750000
16587867933
16588800000
16598875104
16602626880
16606012500
16606080000
16607531250
16608384375
16616034306
16622391912
16623378000
16625123620
16628198400
16635300000
16640625000
16648224768
16656775200
16661531250
16665989760
16669632132
16678062000
16681451904
16683520000
16688664576
16699200000
16699392000
16704230400
16706250000
16713216000
16716105000
16728477696
16729130880
16741617408
16743767040
16745643750
16746283008
16757437500
16765688394
16769286144
16770600000
16779313152
16780158720
16789985280
16796160000
16809534720
16810159716
16812562500
16813656000
16821675000
16832990625
16858254336
16862502888
16866160640
16866432000
16868840625
16869600000
16870063104
16872960000
16874314632
16891497000
16892578125
16900000000
16903177200
16910401536
16921875000
16926395850
16928218944
16934400000
16940137500
16941124512
16942519977
16947506520
16947700000
16949250000
16951471992
16960817664
16974756981
16975104000
16981868750
16986931200
16988400000
16989389824
16992041625
16993795000
16994009088
17006112000
17013197880
17027718750
17036800000
17047100000
17054827425
17070075000
17072685056
17085138500
17097218775
17100127152
17111761920
17118646272
17119987500
17128488960
17134322688
17141760000
17142160896
17155153125
17159616000
17163940500
17176707072
17178636384
17179738112
17190731250
17195577840
17196920832
17206635600
17212519296
17218688400
17219572920
17220797440
17221050000
17222160384
17241241600
17259540480
17263755264
17268185088
17271832500
17273692800
17288313120
17290728180
17293536288
17294403000
17297420400
17297473536
17298000000
17302359375
17314991575
17317004985
17323046208
17331257664
17340000000
17343867177
17350807500
17351512500
17355044960
17356032000
17356405248
17361883440
17362177470
17364375000
17374111200
17375512320
17375904000
17380246464
17390370816
17396775000
17402046480
17402343750
17402640080
17408000000
17410522563
17411604480
17412609375
17419941000
17424000000
17425497600
17433626760
17437500000
17444700000
17453928936
17456379801
17468662500
17470881792
17472000000
17479756800
17483558400
17483582592
17485065000
17494400000
17503290000
17517772800
17521920000
17526592512
17528659200
17529220800
17532656064
17533882875
17540172000
17546240250
17567550000
17568730872
17569200000
17574768000
17577000000
17577706320
17579304288
17579821875
17591681250
17592706224
17593804800
17603451684
17605105056
17606250000
17610643512
17620173081
17626736673
17627220000
17629249536
17629387776
17641800000
17646465600
17646504480
17651812815
17653652625
17658079920
17658375000
17662095360
17665984512
17666408448
17677440000
17681625000
17686356480
17694720000
17697208320
17697823650
17702092800
17702300000
17707820000
17713152000
17716709376
17717616000
17731706112
17747415576
17750003040
17750601792
17781295616
17788815000
17791488000
17807462400
17811200000
17812632450
17816092672
17827425000
17828100000
17828918640
17839353168
17845920000
17854857216
17856000000
17862322500
17863857774
17864043750
17865865440
17868195840
17885822976
17888640000
17895550000
17898835968
17901347328
17915904000
17923368960
17927276400
17927520000
17934566400
17935225000
17943187500
17947556640
17952381252
17958454272
17962705800
17968398336
17981271000
17981737216
17986232628
17989317216
17993430000
18003384000
18008659500
18009945000
18018146250
18018201600
18018412500
18022400000
18035343360
18040568832
18041100000
18046875000
18053393400
18069480000
18070272000
18077340288
18078415936
18080139168
18086733000
18092295000
18101600000
18104000000
18105984000
18110400000
18112248000
18115650000
18115800192
18118237500
18126281250
18139852800
18144000000
18147600000
18181175975
18183782400
18187416312
18195302400
18203421600
18212065200
18214794000
18215746560
18218347875
18222796800
18228000000
18228426300
18229860000
18232593750
18243225000
18244287936
18249984000
18252000000
18255431376
18259605000
18262654270
18279040000
18284544000
18288881541
18289152000
18291018240
18294856425
18299989430
18310312500
18313988301
18318483456
18327879680
18341949696
18353298600
18361687500
18366600960
18368293125
18373824000
18376875000
18395251875
18401244792
18403200000
18406250000
18409710375
18416956250
18439680000
18440400000
18441561600
18442183680
18451631520
18453468600
18454892736
18456120320
18458888000
18470420000
18493059375
18499477248
18500069952
18508621824
18513100800
18515239470
18525482136
18525530250
18525675000
18526510080
18530435072
18533879808
18534004875
18537652992
18538823680
18539817921
18543168000
18546941952
18579456000
18585600000
18596183472
18600435000
18604884375
18607750000
18620540928
18623582208
18632807424
18655588224
18664732800
18665472000
18677955240
18678579200
18681062400
18681214032
18681490080
18700190901
18701300250
18707838086
18711000000
18714712500
18720703125
18727200000
18728091648
18764040096
18765976320
18775529136
18776576000
18776862720
18786600000
18788511000
18793721856
18796708125
18800640000
18802368000
18817920000
18819537408
18830562800
18832500000
18846506250
18866925000
18869760000
18874368000
18878137344
18889416000
18893101500
18900200000
18906250000
18912774144
18914805315
18915363000
18930951936
18931558464
18940031250
18941530212
18943226055
18943385760
18948096000
18957563352
18972000000
18979228125
18982639494
18983603961
18997355520
19000141280
19001309184
19002934125
19006783488
19009644570
19033512960
19037109375
19041750000
19046845440
19065944835
19066240000
19067906250
19070208000
19072039680
19080036864
19081986048
19084800000
19091635200
19101406716
19109888000
19110297600
19113649542
19118019375
19118260224
19119445632
19122233536
19124445600
19129264128
19138609152
19142904088
19148885028
19173376000
19176989436
19177987500
19189248000
19203834375
19208000000
19211611104
19212677120
19227364065
19232059392
19236096000
19237643046
19245600000
19255583655
19269550080
19269992448
19271431872
19273593600
19278675000
19284931008
19300352000
19300821750
19304568000
19319731200
19335476952
19344452400
19345025070
19346535936
19349176320
19366907784
19369331712
19373110848
19373681250
19389218816
19393941000
19397596500
19399722264
19404157500
19407850000
19414062500
19414065825
19421480000
19421724672
19426202880
19432224000
19437649920
19447904154
19459657728
19460250000
19468800000
19482400000
19490831250
19497664872
19509381125
19525536000
19531250000
19539678600
19547451360
19550343750
19554462720
19565380224
19565700000
19567696500
19571371875
19573456896
19582083072
19591041024
19600745472
19603264625
19605685176
19615932000
19617187500
19632727296
19635670053
19638484992
19646550000
19646837760
19652000000
19653010944
19664726400
19666042880
19669030416
19675815705
19680620544
19681200000
19681280000
19691470848
19709982720
19712160000
19713925000
19715705856
19719438336
19720004040
19721642000
19729930752
19730006016
19741363200
19743750000
19749058560
19752284160
19764041472
19765350000
19767048840
19768541184
19770609664
19774125000
19775390625
19779981312
19788088320
19791794502
19794827871
19803420000
19807031250
19810271250
19810939500
19821562488
19824343623
19842600960
19845000000
19847025000
19847446528
19860062208
19863138816
19865671875
19874709504
19901769984
19907835750
19914854400
19915087500
19927296000
19936800000
19947090280
19948053600
19950148344
19954863104
19969081344
19973318750
19974623328
19991101440
19993600000
19994148864
20049822000
20052846000
20069350400
20077200000
20078549568
20085390227
20088000000
20090633472
20091225000
20093062500
20102259996
20118230496
20120120064
20122830000
20126449728
20132659200
20134400000
20135709000
20144841912
20145865428
20157911424
20158309215
20158709760
20160000000
20166213632
20172865536
20173500360
20181000000
20191449600
20208929760
20214562500
20216545280
20225376000
20231200000
20238660000
20242608750
20242759680
20248704000
20275200000
20277600000
20285717760
20286402048
20287160320
20296237500
20296320000
20298093750
20304691200
20316160000
20323353600
20337007824
20338217928
20339100000
20351562500
20353462272
20353831875
20373994828
20374200000
20379340800
20380106250
20383246968
20384317440
20387832192
20399630706
20404549620
20412000000
20415837456
20416050000
20432879775
20437592500
20439168750
20442842532
20460843351
20463943680
20469300000
20472524800
20488573350
20497400000
20500021248
20503125000
20506500000
20518937010
20521093120
20524823928
20531017728
20531118080
20542055625
20547072000
20550024000
20552089600
20555694432
20557363200
20563920000
20570112000
20574000000
20575296000
20591539200
20601437500
20614528000
20616367860
20618400000
20618966016
20625000000
20634693408
20635322500
20639121408
20654401248
20661046784
20670552000
20675886336
20697600000
20707031250
20707246080
20713245696
20714766336
20715750000
20721283072
20724842496
20736000000
20744640000
20761754328
20766249000
20766720000
20774983680
20777989890
20781404525
20785248000
20800000000
20803910400
20815481088
20820969000
20832000000
20832487200
20837250000
20841384375
20849400000
20850614784
20863350144
20865309696
20875423842
20882812500
20883168096
20891520000
20896785000
20901578904
20903184000
20906062254
20908800000
20911140468
20913282000
20914375680
20914882560
20917362375
20930272344
20933718750
20934819840
20967409375
20975198400
20992335000
20993753088
20995200000
20998656000
21006756108
21012699645
21021481250
21023145000
21026304000
21037040640
21047950000
21067776000
21068775000
21076070400
21078128610
21081937500
21089678400
21090164131
21093750000
21093976827
21095872000
21102852888
21105559552
21110017500
21115080000
21129600000
21134925000
21136711680
21142937088
21160273680
21171979584
21172200000
21182648256
21184231887
21184383150
21196505088
21199360000
21212928000
21218652364
21224160000
21225290625
21230382406
21237634944
21251953125
21255782400
21257640000
21266000000
21269531250
21271359375
21279783375
21280849920
21289132800
21290304000
21292646400
21296000000
21307392000
21317506938
21320672256
21324404736
21331968000
21346234560
21350587500
21362031250
21375158940
21384000000
21387693600
21389062500
21390950400
21393082368
21403533312
21404860416
21417903360
21442720000
21459271680
21470165262
21470400000
21471863250
21474508800
21474836480
21499084800
21504000000
21504530432
21508042752
21508294500
21512512728
21520080000
21523360500
21524466150
21535767099
21543897888
21544380000
21562200000
21565440000
21573402624
21587904000
21589790625
21591758848
21592116000
21605760000
21606256000
21606387712
21609000000
21613287500
21613410225
21616920360
21622500000
21626880000
21629921280
21636066816
21642936320
21647360000
21653755904
21653807760
21665786688
21674898432
21678324759
21685063680
21692004444
21694445136
21695547384
21702096640
21702354300
21717639000
21725308080
21737963520
21739843125
21741944832
21743271936
21743753724
21745299968
21749813280
21762000000
21772800000
21789075000
21789900000
21792033450
21806765568
21807718400
21817411170
21833831250
21840425334
21843406080
21849165000
21849440256
21857421875
21864401280
21873825792
21879112500
21884440032
21892114944
21892781250
21895424000
21897216000
21911526000
21915185124
21917700000
21920025600
21929066496
21941452800
21943284480
21949221888
21950595072
21952000000
21956126976
21959987316
21966228000
21972132900
22000000000
22004314605
22006093824
22006381320
22009688064
22011412500
22016363264
22024493568
22024729467
22036561920
22054145400
22058082000
22072599900
22084337664
22085888000
22100000000
22107945600
22110192000
22110326784
22117387500
22127659218
22129873920
22130381952
22140698112
22141025280
22141350000
22144512500
22147020000
22163189216
22164504000
22176180000
22180400000
22181250000
22181913600
22184269470
22186847250
22187500000
22187503800
22190837760
22196256768
22220800000
22226176176
22230701049
22236018750
22238862336
22239360000
22245890625
22252478976
22263690240
22265600000
22273143750
22284288000
22286148300
22295940849
22305536000
22313281250
22320000000
22327525000
22327903125
22343250000
22344960000
22360800000
22373478400
22374318750
22404211200
22406497344
22409095500
22418208000
22422582000
22429996875
22437402624
22440476565
22443370080
22443916887
22443987500
22451420160
22453200000
22453382250
22456092672
22464000000
22482790785
22486646520
22492800000
22500000000
22502817792
22509375000
22511671875
22512431250
22523437500
22524320000
22547890176
22548578304
22556119040
22558646934
22562500000
22566741750
22570830711
22572242784
22577577984
22587475968
22590026636
22590912960
22596675360
22599000000
22600173960
22602628125
22605026400
22609534050
22615368750
22622660424
22633048064
22640310000
22653214272
22656392712
22658944000
22678004646
22680000000
22689221513
22703625000
22705078125
22708408320
22727098368
22733568000
22733865000
22737260000
22739303125
22754277000
22759833600
22760100000
22769683200
22781250000
22785532875
22800169536
22808734375
22812241920
22816000000
22823055360
22826650000
22826833920
22863385600
22863772800
22873537500
22879133802
22879488000
22880859375
22884825348
22886452736
22888800000
22895308800
22900899840
22903320800
22906404864
22906999808
22920975000
22922092800
22941623250
22956244992
22957315164
22960723968
22961400000
22963500000
22968056250
22971093750
22976353426
22992263424
22996058112
22999680000
23001656832
23011983360
23015530496
23029110000
23034375000
23047383040
23052729600
23059575000
23064000000
23068615920
23069812500
23083792641
23098709088
23102226432
23108343552
23111516160
23129803125
23134410000
23135350000
23140042240
23141376000
23145185280
23158137600
23161438208
23164517376
23175659520
23183677440
23185326080
23192469504
23195700000
23203125000
23214030084
23216812500
23218650000
23221728000
23234268750
23236980000
23243677632
23250000000
23250543750
23254371000
23271905248
23275173068
23284800000
23291550000
23300379648
23308032000
23311443456
23319485280
23324000000
23332385664
23334220800
23337720000
23351517540
23351862600
23352300000
23353884672
23356973619
23357030400
23359050000
23363248608
23378510500
23379148800
23386974114
23392789875
23420783232
23425600000
23430518784
23436000000
23439762500
23441273856
23441965056
23443680000
23456941632
23469411420
23470720000
23476635000
23487909375
23492222208
23493564108
23514624000
23522400000
23538203500
23544500000
23552335872
23555211264
23564429280
23612624896
23616376875
23617536000
23622000000
23622144000
23623488000
23642137600
23654400000
23664448080
23665970400
23673627648
23678943750
23691685024
23696769024
23696954190
23708160000
23714312544
23723526240
23732856000
23734375000
23750176600
23760000000
23774016000
23774986240
23776790625
23795200000
23808000000
23808556800
23812754625
23818477032
23818725000
23838407892
23843828736
23862282466
23868000000
23876581248
23876758395
23882040000
23892642576
23902791920
23903910000
23905557000
23923261440
23924250000
23928630110
23928867072
23936106285
23936508336
23956466688
23971236795
23986462500
23986560000
23989955328
23991240000
23998464000
23999952000
24000000000
24011546000
24017799168
24024550000
24046875000
24054048000
24054091776
24054800000
24069040164
24086937600
24089289840
24089978880
24098343750
24102489600
24103120384
24105600000
24107402088
24109116416
24109568000
24123060000
24132556800
24141312000
24145485000
24148377600
24154200000
24155381250
24157650000
24163356672
24169346190
24180565500
24183169920
24188928000
24196548096
24196800000
24201576819
24217600000
24243077120
24246995625
24249888416
24259189500
24261120000
24276000000
24277169664
24288000000
24300000000
24304000000
24310125000
24323755680
24326265600
24337776640
24346140000
24357712500
24362865072
24379392000
24394160000
24394737664
24395696640
24404787200
24406654976
24407077464
24413750000
24422671875
24424598250
24432343875
24434314200
24455932928
24459620625
24460800000
24463462464
24471659520
24476981760
24479290368
24491057500
24504606000
24518778496
24524881920
24531475968
24537600000
24540122880
24552253440
24556240800
24569856000
24574619160
24580310625
24580620288
24580908000
24582144384
24598080000
24603750000
24606381250
24606523648
24628629312
24631206327
24650005050
24657412500
24676704000
24692456448
24700900000
24702013440
24704643600
24705051840
24710400000
24711839744
24712006500
24712537941
24719904000
24726933504
24735586464
24741243072
24755860224
24760320000
24760899072
24763674375
24764600000
24775704576
24776953110
24780800000
24784466560
24793651584
24794911296
24798762114
24806512500
24811776000
24825001500
24828923520
24839654400
24845535000
24850004256
24857821912
24858900000
24878400000
24881004738
24885994496
24901800000
24904341000
24908083200
24909018750
24930447360
24933587868
24933862850
24935067000
24937685430
24952950000
24960486096
24960937500
24970788864
24972007840
24979619840
24984960000
24992563200
25004448198
25010788608
25015474176
25044096000
25048800000
25084434375
25092178720
25092716544
25108392960
25118465625
25127824995
25136156250
25147788120
25150150080
25155900000
25162752000
25165873152
25167436800
25170849792
25176309760
25192038400
25192235250
25200958464
25204737600
25213923000
25216875450
25220484000
25225592832
25247600000
25249480704
25253375000
25268156928
25268944896
25312500000
25317605376
25322678136
25329213000
25348377600
25357147200
25358002560
25367150592
25372999680
25382812500
25395793920
25416695808
25418465280
25421259780
25423875000
25431250000
25442411904
25446400000
25457295360
25461540000
25467493535
25472803125
25473423360
25482773400
25490692500
25500000000
25505687025
25511915520
25518145536
25519796820
25529833000
25533508608
25534080000
25541578125
25543473228
25552800000
25559040000
25559248032
25562014720
25570650000
25590802432
25600000000
25604812800
25605112500
25607425536
25619985202
25627707750
25640638464
25642745856
25650190728
25659031552
25660800000
25675937280
25679981250
25692829344
25694618040
25727625000
25739424000
25743505536
25744644096
25747259328
25757220864
25770459825
25777440000
25779809250
25782386688
25790146560
25792000000
25815552000
25818186240
25831575000
25832284128
25834856040
25854469056
25857501696
25872000000
25872210000
25874640000
25906250000
25917314688
25918341120
25920000000
25921335258
25930538872
25947000000
25954353152
25960435200
25978371840
25981560000
25987775000
25996093750
26004684800
26007201792
26009927680
26011238400
26026211250
26026291200
26027268750
26034048000
26035820928
26040609000
26063161344
26067125000
26068000000
26071200000
26072900784
26076038400
26080247808
26087600000
26095162500
26103371875
26103515625
26121388032
26125281000
26130625920
26131660800
26146717184
26149137336
26150010880
26153487360
26154086112
26156250000
26157608750
26180893404
26195400000
26202009600
26218998000
26225373888
26225550468
26231040000
26236931616
26240827392
26241600000
26244000000
26254935000
26272366848
26287607808
26288634240
26304786963
26311633920
26321493121
26321817600
26322806250
26325000000
26335968750
26345692800
26353800000
26357170176
26365500000
26374985000
26378566110
26389059336
26407040000
26417664000
26424115200
26439843840
26450342100
26462700000
26476872246
26480727441
26487562500
26495631360
26508178125
26516019200
26517438464
26520516477
26520740064
26525914506
26528972800
26542080000
26542342144
26553450000
26564203008
26569728000
26572050000
26576424000
26586280809
26600197792
26611200000
26613502398
26629005312
26632100000
26646918144
26650840320
26661984000
26665583616
26674618113
26685793750
26699463000
26700855552
26712196875
26718948675
26734617000
26744027904
26745768000
26754416640
26771340375
26774223840
26784000000
26788300000
26790750000
26791142400
26796065625
26796718080
26806002138
26811900000
26817331200
26820061800
26826826752
26830440000
26842726400
26848253952
26858388375
26869760000
26885368125
26897747968
26904200625
26908000000
26914781250
26918309691
26925364224
26928571878
26931380224
26957817117
26980800000
26985857024
26990145000
26991968256
26998272000
27012989250
27014006250
27021150450
27027618750
27033600000
27044916822
27047623680
27061650000
27082233360
27106646875
27107359344
27116010432
27117257750
27123264000
27125000000
27127942875
27130099500
27135719424
27138442500
27147656250
27149238000
27156480000
27156635100
27157680000
27173475000
27175772160
27179089920
27179692155
27180831744
27181440000
27202500000
27205113600
27207401472
27209779200
27211176960
27221116608
27221400000
27238122720
27245444796
27250089984
27256320000
27261254400
27262976000
27280000000
27281124468
27293760000
27335221875
27336221600
27342000000
27343750000
27348890625
27355496448
27355550040
27368161280
27370023876
27371520000
27373248000
27376247808
27381200000
27389407500
27393981405
27397900288
27413100000
27418560000
27426816000
27441157968
27449984145
27462304800
27465166125
27465468750
27467747328
27473228125
27474163200
27491200000
27500000000
27505572864
27507976650
27508355784
27512924544
27518828544
27521395272
27529327332
27530616960
27540000000
27545702400
27546141987
27551316672
27553792000
27572602500
27572663250
27590749875
27592202880
27597024000
27606150000
27608005656
27609375000
27615264768
27625434375
27625536000
27634932000
27637908480
27648000000
27648681984
27653197824
27665165088
27668891250
27671044800
27673868376
27676800000
27682339104
27686599875
27703323648
27703986520
27707207976
27713664000
27724788000
27734379750
27738871875
27776000000
27779013504
27779472000
27779483952
27779641344
27783000000
27788512500
27800819712
27809464320
27824160000
27832320000
27839635200
27843274368
27844224128
27857685375
27860175000
27871905600
27878400000
27880796160
27893802816
27899463680
27902695680
27911625000
27915414750
27925926392
27975200000
27983308800
27989780000
27993600000
28005264000
28011369375
28014525000
28030232736
28037270016
28043057250
28045298688
28046753280
28051950375
28061757129
28072068750
28085059584
28092137472
28097090560
28108308150
28108394496
28110720000
28116771840
28121600000
28124330112
28149950088
28179900000
28183925000
28222193664
28224000000
28229600000
28234344960
28237533295
28238648976
28242900504
28245844200
28250217450
28252927872
28256283000
28259352576
28298170368
28300387500
28303163392
28316517840
28320490890
28323348480
28329523200
28343520000
28347637500
28348185600
28350598144
28355329800
28359375000
28372513059
28373044500
28400004864
28400117792
28403830000
28410046875
28410821712
28413230625
28422009000
28426567680
28427563008
28442846250
28453348224
28459200000
28462104000
28467450000
28469975040
28473120000
28484156250
28484983800
28500000000
28500211920
28502779500
28518750000
28519603200
28526269824
28529153125
28531077120
28538044416
28541700000
28547481600
28566369468
28569600000
28576800000
28579716000
28588147614
28601859375
28606031685
28627200000
28629151000
28637300736
28651218750
28651290624
28659296400
28661534720
28667925000
28669116186
28677390336
28683350304
28695064320
28696643955
28697814000
28704375000
28714356132
28732640625
28740329280
28749600000
28765900800
28766981250
28772925440
28780308480
28791126000
28803600000
28805414400
28812000000
28813855200
28815912000
28821760000
28822390272
28824005000
28830674250
28856464569
28860031250
28882700000
28885429440
28900000000
28906824375
28909203456
28934433792
28940203584
28940931250
28947672000
28956852000
28959187200
28959840000
28962717696
28965666744
28971253528
28979596800
28988948898
28990144512
28991029248
29019340800
29040000000
29060521875
29062500000
29081600000
29084977152
29089881560
29093966335
29111775000
29116983168
29120000000
29121093750
29125474560
29126141352
29132220000
29132928000
29145194496
29149356600
29165482080
29167776000
29171856231
29176952000
29189396925
29189828250
29190375000
29192540832
29220246832
29223600000
29232640476
29233620000
29236246875
29264457600
29265629184
29266160625
29267308800
29278975488
29279983088
29288304000
29305995264
29308747776
29316250624
29321177040
29325515625
29336272896
29336764275
29348550000
29355087872
29355955200
29362905000
29365277760
29378700000
29393682432
29403000000
29412250000
29417779503
29421984375
29422224000
29422754375
29425781250
29436825600
29437931250
29442154752
29443307520
29443957164
29444014080
29451091968
29451856896
29462400000
29469825000
29491200000
29494886400
29495347200
29499174432
29503488000
29503545624
29506498560
29507493888
29509380054
29521800000
29523119328
29525549760
29552672000
29559029760
29580560100
29582463000
29591396352
29599040250
29624383152
29634901568
29640934732
29642416128
29645240625
29646967896
29648025000
29661187500
29679104000
29687691753
29687720750
29727129600
29739141250
29743200000
29758095360
29760696000
29770537500
29780326400
29791000000
29798009865
29800062000
29804785920
29809704960
29814400000
29831393280
29832425000
29857464000
29859840000
29865803220
29867802624
29872631250
29884728384
29890384128
29890944000
29897164800
29898477000
29920635420
29925222516
29930757120
29937600000
29942771040
29947330560
29959978125
29964480000
29985064704
29988000000
29990400000
30016496268
30030336000
30031250000
30036895875
30042980352
30058905600
30062613672
30066806016
30086300205
30088989000
30098250000
30108672000
30111612300
30128900480
30132000000
30134252610
30136837500
30174865686
30176640000
30193000320
30221973504
30225706875
30228962400
30232383456
30233088000
30236737536
30261936128
30263688504
30271500000
30273437500
30281889792
30292442112
30306304000
30309161688
30315330864
30325504000
30331392000
30333206528
30346800000
30353442000
30356972802
30359089152
30359577600
30363913125
30371328000
30373056000
30375061504
30382935296
30383100000
30400226048
30405715200
30415431312
30416640000
30433148928
30444356250
30449738592
30450760704
30474952704
30480325920
30481920000
30498050000
30505511736
30505984000
30507812500
30510234846
30513672000
30515263488
30515625000
30527343750
30528225000
30530805760
30542892750
30553848000
30560992242
30569916160
30570159375
30579120000
30610161792
30611001600
30615200000
30623756184
30624075000
30652992000
30654939000
30656388750
30657120000
30663360000
30676136400
30689247232
30695301000
30708104000
30726135000
30732800000
30735783936
30737464875
30743212500
30752000000
30759750000
30763782504
30780743168
30787235892
30800250000
30801171456
30806040447
30808933848
30826482336
30831280128
30840979456
30845880000
30855168000
30873150000
30875803560
30881314800
30889799680
30896088320
30901215744
30902156250
30927600000
30937500000
30942843750
30951123840
30952040112
30952983750
30955750000
30961569681
30979025000
30981823488
30993639120
30997435392
30998016000
31000000000
31000320000
31005828000
31034234880
31036154400
31054679040
31055400000
31057977258
31060546875
31062505320
31067172864
31081924608
31094731008
31095567360
31100239872
31109120000
31109847552
31118963616
31127500800
31129925400
31142631492
31156356294
31166984835
31172542464
31182632152
31200607620
31207621632
31208320000
31212000000
31218868044
31238127616
31239080928
31248000000
31263485760
31273400160
31275922176
31300000000
31308314400
31317212500
31322869760
31324752144
31328000000
31334400000
31340888064
31363200000
31387500000
31391614800
31400578125
31405031424
31428544000
31431988224
31434735150
31437687600
31438120896
31449600000
31457280000
31463562240
31475907099
31481305128
31488502500
31490048000
31498661376
31511805952
31521290240
31524548679
31532221875
31552006464
31560302592
31567595400
31571925000
31576452750
31580160000
31586181120
31603654656
31605614208
31621590000
31621943808
31627278144
31685472000
31696434000
31697503200
31702387500
31704431616
31718208000
31722521600
31728996000
31744000000
31752000000
31758300000
31776574725
31791771648
31799017692
31811106250
31819392000
31820884992
31827411000
31827978546
31845573609
31850496000
31854477312
31854974976
31856209902
31863767040
31864800000
31875889500
31893750000
31894087500
31899000000
31899746025
31904296875
31915344448
31925643750
31937138688
31947004908
31988320000
32016600000
32043046875
32053432320
32060160000
32061259776
32062738410
32089365000
32090929920
32105299968
32118272550
32118693750
32122656000
32123520000
32132953125
32162752512
32164080000
32199552000
32205600000
32207794875
32210200000
32233324032
32245809152
32245907456
32248627200
32253294744
32262400000
32266336256
32268769092
32269536000
32273474366
32277600576
32282219520
32296402944
32313745125
32318086320
32353475000
32354700000
32356122624
32377004800
32397300000
32400000000
32403259392
32413500000
32419931250
32432762880
32445923328
32448000000
32457148416
32459456512
32461200000
32461520000
32463618048
32476950000
32482296000
32487630336
32496108120
32505856000
32506110000
32522853888
32524800000
32550761250
32551206912
32563562500
32576458500
32586375087
32625450000
32647279392
32651735040
32678608896
32692124556
32692607640
32716800000
32717188548
32726116755
32730808320
32735368107
32744250000
32744729600
32750746875
32755018240
32758235136
32770100000
32773747500
32774160384
32781717360
32781938085
32788343808
32801034240
32805000000
32824071000
32830299216
32834165000
32839171875
32849971200
32872777686
32876550000
32904144000
32915097600
32920473600
32939980974
32949342000
32966535168
32966635520
32986188576
32990183424
32992312500
33017118750
33041190000
33047637714
33059881728
33062927625
33065016152
33071001600
33075350000
33100103680
33108075000
33110004032
33119539200
33130227312
33165879296
33175735866
33191424000
33191488827
33206859776
33212025000
33215062500
33216528384
33216768750
33221016576
33221760000
33223081984
33232068612
33239531520
33244783824
33246756000
33250247240
33253490688
33256396800
33264000000
33264270000
33270600000
33280270875
33281250000
33284980736
33285996544
33298514048
33313550400
33317578125
33318502400
33323062500
33323581440
33330299904
33331979520
33339264264
33345088000
33354028125
33356124000
33362903808
33369882624
33398400000
33412500000
33416370000
33427461753
33465474000
33469921875
33484951552
33491287500
33492566016
33510548799
33514875000
33531376788
33538572288
33541200000
33554432000
33559731513
33560317440
33560707072
33561478125
33592320000
33597849600
33600000000
33617207808
33620319432
33621442560
33625125000
33627312000
33643350000
33652416000
33665981250
33679800000
33704985600
33708960000
33710040000
33721712640
33725005776
33731100000
33737681250
33737850783
33743485440
33784128000
33785156250
33808912384
33824964608
33827200000
33834240000
33841152000
33843750000
33844082688
33852791700
33856437888
33860616192
33864365304
33872256000
33880275000
33882249024
33885039954
33895013040
33898500000
33940307968
33945793875
33949513962
33957275625
33963737500
33965065719
33965568000
33973862400
33974609375
33976800000
33984083250
33987590000
34011692559
34020040704
34034175000
34051325000
34053257952
34055437500
34056771840
34056805995
34073600000
34089222144
34091302912
34094200000
34106572800
34109654850
34122816000
34140150000
34153975296
34162610625
34162868224
34166702080
34169688000
34170277000
34194437550
34200254304
34208039880
34212529845
34214400000
34236759375
34239975000
34245120000
34260323328
34262272000
34267315680
34267774464
34268645376
34306448400
34310306250
34312005000
34318700703
34319232000
34327881000
34334834688
34356172032
34357272768
34364943360
34373154816
34378737120
34381462500
34398535680
34404466824
34413271200
34432128000
34437376800
34439145840
34442100000
34445250000
34452084375
34464530139
34465753125
34467490816
34485560784
34512076800
34541404160
34543665000
34546617000
34547385600
34574400000
34581456360
34582818816
34586652672
34587072576
34596000000
34604623872
34604718750
34624972800
34626060288
34626733568
34628173824
34629983150
34630270976
34634009970
34646092416
34687734354
34689600000
34692468480
34693401600
34696101888
34698253184
34699043113
34701615000
34703025000
34712064000
34723766880
34724354940
34760492928
34763867712
34775516160
34780741632
34793550000
34804687500
34819200000
34821045126
34825218750
34828517376
34851098880
34851403125
34857292800
34866077400
34867253520
34870784000
34871316480
34872768000
34875000000
34884300000
34889400000
34891366400
34902626304
34907857872
34912759602
34918400000
34960810976
34967165184
34970130000
34971467776
34988800000
34989588480
34990363648
34998578496
35001145344
35006580000
35018244096
35034216000
35035545600
35043840000
35058441600
35061734400
35067765750
35080344000
35080461171
35092480500
35100000000
35135100000
35138400000
35151750144
35154000000
35155412640
35156250000
35158608576
35159643750
35162859375
35171352576
35183362500
35185412448
35189510400
35194176000
35204400000
35206903368
35210210112
35227852800
35240346162
35246833664
35253473346
35255264499
35283600000
35286632640
35291163375
35292931200
35298311220
35299492200
35303625630
35307305250
35316159840
35316750000
35363250000
35364307968
35372712960
35373600000
35375484375
35395647300
35398877184
35404600000
35426304000
35433480192
35434354176
35435232000
35438847840
35443200000
35460898200
35468083200
35477968896
35487728640
35487744000
35494831152
35500006080
35507541888
35512320000
35518415625
35522199552
35540674560
35548305408
35554111488
35577630000
35585851392
35625264900
35640213504
35651584000
35654490949
35657837280
35662109375
35662792704
35665920000
35678706336
35707961835
35712000000
35716464000
35716681728
35724645000
35727715548
35728087500
35733190625
35773920000
35774974431
35787128832
35790848000
35791100000
35834003016
35836000000
35846737920
35854552800
35876241408
35886375000
35892945165
35904762504
35906496480
35925120000
35925411600
35929281024
35939540000
35972465256
35978634432
35983982592
35986860000
36009600000
36015000000
36017319000
36018675000
36019890000
36031779179
36036292500
36036825000
36037500000
36044800000
36047918592
36049868800
36052515625
36068917248
36082200000
36088416000
36106786800
36111814375
36118462464
36124830720
36138960000
36141772800
36145460736
36154680576
36160278336
36168798456
36175254480
36184590000
36211968000
36212362200
36224496000
36231300000
36236574720
36238786560
36252562500
36285677568
36288000000
36295200000
36324108288
36337540736
36344609280
36352800000
36362351950
36374184000
36374832624
36386212500
36389781504
36401384448
36405676800
36406843200
36415733760
36429588000
36431493120
36436695750
36456000000
36456852600
36465187500
36465707520
36486450000
36510862752
36516888576
36519210000
36525308540
36533376000
36540979200
36548444160
36558080000
36569088000
36577763082
36582036480
36582876288
36584325120
36588210624
36589712850
36590400000
36594495819
36599978860
36610015232
36610380000
36614882304
36620625000
36627976602
36673560000
36682813440
36683899392
36691771392
36706597200
36723375000
36734619096
36736586250
36749306880
36753750000
36761823189
36777780000
36790503750
36804087936
36812500000
36816638157
36819420750
36833912500
36835098624
36850544640
36859543552
36881568000
36881734656
36882560000
36884367360
36893390625
36901708800
36909785472
36937967616
36956012544
36969856000
36975400000
36975700125
36980976384
36984729600
36986118750
36987637500
36993761280
37015781376
37030478940
37043626960
37044000000
37051060500
37051350000
37053020160
37064770560
37067759616
37068009750
37079635842
37093883904
37106150400
37122624000
37132641637
37134900000
37171200000
37185063552
37198143171
37200000000
37200870000
37209768750
37215500000
37234080000
37241600000
37248754536
37273042944
37311176448
37332254025
37340352000
37362428064
37362980160
37363528125
37380096000
37394970624
37400381802
37400794275
37402600500
37405616800
37406528145
37415676172
37422000000
37429425000
37430859375
37440000000
37441406250
37456183296
37468873728
37483913376
37484305200
37500000000
37506672297
37513224000
37515625000
37524314880
37524760000
37551058272
37573200000
37579816960
37593416250
37604736000
37623398400
37635840000
37639515375
37644397056
37645876224
37661125600
37682675712
37693012500
37704234375
37705078125
37718065152
37733850000
37758959616
37783296000
37786203000
37800400000
37812500000
37815750000
37823253125
37829610630
37830726000
37837800000
37840004608
37847347200
37863116928
37866673152
37880062500
37886452110
37889280000
37889775000
37908000000
37915126704
37923795000
37930731520
37945682173
37956600000
37958456250
37961007777
37965278988
37967207922
37968750000
38000282560
38005868250
38019289140
38020403200
38020752000
38038425600
38039601996
38044723200
38046081024
38051569017
38063450880
38074218750
38083500000
38087159040
38093690880
38095647744
38108672000
38112719400
38131889670
38135812500
38158848000
38168166400
38169600000
38181098912
38192000000
38202813432
38203488000
38227299084
38236038750
38244467072
38260408320
38277218304
38285808176
38297600000
38297770056
38305529856
38323870200
38326763520
38332800000
38353305600
38353978872
38355975000
38407668750
38416000000
38423222208
38429977803
38438400000
38440899000
38441561625
38447226720
38447693200
38454728130
38463828480
38475286092
38484831456
38503710720
38511167310
38519971875
38539100160
38542374528
38542863744
38556000000
38557350000
38563983360
38575308800
38601643500
38609136000
38629084032
38635833600
38654115840
38654705664
38670953904
38675750400
38688904800
38690050140
38693071872
38699845632
38705428125
38706370560
38747362500
38751436800
38752896875
38789184000
38795193000
38799444528
38808315000
38814703200
38815700000
38822309856
38828125000
38828131650
38842960000
38845857792
38846530125
38852389125
38854656000
38858196096
38876237663
38890368000
38895808308
38896200000
38919315456
38920500000
38923141120
38928289365
38928384000
38933250048
38933858304
38957285376
38964800000
38965248000
38981662500
38994140625
38997504000
39000759525
39018762250
39033114624
39039316875
39040903125
39050864640
39051072000
39059249152
39063773952
39069941760
39079357200
39094902720
39100687500
39109351176
39131400000
39141273600
39142743750
39151730688
39164166144
39184640000
39191040000
39206529250
39231864000
39234375000
39236413125
39239811072
39253893120
39262080000
39265454592
39271340106
39276978125
39293100000
39297109500
39304903968
39318130944
39319390656
39329452800
39335926784
39338060832
39343955040
39351631410
39362400000
39365082625
39370240000
39373400808
39413493000
39418396875
39440008080
39443284000
39456046080
39457603584
39482726400
39484375000
39494615040
39513600000
39528082944
39530700000
39539210400
39548250000
39550781250
39575241216
39583589004
39589655742
39600000000
39614062500
39620542500
39621879000
39623360000
39643124976
39648687246
39652687872
39674800000
39687459840
39694050000
39720002400
39726277632
39730010112
39731343750
39748772115
39749419008
39776106240
39797194752
39815671500
39830175000
39833164800
39846945600
39853845504
39854592000
39873600000
39894180560
39900296688
39926250000
39927444480
39933756135
39943507968
39946637500
39987200000
39997440000
39998375424
40000000000
40007520000
40028690625
40029665280
40039104000
40048444359
40074642432
40078983168
40090080000
40105692000
40126148608
40136765625
40149964800
40154400000
40162545024
40170780454
40173090048
40175301537
40176000000
40181266944
40182450000
40186125000
40202240000
40204519992
40220928000
40236460992
40247296000
40264987500
40271418000
40272261120
40282095616
40289683824
40291730856
40292431872
40316618430
40321335296
40325040000
40327580160
40342276800
40347000720
40362000000
40363274112
40370503680
40372171875
40373994375
40392857817
40398066144
40406522112
40408128000
40429125000
40435200000
40441600000
40457607968
40462400000
40480000000
40485217500
40497408000
40500000000
40516875000
40519483875
40526740800
40541428125
40571435520
40572804096
40592475000
40596187500
40601014272
40603464704
40613114880
40622819328
40633270272
40635789696
40656000000
40674015648
40675886625
40681095168
40703125000
40707663750
40725834184
40731552869
40743810000
40747989656
40753649664
40758322176
40760212500
40768000000
40772437440
40775664384
40786099200
40799261412
40809099240
40831674912
40832100000
40865155695
40865759550
40875134976
40875185000
40878337500
40885685064
40885793280
40896485685
40921686702
40940640000
40955756544
40967184375
40970240640
40977146700
40980478392
41001418752
41006250000
41007792000
41013000000
41019584375
41037874020
41062035456
41081499648
41084111250
41088301056
41098337280
41100048000
41111388864
41127840000
41130180000
41140224000
41154094080
41161736952
41164200000
41170022400
41193750000
41198203125
41202875000
41211555840
41221619712
41225977440
41232735720
41236800000
41250000000
41259767040
41269386816
41270645000
41292840960
41309097984
41314942976
41321742336
41335769664
41338988544
41352960000
41361593760
41399424000
41407200000
41414062500
41421570048
41431500000
41442566144
41472000000
41485289472
41523508656
41540085765
41550745600
41555979780
41562809050
41597325000
41598900000
41600729088
41617981440
41641938000
41652076032
41654272000
41661333504
41664000000
41664974400
41681559933
41682768750
41692456960
41698800000
41701229568
41717213811
41720086800
41726700288
41733586944
41740160000
41750847684
41763950592
41766336192
41769810432
41790947328
41794182144
41803157808
41803776000
41812124508
41817600000
41822280936
41826564000
41834724750
41841412812
41851551744
41860544688
41867437500
41903059968
41912640000
41919879456
41926262784
41934818750
41937920000
41945728000
41950396800
41976309375
41982421824
41984670000
42001597440
42007896000
42013512216
42025399290
42034140000
42042654720
42042962500
42046290000
42068629504
42082467840
42095900000
42108103125
42109375000
42120820287
42150111993
42156257220
42163875000
42180328262
42187953654
42198624000
42202377000
42205705776
42215355000
42220035000
42226340000
42257600000
42269850000
42288332800
42315989625
42319411200
42320547360
42320740352
42326323200
42344400000
42345504000
42352811280
42368463774
42368766300
42385545216
42398400000
42425856000
42428825600
42437304728
42450581250
42453581625
42455705600
42460764812
42467328000
42471289000
42500000000
42503906250
42515280000
42519859200
42525450000
42530242560
42532000000
42539062500
42542718750
42555847680
42559566750
42568187904
42570005184
42587160576
42598746720
42635013876
42641344512
42644505696
42672456288
42674688000
42695838720
42702347232
42724062500
42737533875
42743128064
42750317880
42758037000
42768000000
42778125000
42793228800
42794975232
42807066624
42859350625
42872256000
42885440000
42897602592
42905842560
42907740160
42912098880
42914188800
42940330524
42940800000
42943726500
42946590960
42983577600
42998169600
43012200000
43016589000
43019817984
43025025456
43025920000
43027600000
43040160000
43048932300
43071534198
43120350000
43130880000
43150471875
43175808000
43179581250
43184232000
43195524480
43197235200
43200000000
43218000000
43223043072
43226124984
43226575000
43226820450
43233840720
43234400000
43243200000
43245719552
43254523648
43265294336
43272133632
43290046875
43297286400
43302600000
43331573376
43356649518
43361961984
43377152000
43388890272
43390080000
43391094768
43404708600
43405443675
43408159200
43411396875
43418419200
43430999040
43435278000
43438602240
43443752625
43450616160
43461873000
43467079680
43476550656
43479686250
43487507448
43524000000
43533794304
43535646720
43552768000
43584066900
43588480000
43599465000
43619698176
43622400000
43628412672
43634822340
43637538816
43637832000
43660358208
43667662500
43670016000
43680850668
43681640625
43698330000
43714843750
43740000000
43758225000
43768880064
43785562500
43807997952
43823052000
43830370248
43835400000
43852017664
43863264000
43869696000
43909488000
43912253952
43919974632
43928616960
43932456000
43944265800
43948260720
43980423168
43989750000
44008629210
44012762640
44022825000
44029440000
44040192000
44048987136
44049458934
44066406400
44079842304
44116164000
44122889025
44135847000
44138671875
44145199800
44194633560
44215891200
44220653568
44234775000
44244559125
44255318436
44268000000
44273671680
44281396224
44282700000
44286750000
44289025000
44296875000
44326378432
44329008000
44348280273
44352360000
44354304000
44360800000
44368538940
44373694500
44375000000
44375007600
44411530240
44431200000
44452352352
44452800000
44459645472
44461402098
44463624192
44472037500
44478720000
44491781250
44520086016
44524634112
44531200000
44531581125
44534071296
44546287500
44547148800
44558375400
44568576000
44572296600
44576280000
44591881698
44595048960
44608711875
44609273856
44612039808
44626562500
44651250000
44651904000
44655050000
44655806250
44659644435
44661196800
44663157000
44686500000
44695552000
44700103000
44701078149
44711377920
44721600000
44748637500
44774912000
44808422400
44808946875
44836416000
44845498368
44859993750
44874805248
44880953130
44887833774
44887975000
44906400000
44906764500
44925111000
44927301888
44936446464
44949614112
44963315712
44965581570
44972928000
44973293040
44986613760
44998172352
45020676096
45023343750
45024212961
45024862500
45043992000
45046875000
45077472000
45079372800
45117293868
45125000000
45133483500
45141661422
45146404864
45165921696
45168459776
45172689120
45174951936
45180053272
45193350720
45198000000
45200347920
45205256250
45219068100
45226199040
45230737500
45245320848
45248730000
45252529000
45262800000
45280620000
45292953600
45301386240
45306428544
45312785424
45317357568
45337500000
45345669120
45351961600
45356009292
45368527680
45378443026
45387100000
45396871200
45407250000
45410156250
45427200000
45435424000
45447367680
45464397209
45478606250
45508554000
45520200000
45539366400
45571065750
45574513920
45575974080
45576566784
45600339072
45604447200
45617468750
45619200000
45653300000
45656635675
45666534375
45671399424
45712429056
45727545600
45743668893
45743892480
45747075000
45749973575
45758118912
45758267604
45758976000
45761718750
45769650696
45779578880
45791015625
45823131648
45841488363
45842621440
45852162048
45857025536
45868992120
45883246500
45893827584
45894713319
45900000000
45914630328
45921168000
45921447936
45922800000
45927000000
45936112500
45942187500
45946765312
45952706852
45984526848
45984583125
45995040000
46006272000
46011626496
46012741632
46036680704
46056603648
46080000000
46081136640
46088663040
46105459200
46118408000
46126596096
46128000000
46139625000
46167585282
46179584000
46189440000
46207980000
46216687104
46226349793
46257868800
46259606250
46268820000
46270700000
46282752000
46288098675
46299402240
46309120000
46309725000
46316275200
46347323904
46353234375
46367354880
46382964832
46387200000
46391400000
46400640000
46406250000
46422263808
46428060168
46429475625
46433625000
46438023168
46467993600
46468537500
46500000000
46501087500
46504492800
46543810496
46550346136
46569978000
46571771904
46585378125
46600759296
46622886912
46629872640
46638848000
46638970560
46639577088
46653014016
46656000000
46664771328
46699795744
46703035080
46703725200
46713947238
46718100000
46726497216
46736621568
46742164480
46757021000
46761069312
46773948228
46785579750
46808432640
46817869824
46834832448
46847324160
46851200000
46851663600
46861286400
46872000000
46879525000
46881300000
46891892736
46913883264
46926577152
46938822840
46953270000
46975818750
46984444416
46987128216
47018409984
47035126656
47036989440
47040000000
47044800000
47070019584
47075175000
47075558400
47076407000
47079014400
47089000000
47110422528
47163617280
47192544000
47202435072
47205580800
47210397696
47232753750
47235072000
47239200000
47240879616
47250193536
47258883000
47301640625
47304000000
47314400000
47328896160
47357887500
47379271680
47393908380
47422247040
47455200000
47455841832
47477674125
47500353200
47508930000
47524111425
47532672000
47539800000
47551795200
47553581250
47563407360
47579136000
47585826816
47591718912
47616000000
47617113600
47625509250
47628000000
47637450000
47647845000
47676815784
47679480576
47687657472
47714720625
47716659375
47724564932
47728834560
47741967819
47752151040
47753162496
47753516790
47761700000
47765494000
47784123855
47785285152
47800318104
47811114000
47829690000
47833382912
47848500000
47857260220
47872212570
47873016672
47879189504
47891255832
47900160000
47942473590
47943168000
47943261639
47967180800
47972925000
47974241952
47979910656
47982480000
47998386432
48023092000
48029027760
48048390000
48049100000
48055493376
48093750000
48094107615
48109600000
48125000000
48130231968
48134062080
48138080328
48142382400
48173875200
48176322831
48178579680
48182005760
48196687500
48200941568
48206240768
48214804176
48224056320
48231288000
48234092544
48246120000
48252054375
48261420000
48265312000
48268090000
48271196160
48276111240
48294400000
48308400000
48310762500
48316907520
48338692380
48357965824
48361131000
48362562675
48365568000
48366339840
48371693929
48388725000
48393600000
48399939072
48400000000
48403153638
48410211549
48414038904
48437500000
48454581000
48455680000
48493991250
48499776832
48514950000
48518379000
48547233792
48554880000
48570762240
48608000000
48618912000
48620250000
48629896875
48651434496
48685722624
48690720000
48692280000
48725730144
48734976000
48758784000
48791538432
48812508360
48819843072
48827500000
48845343750
48847912960
48849196500
48864687750
48868628400
48871680000
48881664000
48911865856
48916389888
48919241250
48922361856
48955207680
48980118528
48982115000
48985423872
48996864000
49028620896
49061376000
49069986112
49070257920
49072179200
49073356800
49086428160
49092561000
49104000000
49121386875
49152000000
49158912000
49160621250
49161816000
49172480000
49205198880
49212762500
49213047296
49228515625
49245600000
49252802976
49262412654
49262690304
49265314560
49300010100
49302400000
49309166529
49314825000
49318993920
49353408000
49393124352
49401285696
49401800000
49409971461
49410103680
49419289080
49420800000
49423679488
49424013000
49425075882
49453867008
49479486255
49521798144
49525678125
49527348750
49553906220
49554481536
49561600000
49572000000
49572993627
49587303168
49596825600
49597524228
49608365625
49613025000
49645257480
49650003000
49657847040
49677376000
49682820096
49682841600
49686773760
49691070000
49700008512
49718988800
49723558560
49731058080
49762009476
49766400000
49774592000
49807880640
49818037500
49818240000
49825153125
49827960000
49867175736
49867725700
49870134000
49875370860
49884595200
49905900000
49912217600
49920972192
49921875000
49929969375
49932288000
49944674304
49991146569
50008896396
50013849600
50014503000
50021577216
50050560000
50083488000
50093303040
50097600000
50098176000
50102696000
50139648000
50148315000
50168868750
50176000000
50185433088
50193359375
50214475584
50224852224
50236931250
50255649990
50270906880
50272312500
50295168000
50295576240
50308789608
50311800000
50321667200
50337939456
50341699584
50369955840
50384470500
50387305760
50388480000
50426145000
50429952000
50433750900
50440968000
50458982400
50469816320
50487403520
50498971875
50506750000
50508152640
50523782400
50537889792
50574763008
50589070000
50598481920
50599296000
50608800000
50610189312
50618880000
50622943896
50625000000
50626363392
50671777247
50674491000
50677734375
50694400000
50700000000
50714294400
50716005120
50731204608
50765625000
50781250000
50799308625
50803200000
50827559931
50836032000
50841175000
50841603072
50842519560
50843100000
50847750000
50882452992
50892800000
50923857600
50925312000
50934987070
50945606250
50968169472
50981385000
50982027264
51001423200
51007178752
51011374050
51018336000
51032096768
51039593640
51043608000
51051990528
51083156250
51086946456
51110400000
51141300000
51151896576
51157370880
51210225000
51218055168
51221433375
51239970404
51251616000
51255415500
51257812500
51285491712
51297342525
51300381456
51335285760
51342984000
51355938816
51359962500
51375060000
51385466880
51385658688
51389236080
51425280000
51426482688
51455250000
51465459375
51478848000
51526925037
51530121216
51539214336
51539607552
51540919650
51559618500
51586733520
51590762496
51637557888
51645087424
51656065200
51662392320
51663150000
51687718912
51708938112
51717176000
51723724800
51749280000
51756250000
51757798400
51778621440
51791265792
51804555264
51842670516
51847503125
51861077744
51864939360
51871635781
51883209000
51892420608
51894000000
51907078125
51944974725
51963120000
51975550000
51992187500
51993772992
52012702720
52014908160
52020000000
52026975000
52052422500
52054537500
52065134880
52068096000
52081218000
52089208083
52122333600
52126536960
52129537200
52134250000
52145801568
52175200000
52190325000
52206743750
52207031250
52207920240
52224000000
52231567689
52234813440
52237828125
52265155635
52272000000
52308172224
52312500000
52315217500
52332134400
52350390625
52361786808
52369139403
52405987500
52416000000
52428800000
52437996000
52439270400
52450747776
52451100936
52473863232
52481654784
52483200000
52488000000
52509600000
52528868469
52563017728
52601648625
52609573926
52611743744
52613349376
52631175168
52633600000
52642986242
52645612500
52646630400
52650000000
52671937500
52672757760
52695321525
52707600000
52724304000
52731000000
52736720949
52739465625
52757132220
52778118672
52792197120
52794529920
52818750000
52841932416
52849637568
52860519243
52881660000
52900684200
52925400000
52953744492
52960957875
52961454882
52975125000
52978515625
52986286080
52997953536
52999225344
53016356250
53032320000
53041032954
53051829012
53071200000
53075956015
53084160000
53091624960
53106278400
53106900000
53123460000
53139456000
53150128128
53172561618
53200395584
53210234880
53227004796
53228564480
53229052800
53258010624
53301680640
53322022656
53331167232
53343886848
53349236226
53371587500
53388671875
53401711104
53422387200
53424393750
53433600000
53435432960
53437897350
53448278016
53460000000
53469234000
53482275000
53484300000
53514058752
53537760000
53538001920
53542680750
53564571648
53568000000
53576600000
53592131250
53604587520
53612004276
53657468928
53660880000
53665920000
53686650000
53696507904
53704041984
53716776750
53747712000
53770736250
53782560000
53800200000
53800621875
53803699200
53805675000
53808401250
53811165375
53816000000
53826117408
53829562500
53836619382
53838839808
53849359872
53857143756
53875362816
53877662811
53905195008
53915634234
53936064000
53945211648
53954740224
53980290000
53989576704
54005432320
54014957568
54025978500
54028012500
54042300900
54054604800
54055237500
54074397312
54080000000
54089833644
54090167040
54106030080
54123300000
54140625000
54146050560
54160180200
54164466720
54210816000
54213293750
54214718688
54232020864
54234515500
54235247808
54252011520
54255885750
54260199000
54276885000
54295312500
54304800000
54312000000
54313270200
54331200000
54340584480
54346950000
54347400576
54354712500
54355325248
54359384310
54378694656
54383788800
54419558400
54442800000
54454680000
54480083625
54490889592
54492397568
54500179968
54543527925
54551347200
54562248936
54575447760
54585907200
54587520000
54601063335
54633019077
54636195600
54642343936
54647239680
54668390400
54670443750
54684000000
54697781250
54701920000
54704043360
54711100080
54728960000
54732863808
54740047752
54743040000
54749952000
54778815000
54787962810
54789550200
54797783040
54805121875
54826200000
54837120000
54843750000
54846720000
54853632000
54858496000
54867456000
54882315936
54899968290
54930332250
54930937500
54946456250
54955450368
54982400000
54983639040
55000000000
55015953300
55025849088
55055446875
55058654664
55061233920
55091404800
55092283974
55099802880
55102633344
55104879375
55118000000
55118336000
55121472000
55145205000
55145326500
55181499750
55182816000
55193600000
55203734376
55209600000
55212300000
55218750000
55238464512
55250868750
55265034240
55269864000
55275816960
55319040000
55321200000
55330330176
55337782500
55351745280
55364678208
55368360960
55373199750
55376664000
55388208008
55407973040
55411260000
55414415952
55422484480
55449576000
55460673675
55468759500
55470630600
55477743750
55479178125
55525743000
55526700125
55539302400
55552000000
55558027008
55558967904
55562443776
55566000000
55576446408
55577025000
55590046875
55591305216
55601639424
55602014625
55608003360
55612958976
55616471040
55648280961
55686548736
55688448256
55715370750
55756800000
55757008125
55766430720
55782806625
55785723840
55786660864
55787605632
55788550416
55814653125
55823250000
55830568248
55830829500
55861622784
55896750000
55898422272
55907258589
55966796875
55979560000
55996416000
55999888000
56000000000
56010528000
56013635584
56022738750
56028485777
56033865720
56035737600
56056872960
56086114500
56087360000
56093506560
56100572703
56103900750
56123514258
56133455625
56144137500
56147968800
56162109375
56181600000
56216616300
56236432384
56248660224
56260575000
56281078125
56292120288
56299900176
56329728000
56359800000
56365533000
56373884416
56381165568
56401920000
56416854375
56440832000
56453760000
56455056000
56457533299
56458612224
56459200000
56468689920
56475066590
56479187520
56485801008
56491688400
56497500000
56500434900
56505855744
56512566000
56518705152
56538421875
56549514528
56596340736
56600775000
56609280000
56623104000
56633035680
56634412032
56640981780
56644000000
56672000000
56695011615
56695275000
56700067840
56700600000
56718750000
56737437120
56738322432
56745026118
56746089000
56773153125
56800009728
56820093750
56821643424
56826461250
56844288000
56885248000
56885692500
56916000000
56924208000
56946240000
56968312500
56983528448
56986234375
57000423840
57005559000
57047777280
57052539648
57058306250
57075200000
57100538880
57111328125
57132738936
57152418048
57159432000
57176295228
57197834505
57198720000
57200000000
57203718750
57210624000
57211217973
57212063370
57221840896
57240110592
57245958144
57254400000
57255079959
57258302000
57274905600
57302437500
57329664000
57330892800
57335850000
57338232372
57354058125
57354780672
57358336896
57366700608
57367284480
57393287910
57427734375
57428712264
57440883565
57465281250
57480658560
57520128000
57533962500
57537672192
57567744000
57582252000
57611503125
57624000000
57629880000
57631824000
57638031360
57661348500
57696178176
57708288000
57712929138
57713623040
57720062500
57725830008
57736800000
57737620125
57770858880
57774080000
57809977344
57813648750
57820780800
57834995328
57854793024
57881862500
57885594624
57895344000
57901056000
57913704000
57939779520
57959193600
57977897796
58047528960
58049600000
58052548125
58060800000
58095488000
58100723352
58104200000
58107995136
58121043750
58126359375
58163200000
58167656448
58171043840
58179763120
58181823000
58185546875
58187932670
58198694400
58223550000
58242187500
58250949120
58264440000
58265174016
58278608640
58290388992
58298240000
58298713200
58315359375
58315980800
58330964160
58335242240
58335552000
58343712462
58363740160
58369439744
58373217000
58373692416
58378793850
58378973184
58379656500
58380750000
58385081664
58406400000
58408121520
58436224000
58440493664
58447200000
58465280952
58471875000
58472493750
58492994616
58497513984
58525286400
58528143375
58531258368
58532321250
58543540560
58553933184
58559966176
58576608000
58593750000
58611990528
58645909504
58651031250
58673528550
58677696000
58692501504
58697100000
58713088000
58714115625
58720370688
58725810000
58730555520
58760452296
58773123072
58806000000
58809793875
58821669504
58835559006
58843968750
58844448000
58845508750
58851562500
58859716608
58875862500
58887914328
58907010159
58915454976
58940513280
58956000000
58959032832
58998128640
59007091248
59014987776
59018760108
59041861632
59043600000
59043840000
59055800320
59074412544
59078073600
59105344000
59107276800
59113472000
59129948160
59136480000
59141775000
59146240000
59161120200
59164926000
59187200000
59189792256
59190018048
59198080500
59231250000
59242385475
59247175680
59248766304
59256852480
59269803136
59281696800
59281869464
59284832256
59290481250
59296050000
59305623552
59311828992
59322375000
59339943936
59375383506
59375441500
59400355840
59406880000
59410260000
59436540625
59437987840
59459400000
59474142000
59478282500
59521392000
59527802880
59541075000
59542339584
59580186624
59582000000
59589416448
59594535000
59596019730
59597015625
59597441280
59616000000
59628800000
59653012221
59655706165
59664850000
59675484375
59731606440
59744563200
59745262500
59746896000
59780768256
59781888000
59793735680
59799168000
59821575275
59828156416
59841270840
59844160800
59850445032
59861887488
59864589312
59907244032
59919956250
59970129408
59973304320
59976765625
59982446592
60016000000
60025000000
60062500000
60073791750
60079864320
60125227344
60129542144
60167559375
60172600410
60197437440
60208051200
60217344000
60223224600
60236288000
60245859375
60256170681
60256714752
60257800960
60264000000
60265409400
60268505220
60273675000
60349731372
60368000000
60368490000
60397977600
60403200000
60423365475
60431532032
60443159040
60451413750
60457924800
60473734272
60476129280
60480000000
60498640896
60518596608
60527377008
60535312000
60543000000
60546875000
60574348800
60618323376
60624721040
60630661728
60649635840
60676128000
60693600000
60702846336
60713945604
60715980000
60727826250
60766592040
60771422880
60785786880
60800452096
60803398656
60814043136
60822815625
60825600000
60830862624
60832800000
60861480960
60866297856
60888712500
60888960000
60897409375
60901521408
60914073600
60948480000
60949905408
60970060800
60973875200
60980351040
60996100000
61011023472
61011968000
61014653784
61015625000
61017300000
61020469692
61030526976
61054687500
61056450000
61061495625
61085785500
61107696000
61121984484
61122600000
61138022400
61140318750
61149740904
61152952320
61158240000
61180821504
61223565312
61230400000
61236000000
61248150000
61267516128
61312777500
61318192320
61326720000
61345382400
61378820096
61382530053
61390602000
61391831040
61407900000
61411840875
61417574400
61452270000
61469557760
61474929750
61486425000
61492200000
61500063744
61502848000
61504000000
61519500000
61521972120
61527565008
61563279360
61574471784
61593354240
61612080894
61617867696
61625012625
61626166875
61641216000
61656268800
61662560256
61672089600
61691760000
61692968960
61702373376
61710336000
61746300000
61762629600
61774617600
61776000000
61803279720
61804312500
61843584000
61855200000
61856898048
61872486984
61875000000
61885687500
61902247680
61904080224
61905967500
61911500000
61917364224
61923139362
61942382775
61958050000
61983140352
62000000000
62011656000
62015625000
62056800000
62072308800
62092800000
62115954516
62121093750
62121738240
62122573249
62125010640
62150166000
62163849216
62174527488
62176142336
62200479744
62202511845
62233920000
62242048000
62285262984
62298747000
62300160000
62312712588
62324951040
62333969670
62334657125
62344213575
62365264304
62366008320
62381725560
62396006400
62400000000
62401215240
62437736088
62441280000
62446443264
62496000000
62500000000
62511750000
62523502209
62524153125
62526971520
62551844352
62595929088
62616628800
62633945088
62634425000
62649504288
62674560000
62678828160
62726400000
62743127040
62745467400
62761764924
62801156250
62804459520
62861056000
62869470300
62875375200
62895155400
62902228125
62927124480
62951814198
62955200000
62962099200
62962610256
62977005000
62980096000
62981259264
62995968000
63032000512
63042188625
63049097358
63064443750
63078400000
63078912000
63104012928
63111121920
63135190800
63143850000
63152905500
63172362240
63241764768
63243180000
63243887616
63270492393
63281250000
63287616000
63316678656
63370944000
63388800000
63392868000
63395006400
63397376000
63404775000
63407872000
63410135040
63441984375
63457992000
63488000000
63492746240
63504000000
63515938752
63516600000
63553149450
63598035384
63598080000
63622212500
63626314752
63641769984
63655957092
63672480000
63675871875
63691147218
63705074400
63711975600
63712419804
63712904832
63751779000
63755112960
63767347200
63798000000
63799492050
63804319488
63806363712
63808593750
63829491712
63830688896
63835858944
63838582731
63839350125
63842549760
63851287500
63870912000
63877939200
63888000000
63894009816
63922176000
63969750000
63973214208
63976640000
63995904000
64041449472
64049963005
64051762500
64067328000
64072265625
64086093750
64125476820
64159430400
64172851200
64179670016
64214581248
64232073360
64236545100
64237387500
64265730048
64265906250
64297800000
64328160000
64387960000
64406968587
64411200000
64415589750
64420400000
64421875000
64423526400
64424509440
64459346875
64506589488
64512000000
64513591296
64524128256
64524800000
64537538184
64546948732
64547642880
64555201152
64583101440
64592805888
64607301297
64627490250
64631693664
64686600000
64720207872
64725749144
64761016320
64775276544
64794600000
64800000000
64803338145
64817280000
64818768000
64819163136
64827000000
64839355875
64839862500
64842785280
64844934912
64867500000
64880640000
64889763840
64914296832
64923040000
64927220384
64928808960
64942080000
64961267712
65011712000
65023115040
65024695296
65055191040
65065528125
65086642152
65101522500
65106289920
65127125000
65152917000
65172750174
65197969200
65225834496
65229815808
65235899904
65250900000
65265664000
65281821696
65294558784
65318400000
65348000000
65367225000
65369700000
65384249112
65385215280
65420296704
65423155200
65434377096
65439030272
65445364827
65452233510
65470736214
65474062641
65487500000
65488500000
65501493750
65530218240
65547495000
65548320768
65563434720
65563876170
65572265625
65592329040
65660598432
65676344832
65678343750
65686272000
65745555372
65753100000
65760076800
65787199488
65804618943
65808288000
65824358400
65847665664
65851785216
65856000000
65862720000
65879961948
65888321536
65898684000
65905245000
65910620160
65942577792
65946415275
65962771875
65972377152
65984625000
66000000000
66029064192
66034237500
66049089792
66069561600
66088009728
66095275428
66102220800
66125855250
66129592320
66130032304
66142578125
66150700000
66171875000
66192180615
66195775800
66225600000
66233137536
66239078400
66253012992
66257664000
66260454624
66300000000
66330980352
66351471732
66355200000
66382977654
66391145856
66404800000
66423075840
66424050000
66430125000
66433537500
66439238229
66461810688
66464137224
66489567648
66493512000
66500494480
66512793600
66533755995
66541200000
66543750000
66545740800
66560541750
66562500000
66567536640
66572513280
66588770304
66627100800
66635156250
66646125000
66659760000
66662400000
66663959040
66678528528
66692103147
66706983000
66708056250
66712248000
66716108800
66716587008
66718080000
66725807616
66737671875
66754658304
66791070720
66796800000
66816800000
66825000000
66854923506
66897773397
66916608000
66939843750
66946134528
66960000000
66982575000
66983709375
66985132032
67015005345
67021097598
67021344000
67029750000
67034880000
67060224000
67062753576
67077144576
67082400000
67119463026
67120435200
67120634880
67120903168
67122956250
67154053120
67184640000
67212633600
67228000000
67240638864
67250250000
67254624000
67286700000
67321429695
67330110240
67331750661
67331962500
67387686912
67392000000
67450011552
67475362500
67475701566
67478400000
67500000000
67528125000
67552876125
67570312500
67572960000
67612292055
67614800000
67643670528
67645734912
67668357120
67687500000
67705583400
67712875776
67726316160
67760550000
67764498048
67770079908
67790026080
67797000000
67807884375
67881369600
67891587750
67899027924
67899144192
67914551250
67927475000
67930131438
67947724800
67949218750
67953600000
67954062400
67961206521
67968166500
67975180000
67976832000
67999067136
68023385118
68024448000
68067664539
68108040000
68110875000
68113611990
68115234375
68125224960
68147200000
68188400000
68211780000
68217909375
68219309700
68259594240
68271957351
68280300000
68317609472
68325221250
68337511704
68340554000
68343750000
68387078144
68388875100
68400508608
68410248192
68412859200
68425059690
68426203125
68436725760
68448000000
68451303424
68469166080
68473518750
68479950000
68480501760
68498801280
68516296875
68537290752
68557600000
68585259008
68590156800
68607556875
68616704000
68620612500
68637401406
68638464000
68642578125
68655762000
68659358208
68666400000
68685926400
68702699520
68709962400
68714545536
68719214592
68720999424
68736253952
68762925000
68766278400
68769941625
68796000000
68826542400
68868734976
68874753600
68878291680
68884200000
68904168750
68921600000
68929060278
68931506250
68971440384
68988174336
68999040000
69025747000
69035950080
69046591488
69087330000
69094771200
69142149120
69162912720
69174145152
69178725000
69187004712
69192000000
69205847760
69209437500
69259966300
69268019940
69292184832
69295261000
69306679296
69335949375
69346838528
69375468708
69398086226
69400800000
69403230000
69406050000
69420126720
69424128000
69435555840
69447533760
69448709880
69484314624
69503360472
69514453125
69520985856
69538996800
69555978240
69561483264
69577408512
69587100000
69606584320
69609375000
69623481312
69642090252
69650437500
69665184000
69702806250
69710940000
69731032896
69734507040
69735688020
69750000000
69763113000
69778800000
69815715744
69825519204
69854400000
69874650000
69877104640
69905203200
69906615625
69911023104
69924096000
69934330368
69940260000
69972000000
69977600000
70002662400
70013160000
70020304200
70056900000
70061654016
70070920857
70071091200
70087680000
70116883200
70123180680
70135531500
70137446400
70160688000
70160922342
70184961000
70270200000
70270770375
70276800000
70291556352
70308000000
70310825280
70317217152
70319287500
70325718750
70325895168
70331040000
70366725000
70370824896
70379269632
70412160000
70413235200
70413806736
70420420224
70463728125
70480692324
70506946692
70510528998
70516998144
70543872000
70567200000
70582326750
70585862400
70596603000
70601932800
70607251260
70614610500
70625543625
70632319680
70633500000
70642575360
70657007616
70657742848
70669843200
70671744000
70711413696
70726500000
70733295360
70745425920
70750968750
70773248000
70791294600
70801227225
70809200000
70837874688
70849130625
70852608000
70866000000
70866432000
70870464000
70875000000
70883737600
70911477000
70926412800
70963200000
70967600000
70969660928
70978600960
70989662304
70997911200
71000012160
71020882944
71036831250
71043328125
71046539264
71074176160
71075055072
71090307072
71107115625
71124480000
71155260000
71170578720
71198568000
71203125000
71222128497
71250529800
71280000000
71293400640
71308981898
71315674560
71322048000
71324218750
71324958720
71330371875
71352078336
71357412672
71385600000
71401992480
71415923670
71424000000
71449290000
71455431096
71456175000
71466381250
71520164800
71526400000
71528191000
71537090625
71549948862
71582200000
71618826240
71620319232
71639296000
71693475840
71708375760
71709105600
71752262400
71772750000
71785890330
71809525008
71850823200
71869400064
71871141888
71876260197
71880177600
71881509375
71884800000
71944930512
71957268864
71959680000
71973720000
71995392000
71999856000
72000000000
72034638000
72038405120
72039780000
72053397504
72055526400
72063558358
72072585000
72073650000
72089600000
72105031250
72162144000
72164400000
72213573600
72223628750
72268906496
72269936640
72277920000
72309361152
72316800000
72320556672
72327349248
72328704000
72361538001
72369180000
72383051520
72397670400
72423936000
72436455000
72445132800
72448992000
72460917760
72462600000
72472950000
72490070016
72505125000
72566784000
72576000000
72589644288
72590400000
72604730457
72652800000
72699496960
72724703900
72729231360
72735932416
72749665248
72783360000
72813686400
72820871424
72828000000
72859176000
72862986240
72864000000
72873391500
72900000000
72912000000
72913705200
72921558528
72930375000
72931747000
72972900000
72974570625
72981352080
73013329920
73014444032
73021725504
73038420000
73050617080
73073137500
73116160000
73122030072
73138176000
73155526164
73158400000
73164072960
73171217889
73179425700
73182480000
73188991638
73196487000
73199957720
73214361600
73219964928
73241250000
73247326208
73255953204
73264988160
73268015625
73297031625
73300705280
73367798784
73382400000
73390387392
73392128000
73400320000
73413194400
73414978560
73446750000
73473172500
73483200000
73507500000
73509304032
73523646378
73556335488
73575184375
73581007500
73585983488
73594427904
73612800000
73625000000
73633276314
73638841500
73667825000
73705282560
73709568000
73722894336
73740931875
73741860864
73746433152
73768734720
73773450135
73786781250
73789452800
73811250000
73819570944
73885887936
73904153760
73909075968
73912341888
73951400250
73972237500
74009152000
74021935104
74060957880
74077369344
74102121000
74102700000
74106040320
74135519232
74136019500
74148750000
74150968320
74153984000
74159271684
74180800512
74187767808
74206759392
74219301875
74265283274
74267580672
74280960000
74293800000
74299680000
74327113728
74342400000
74351200000
74353399680
74384733888
74396286342
74401740000
74419537500
74419840000
74431000000
74432397312
74435328000
74450534400
74477500000
74518963200
74519990272
74520673920
74573465736
74576700000
74607167232
74611274283
74614316400
74622352896
74635200000
74657983488
74664508050
74705400000
74724856128
74725960320
74727056250
74767109375
74791342080
74800763604
74801588550
74805201000
74809606144
74813056290
74831352344
74844000000
74858850000
74861718750
74882812500
74889360000
74912366592
74916023520
74924973189
74938859520
74954880000
74955718656
74977689600
75013344594
75046422528
75054100000
75102116544
75132288000
75146400000
75186832500
75209472000
75271680000
75276536160
75279030750
75320280000
75322251200
75335631525
75355396875
75376998400
75386025000
75408468750
75410156250
75414550000
75442378752
75450286080
75467700000
75488256000
75494300000
75497619456
75502310400
75528929280
75572406000
75576115200
75600800000
75602875392
75607605248
75614212800
75625000000
75646506250
75659221260
75661452000
75676778496
75712000000
75726233856
75742800000
75748442112
75750681600
75760125000
75766120848
75772904220
75804470784
75830253408
75880571904
75891200000
75891364346
75892432005
75916912500
75922015554
75930557976
75934415844
75952816128
76000565120
76011736500
76038578280
76076818272
76101451776
76103138034
76118999040
76148437500
76167000000
76187381760
76236552000
76250087424
76263531520
76263779340
76271625000
76275587115
76293750000
76325483520
76339200000
76354083351
76357231875
76371886080
76384620000
76393580868
76402480605
76405626864
76418409375
76420270080
76441488669
76448320200
76454598168
76472077500
76488934144
76492512000
76500000000
76506135552
76535746560
76554436608
76571616352
76585660704
76589499000
76595540112
76600525824
76602240000
76624734375
76640256000
76677120000
76677744096
76686044160
76705370280
76707957744
76711950000
76716896256
76761006080
76772407296
76800000000
76801894400
76814438400
76815337500
76832000000
76846444416
76853477376
76859955606
76880000000
76883123250
76909456260
76921915392
76950432000
76950572184
76977094656
76982400000
77022334620
77027811840
77039943750
77078200320
77085727488
77091209216
77114700000
77165670400
77203287000
77218272000
77230516608
77233932288
77241777984
77255100000
77271662592
77312000000
77332320000
77341907808
77347160064
77370439680
77371047936
77376000000
77377809600
77380100280
77386143744
77389375000
77410856250
77416922880
77446656000
77475200000
77480161200
77494725000
77505793750
77507488000
77517440000
77590386000
77598889056
77616000000
77616630000
77631400000
77635584000
77644943145
77656250000
77656263300
77658882840
77685920000
77693060250
77704778250
77718750000
77751944064
77752475326
77755023360
77760000000
77791616616
77819968512
77837760000
77838630912
77841000000
77851204704
77856578730
77863059456
77929600000
77935115520
77956003125
77963325000
77965465248
77988281250
78001519050
78014054400
78025872375
78029783040
78037524500
78073003008
78078633750
78078873600
78081806250
78096484375
78100013376
78102144000
78158714400
78189484032
78189805440
78201375000
78204000000
78213600000
78240743424
78255450000
78260710248
78262800000
78270786000
78285487500
78310115625
78310546875
78328332288
78364164096
78379280640
78394982400
78395900000
78400000000
78413058500
78414739200
78440151552
78447412008
78450032640
78463728000
78468750000
78472826250
78529413361
78530909184
78542680212
78553956250
78586200000
78586837875
78606028800
78607156320
78636259576
78658905600
78675968000
78676121664
78693120000
78703262820
78724800000
78730165250
78732000000
78737667840
78764805000
78836793750
78880016160
78886568000
78918988500
78955264269
78964479363
78965452800
78994292256
79035264000
79037078400
79054859520
79056165888
79061400000
79070862528
79071510528
79096500000
79101562500
79124955000
79167178008
79179311484
79221120000
79228125000
79241085000
79243758000
79252992000
79272345600
79286249952
79297374492
79298560000
79309711360
79319531520
79360000000
79380094976
79388100000
79407708160
79411503125
79432411968
79452555264
79462687500
79497544230
79498838016
79541518336
79548057600
79552315392
79586918400
79627026432
79631343000
79640524755
79660350000
79692609024
79709184000
79716150000
79729272000
79747200000
79788361120
79800593376
79833600000
79867512270
79893275000
79896300000
79905280000
79940754432
79974400000
79976160000
79985952000
80023204800
80057381250
80080650000
80096888718
80098389000
80156846025
80211384000
80224556544
80237304000
80273531250
80295681375
80308800000
80313479168
80329829632
80341560908
80350603074
80352000000
80362533888
80364900000
80372250000
80373427200
80388196875
80390154240
80409039984
80417236991
80435700000
80451993600
80460185400
80472921984
80480480256
80528179200
80542836000
80579367648
80583461712
80609280000
80615152800
80633236860
80666565120
80681254875
80681832000
80683685915
80693243904
80694001440
80724000000
80744343750
80747988750
80785715634
80794140672
80799072256
80848475136
80858250000
80924800000
80931502080
80937806040
80942400000
80949093120
80957571072
80970435000
80975904768
80994816000
81038967750
81082856250
81100800000
81142871040
81145608192
81151200000
81184950000
81192375000
81285120000
81319940625
81348031296
81351773250
81369792000
81375000000
81376903125
81406250000
81407158272
81415327500
81439461376
81447714000
81463105738
81469440000
81478172160
81495979312
81520425000
81527316480
81542495232
81544320000
81551328768
81598522824
81618198480
81622204416
81633530880
81642373120
81663349824
81664200000
81714368160
81730311390
81731519100
81746504000
81750370000
81756675000
81768960000
81771370128
81783763200
81788928000
81792971370
81810713600
81840000000
81843373404
81860625000
81920000000
81931520000
81934368750
81935400960
81954293400
82008664800
82012500000
82026000000
82031250000
82039168750
82046671875
82066489344
82075748040
82104483840
82119744000
82124070912
82143600000
82148774400
82168222500
82169690625
82181944215
82193700864
82198323200
82200096000
82222777728
82237592192
82255680000
82280448000
82349952435
82396406250
82403241984
82405750000
82419684375
82426462208
82447497216
82465471440
82473600000
82495389600
82500000000
82516718592
82538773632
82541290000
82545364737
82556485632
82564185816
82619094285
82620000000
82661376000
82678120448
82700800000
82709303040
82730419200
82748440576
82750187520
82781927424
82804736000
82828125000
82852832000
82863000000
82876303125
82885132288
82923750000
82939339665
82944000000
82946045952
82959593472
82994375520
83013134400
83030400000
83047017312
83080171530
83090540000
83111959560
83121623928
83125618100
83140992000
83153408000
83160498176
83213182976
83283876000
83328000000
83329948800
83338416000
83338924032
83363119866
83365537500
83397600000
83402459136
83417600000
83434427622
83436417792
83443322880
83447609344
83453400576
83472480000
83496960000
83501695368
83517988631
83521152000
83531250000
83532672384
83547731456
83568034368
83580525000
83606315616
83624249016
83635200000
83642388480
83644561872
83645654400
83653128000
83669449500
83708087040
83711229952
83718835200
83721089376
83734875000
83777779176
83846430720
83869637500
83896484375
83900793600
83925600000
83949926400
83952618750
83969340000
83980800000
84027024432
84040411000
84043575000
84047673600
84050798580
84062812500
84085925000
84092580000
84111810048
84135896064
84155851125
84172898304
84185271387
84191800000
84216206250
84241640574
84255178752
84276412416
84291271680
84300223986
84312514440
84325183488
84327750000
84330803200
84332160000
84344203125
84350315520
84360656524
84364800000
84371573160
84375907308
84411411552
84440070000
84515886000
84539700000
84543834375
84551775000
84620422656
84629504000
84631979250
84641094720
84642195456
84666580992
84672000000
84688800000
84712599885
84736927548
84737532600
84786020352
84818313216
84851712000
84874609456
84894511104
84901162500
84907163250
84909490176
84921529624
84946949120
84970045440
84988569600
85007812500
85030560000
85051794432
85064000000
85065989400
85073228856
85078125000
85079992032
85085437500
85100101632
85119133500
85154015232
85200353376
85211490000
85230140625
85233039021
85270027752
85282689024
85360044672
85363425280
85377600000
85402350000
85419360000
85434604983
85448125000
85462784000
85475067750
85486093875
85496366592
85500000000
85500635760
85536000000
85556250000
85558809600
85587459375
85593231360
85614133248
85625100000
85642444800
85663678464
85708800000
85713252352
85718701250
85770880000
85805578125
85880661048
85881600000
85883535360
85887453000
85898690560
85911902208
85948563456
85953871872
85977889200
85984604160
85996339200
86033178000
86050050912
86056992000
86080320000
86093442000
86097864600
86103987200
86110801920
86122334375
86130760968
86143068396
86206208000
86248800000
86261760000
86297702400
86300943750
86318776320
86340925440
86351616000
86359162500
86368464000
86370156544
86422781952
86436000000
86441565600
86453150000
86453640900
86465280000
86467681440
86472015000
86487102000
86487367680
86524591608
86544267264
86569393707
86574957875
86580093750
86585024925
86648100000
86656288320
86663146752
86700000000
86713299036
86719335885
86727610368
86732800000
86768017776
86775224800
86777780544
86782189536
86796582912
86803301376
86809417200
86810887350
86821875000
86822793750
86870556000
86877561600
86879520000
86887505250
86888153088
86897000232
86901232320
86913760584
86959372500
86970433536
86973087744
86975014896
87010232400
87013200400
87040000000
87048000000
87058022400
87099705000
87120000000
87127488000
87149357568
87168133800
87169610025
87181565625
87187500000
87234789376
87269644680
87281899005
87312411648
87319904256
87334415784
87335325000
87354408960
87360000000
87361701336
87363281250
87396660000
87398784000
87417792000
87429687500
87515568693
87516450000
87530856000
87537760128
87571125000
87580055552
87588864000
87632962560
87643296000
87646104000
87660740496
87663280320
87670800000
87700120625
87700860000
87708740625
87750359424
87824507904
87836926464
87839949264
87843654360
87864912000
87888531600
87926243328
87932160512
87948751872
87950720000
87963531120
87969024000
87976546875
88008818688
88017258420
88025525280
88045650000
88053217560
88097974272
88098917868
88100865405
88104239104
88146247680
88146938880
88172823375
88181047296
88232328000
88232522400
88236750000
88245778050
88259064075
88268263125
88277343750
88288000000
88290399600
88310476800
88326464256
88329922560
88332042240
88353275904
88355570688
88387200000
88409475000
88431782400
88441307136
88469550000
88473600000
88486041600
88488855000
88489118250
88510464000
88510636872
88562792448
88565400000
88569357984
88578050000
88652756864
88658016000
88658530560
88696560546
88704720000
88721600000
88737077880
88747389000
88750000000
88750015200
88753008960
88774189056
88805998592
88889844736
88904704704
88922804196
88944075000
88957440000
88983562500
89037312000
89056000000
89062400000
89063075259
89063162250
89092575000
89095020768
89137152000
89144593200
89183763396
89196765840
89217423750
89229600000
89253125000
89257158144
89274286080
89310100000
89311612500
89319288870
89329327200
89340979200
89343254016
89348852736
89373000000
89402156298
89429114880
89440811712
89443200000
89470313829
89494179840
89497275000
89506736640
89544831264
89579520000
89610958125
89616844800
89617893750
89636382000
89654185152
89669948207
89672832000
89689600000
89695431000
89719987500
89737783200
89749610496
89756008448
89761906260
89775667548
89775950000
89792271360
89812800000
89813529000
89841991680
89879934375
89893440000
89908686080
89931163140
89932207232
89946586080
89964000000
89971200000
89989120000
90016920000
90046687500
90048425922
90049725000
90075015625
90091008000
90093750000
90105561000
90176716800
90202844160
90229332375
90234587736
90250000000
90266967000
90283322844
90349903872
90360106544
90366700032
90386701440
90396000000
90400695840
90410512500
90416342016
90438136200
90461475000
90490641696
90529920000
90561240000
90579000960
90612857088
90625570848
90640334848
90665422848
90665920512
90697150368
90699264000
90710212608
90712018584
90724673403
90756886052
90779899392
90785808384
90814500000
90820312500
90845669376
90877326336
90905879875
90918912000
90928794418
90957212500
90986328125
90994176000
90999619584
91017108000
91032361056
91040400000
91060326000
91077267456
91078732800
91090699821
91091739375
91113984000
91119168000
91125184512
91142131500
91148805888
91149300000
91200678144
91220800000
91234937500
91249920000
91260000000
91277156880
91306600000
91313271350
91333068750
91354038272
91445760000
91455091200
91487337786
91494150000
91499947150
91516535208
91517952000
91523437500
91539301392
91541016000
91546875000
91582031250
91592417280
91611520000
91639398400
91682976726
91709748480
91710478125
91766493000
91789426638
91829260656
91833004800
91842895872
91845600000
91854000000
91871268552
91872225000
91884375000
91905413704
91964817000
91969053696
91969166250
91971360000
92029751424
92067741696
92124312000
92129821875
92198400000
92207808000
92210918400
92256000000
92258157600
92267343000
92274868224
92279250000
92280601600
92335170564
92342229504
92352100000
92403514368
92433374208
92452699586
92493840384
92497386240
92519212500
92522938368
92537640000
92541400000
92543109120
92545644625
92565504000
92576197350
92581429248
92632550400
92634033375
92669399040
92688264960
92694118400
92699089605
92703647232
92706468750
92715840000
92734709760
92754395136
92782800000
92812500000
92840700771
92856120336
92858951250
92867250000
92897280000
92937075000
92961076896
92980917360
92992306176
92994048000
93000000000
93002175000
93051748352
93087620992
93100692272
93102704640
93117911040
93147258393
93164037120
93166200000
93170756250
93181640625
93194551296
93201518592
93245773824
93277941120
93323664000
93327360000
93329542656
93356890848
93382502400
93389776200
93392896000
93400278125
93405312000
93406070160
93407450400
93424576000
93427894476
93436200000
93452994432
93484744704
93500954505
93514042000
93517627392
93547896456
93555000000
93571159500
93622864896
93624960000
93636000000
93648555000
93702400000
93712605056
93714382848
93716480000
93717242784
93744000000
93759050000
93790400000
93820200480
93827766528
93829881600
93877645680
93884313600
93900000000
93906540000
93930845184
93951637500
93968609280
93968888832
93974256432
93984000000
94003200000
94015674368
94022664192
94089600000
94152814000
94162500000
94178000000
94201734375
94220845056
94285632000
94348800000
94371840000
94390686720
94397028352
94443143168
94465507500
94470144000
94517280000
94535417856
94549021875
94563870720
94574026575
94596665625
94603281250
94654759680
94657792320
94707651060
94715775000
94716130275
94716928800
94740480000
94787816760
94810963968
94816842624
94835292156
94864000000
94875757704
94955348250
94986777600
95000706400
95006081547
95006545920
95033917440
95048222850
95107162500
95154624000
95167564800
95232000000
95234227200
95244484608
95251018500
95274900000
95329724175
95331200000
95350279136
95353631568
95360198400
95375314944
95429441250
95433318750
95449129864
95458176000
95483935638
95485734981
95506324992
95507033580
95536720827
95548197888
95551488000
95557341376
95563431936
95564924928
95568247710
95570570304
95591301120
95594400000
95622228000
95682262500
95684848000
95692860783
95697000000
95712890625
95714520440
95744425140
95746033344
95811416064
95866880000
95884947180
95886523278
95898321792
95945850000
95959821312
95964960000
96019171875
96040000000
96046184000
96049800000
96063385600
96098200000
96129140625
96136820325
96160296960
96180480000
96183779328
96187500000
96188215230
96208459776
96219200000
96276160656
96277918275
96315899904
96333037879
96347750400
96352645662
96357159360
96367968000
96370560000
96393375000
96412481536
96424655040
96429608352
96457639936
96488257536
96492240000
96504108750
96557312000
96598656000
96616800000
96621525000
96623384625
96630600000
96650330112
96677384760
96722262000
96725125350
96732679680
96737427456
96737722368
96743387858
96745881600
96754246875
96787200000
96799008768
96806307276
96820423098
96828160000
96841119375
96846658560
96916805856
96946094080
96987982500
96999553664
97036758000
97060425000
97064100000
97068367872
97070329125
97103502027
97131014400
97161120000
97188249600
97209778176
97216000000
97226547264
97228193832
97240500000
97259793750
97298288640
97344000000
97378369536
97383600000
97384560000
97390854144
97430850000
97449218048
97451460288
97462891008
97488324360
97517568000
97540625000
97563218688
97568561664
97574400000
97653620736
97655000000
97656250000
97690687500
97698393000
97729375500
97737256800
97772313600
97823731712
97827946496
97838482500
97856828125
97867284480
97955205120
97964230000
98003727360
98028425880
98035826688
98079660000
98109107712
98135017344
98150400000
98163636480
98178350265
98192424960
98234188800
98242773750
98252240625
98260000000
98265054720
98310300000
98321242500
98323632000
98330214400
98345152080
98365031424
98379078525
98388671875
98403102720
98406400000
98425525000
98426094592
98435155392
98457031250
98472213000
98502495000
98517515625
98524825308
98549913600
98560800000
98578529280
98600020200
98618333058
98629650000
98648735625
98649653760
98706816000
98745292800
98761420800
98803600000
98819942922
98820207360
98835244200
98835271416
98841600000
98842705920
98847358976
98848026000
98850151764
98853048320
98885247552
98899605504
98899906560
98907734016
98929600000
98940441600
98958972510
98970550272
99017100000
99026613504
99043596288
99051356250
99054697500
99107812440
99121718115
99123200000
99123570000
99145987254
99174606336
99179645184
99193359375
99195048456
99213004800
99216731250
99225000000
99226050000
99237232640
99300006000
99300311040
99315694080
99330012096
99370041344
99382140000
99400017024
99508849920
99524018952
99574272000
99574466481
99636075000
99650306250
99663049728
99665280000
99669245952
99694546875
99734351472
99735451400
99740268000
99748937728
99750741720
99760472064
99774315520
99792000000
99792810000
99810760896
99811800000
99840812625
99841944384
99843750000
99854942208
99857989632
99859938750
99873116640
99895542144
99896810112
99955507200
99962789472
99970744320
99982293138
100017792792
100035264000
100043154432
100058516649
100062084375
100109647872
100195200000
100249110000
100266356736
100279265625
100337737500
100341906651
100346752000
100370866176
100386718750
100392747840
100409765625
100453167360
100454854656
100473862500
100500701184
100511299980
100544625000
100591152480
100600600320
100623600000
100627488000
100632248640
100636563456
100663296000
100682121216
100683399168
100684434375
100693580000
100768941000
100791546075
100793548800
100800000000
100831068160
100851623424
100860958296
100864327680
100867501800
100881936000
100907359875
100957248000
100997943750
101010109375
101013500000
101039400000
101044648800
101072812500
101075779584
101082726400
101126880000
101130120000
101213798400
101243520000
101250000000
101293259375
101336272128
101343554494
101355468750
101426737152
101428588800
101432010240
101435801600
101445284864
101461321143
101474893824
101481600000
101502720000
101523456000
101531250000
101580800000
101589280000
101598617250
101616768000
101655119862
101685039120
101695500000
101716003125
101767311360
101779295744
101785600000
101820923904
101869974140
101891212500
101896704000
101921587200
101923828125
101962770000
101978472448
102008180736
102022748100
102060000000
102060122112
102079187280
102153975000
102164398875
102166312500
102173892912
102218070528
102267666432
102273908736
102282600000
102293420697
102294283104
102319718400
102362624000
102420450000
102442866750
102461925888
102479940808
102483220357
102488604672
102500106240
102509064000
102510831000
102570983424
102585719808
102594685050
102600762912
102605465600
102643200000
102655590400
102663115625
102719925000
102735360000
102760448000
102771317376
102778472160
102780969984
102870000000
102876480000
102910500000
102930918750
102956102109
102957696000
102977784000
102983643000
103032759375
103037021109
103053850074
103072640000
103081839300
103094830080
103119237000
103187395584
103195607040
103272006240
103276228608
103282830189
103292000000
103326300000
103335750000
103356253125
103379431680
103393590417
103402472448
103417876224
103437824000
103465815264
103498560000
103536230400
103566228480
103573831680
103596640875
103606415360
103624212480
103639851000
103655784375
103680000000
103685341032
103695006250
103722155488
103723200000
103743271562
103748456448
103788000000
103808250000
103811355648
103814156250
103874918400
103878180864
103880200704
103884521472
103889949450
103890812928
103907022625
103926240000
103937714944
103941760000
103951100000
103984375000
104000000000
104019552000
104068800000
104077405440
104086994375
104088305664
104094759552
104097129339
104104845000
104109075000
104136192000
104162436000
104178416166
104268500000
104291603136
104326548480
104328943488
104350400000
104380650000
104413487500
104414062500
104445816032
104463135378
104475656250
104485552128
104515920000
104530311270
104554209375
104571878400
104574412800
104608905489
104612352000
104616344448
104618304000
104625000000
104630435000
104652900000
104674099200
104700781250
104707878912
104723573616
104738278806
104755200000
104785816293
104873499549
104875992000
104882432928
104901495552
104902201872
104914403328
104947726464
104963309568
104966400000
104968765440
104971090944
104976000000
104995735488
105003436032
105046700288
105054732288
105057736938
105063498225
105078515625
105102648000
105109375000
105131520000
105185203200
105186434375
105203297250
105219147852
105241383513
105285972484
105291225000
105300000000
105338880000
105343875000
105380352000
105390643050
105415200000
105448392000
105450820655
105462000000
105468750000
105469884135
105473441898
105478931250
105514057728
105514264440
105527797760
105556237344
105575400000
105582528000
105594098688
105612029901
105613200000
105683558400
105721038486
105740500992
105801368400
105850800000
105907488984
105913241280
105921915750
105922909764
105950250000
105957031250
105982525440
105996800000
106017961984
106032712500
106082065908
106092923904
106103658024
106120800000
106151912030
106168320000
106188174720
106196631552
106213800000
106249404807
106278912000
106288200000
106300440576
106329600000
106345123236
106400791168
106404249600
106433906688
106445664000
106454009592
106463232000
106480000000
106516021248
106536960000
106555246875
106562500000
106566598656
106603361280
106608940625
106644916224
106662334464
106698472452
106724060352
106731172800
106743175000
106768944128
106770944000
106777343750
106803422208
106848787500
106855676928
106875794700
106920640512
106938468000
106954752000
106963472847
106986328125
106988378112
107024302080
107026920000
107085361500
107089516800
107136000000
107149392000
107150045184
107153200000
107184262500
107224008552
107294720000
107296358400
107321760000
107372544000
107374182400
107387518392
107393015808
107433553500
107502009048
107508000000
107522652160
107540213760
107541472500
107601243750
107616802500
107622330750
107628724224
107632000000
107659125000
107673238764
107678835495
107714287512
107719489440
107755325622
107818620000
107831268468
107867013120
107948953125
107951947776
107958794240
107960580000
108028800000
108031938560
108045000000
108051957000
108056025000
108067051125
108084601800
108095337537
108110475000
108112500000
108134400000
108143755776
108149606400
108157546875
108179667288
108214681600
108236800000
108246600000
108268779520
108269038800
108299953125
108328933440
108335443125
108355387392
108374492160
108425318400
108426587500
108429437376
108460022220
108464041728
108469031000
108472225680
108510483200
108511771500
108520398000
108553770000
108590625000
108626540400
108638240256
108667467776
108689817600
108693900000
108702920403
108716359680
108718768620
108722435976
108726499840
108749066400
108839116800
108850839552
108857032704
108864000000
108885600000
108960167250
108976974561
108981779184
109000359936
109012622208
109033827840
109038592000
109058400000
109087055850
109109161728
109124497872
109158637500
109169344512
109175040000
109202126670
109217030400
109266038154
109310902272
109322006400
109337116672
109340887500
109368000000
109389700000
109395562500
109408327776
109422200160
109460574720
109480095504
109486080000
109493096625
109550665728
109557630000
109575925620
109600128000
109610243750
109622937600
109645332480
109652400000
109674240000
109707264000
109716422400
109746109440
109748628864
109752975360
109760000000
109764631872
109771200000
109780634880
109799936580
109830045696
109831140000
109833088617
109860664500
109861875000
109892912500
109964800000
110000000000
110021573025
110030469120
110031906600
110048440320
110050018848
110051698176
110075314176
110081816320
110110893750
110117309328
110122467840
110123647335
110182809600
110184567948
110205266688
110209758750
110270727000
110290410000
110290653000
110333340000
110362999500
110424600000
110437500000
110501737500
110505295872
110539728000
110551633920
110578630656
110644704000
110645203968
110647680000
110649369600
110651909760
110660660352
110675565000
110705126400
110729356416
110730297608
110735100000
110746399500
110755840000
110756741472
110768365728
110813902848
110815946080
110828831904
110852072672
110868037632
110899152000
110909568000
110921347350
110926200000
110937519000
110937960125
110954188800
110955487500
110958356250
110981283840
111047344128
111053400250
111072287744
111104000000
111116054016
111117935808
111130880880
111132000000
111154050000
111180093750
111194311680
111203278848
111204029250
111262394880
111274851168
111296561922
111318451200
111373097472
111376896512
111397924911
111404700000
111430741500
111496734657
111513600000
111514016250
111527680000
111565613250
111575211264
111594429513
111600000000
111629306250
111639515625
111646500000
111661659000
111702240000
111724800000
111739753125
111746263608
111814517178
111819128832
111867392000
111933593750
111959120000
112021056000
112032486720
112045477500
112056971554
112090584375
112112910000
112172229000
112184911872
112187013120
112197089088
112201145406
112202382825
112207801500
112216850400
112219584435
112247028516
112257100800
112266911250
112288275000
112308363648
112320000000
112324218750
112413953925
112433232600
112497320448
112500000000
112520016891
112539672000
112546215936
112546875000
112562156250
112574280000
112596977664
112599800352
112719600000
112739450880
112780595200
112818618368
112833708750
112854153555
112861213920
112887889920
112915066598
112918400000
112920597504
112933191168
112937379840
112937628672
112940365824
112950133180
112954564800
112954595904
112971602016
112983376800
113000869800
113011711488
113014407168
113025132000
113037041551
113037410304
113048027136
113060689000
113076843750
113112703125
113154195456
113165240320
113192681472
113201550000
113266071360
113276878848
113281963560
113294720000
113312928456
113328730368
113349888000
113390023230
113390550000
113400000000
113437500000
113447250000
113469759375
113490052236
113492178000
113520013824
113542041600
113546306250
113600019456
113640187500
113643286848
113652922500
113667840000
113669325000
113700907008
113771385000
113799168000
113837046519
113848416000
113869800000
113892480000
113906250000
113927664375
113936625000
113972468750
114000847680
114011118000
114061209600
114069441024
114105079296
114115276800
114116612500
114134169600
114138243072
114189075000
114222656250
114265477872
114286943232
114299322368
114316928000
114318864000
114326016000
114341538816
114345928125
114352590456
114395669010
114400115424
114407437500
114422435946
114424126740
114427945984
114432263680
114476544000
114504499200
114508800000
114510159918
114516604000
114534999040
114543296736
114576000000
114604875000
114610464000
114671700000
114676464744
114688000000
114699200000
114708116250
114709561344
114733401216
114781224960
114786575820
114855468750
114857424528
114864362496
114881767130
114892800000
114906047256
114906400000
114916589568
114930562500
114961317120
114963200000
114980290560
114998400000
115008284160
115059916800
115067925000
115077652480
115164504000
115223006250
115231150125
115236915200
115248000000
115263648000
115269666624
115289933409
115315200000
115322697000
115324684875
115343079600
115425858276
115440125000
115475240250
115493545440
115511132160
115541717760
115557580800
115559915625
115577280000
115627123584
115627297500
115668000000
115697673000
115700211200
115725926400
115760814336
115763725000
115790688000
115793024256
115807191040
115822586880
115825238496
115827408000
115850262528
115878297600
115918387200
115926630400
115955795592
115962347520
115964116992
116093250000
116105096250
116115075531
116147965824
116192125728
116242087500
116252718750
116258690625
116326400000
116332523125
116359526240
116367552000
116371093750
116375865340
116447100000
116484375000
116501898240
116528880000
116537573376
116541217016
116563968000
116580777984
116597426400
116628712989
116630718750
116661928320
116671104000
116687424924
116688600000
116757587700
116759313000
116761500000
116769423360
116770163328
116785152000
116801574912
116820652032
116837600000
116871856128
116880987328
116894400000
116895744000
116930561904
116944987500
116965195776
116982421875
116992512000
117056286750
117062516736
117064642500
117099343872
117103916160
117117950625
117119932352
117122709375
117153216000
117177747456
117191321856
117206369280
117223981056
117302062500
117328053528
117347057100
117389312000
117394200000
117428231250
117448991712
117451620000
117455192064
117461111040
117553920000
117573120000
117612000000
117619587750
117671118012
117678080000
117687937500
117688896000
117691017500
117695592000
117703125000
117709239375
117751725000
117761679360
117775828656
117783604224
117786240000
117800875936
117814020318
117822146400
117830934375
117954392832
118007780352
118014182496
118029975552
118037520216
118063124480
118081884375
118087200000
118090441728
118095247875
118110720000
118120202424
118163155968
118210688000
118240479000
118300000000
118322240400
118329852000
118368138240
118372810752
118384563825
118396161000
118453125000
118458425120
118483845120
118484770950
118493736192
118497532608
118539606272
118540800000
118563738928
118569664512
118571562720
118580962500
118592100000
118617631200
118633900000
118644750000
118660303944
118725723648
118750767012
118750883000
118800000000
118823298867
118870080000
118873081250
118874931200
118934120448
118944291375
118956565000
118958063616
118976015041
118993903000
119024400000
119026905088
119042784000
119082150000
119164000000
119192039460
119194031250
119257600000
119259379512
119306024442
119311412330
119329700000
119340000000
119350968750
119383791975
119463212880
119490525000
119508795392
119513959600
119519550000
119561536512
119563776000
119616307200
119643150550
119644335360
119680531425
119682541680
119700890064
119782333440
119830523904
119839912500
119856183975
119940258816
119949776640
119953531250
119957760000
119961600000
119992320000
119995126272
120000000000
120014258148
120065985072
120086071875
120088995840
120117312000
120125000000
120147583500
120223927296
120236949504
120250454688
120270240000
120270458880
120335118750
120345200820
120378445824
120415946625
120434688000
120446449200
120449894400
120487635072
120491718750
120512341362
120512448000
120515601920
120528000000
120537010440
120545582080
120547350000
120555122688
120606720000
120662784000
120699462744
120741888000
120794962500
120816783360
120846286848
120846730950
120877295616
120902827500
120915849600
120964005888
120982740480
121007884095
121054754016
121086000000
121089822336
121093750000
121116515625
121178573451
121194198432
121215385600
121224384000
121234978125
121236646752
121237668864
121261323456
121287500000
121305600000
121372823904
121385848320
121387200000
121407070239
121427891208
121455652500
121494836736
121500000000
121550625000
121558451625
121600904192
121618778400
121624284375
121631328000
121645631250
121661725248
121688883200
121732595712
121777425000
121794818750
121803042816
121810394112
121813120000
121814325360
121856000000
121899810816
121907369088
121929465856
121968000000
121970800000
121973688320
121978483200
121992200000
122022046944
122023936000
122027659875
122031250000
122033274880
122035387320
122040939384
122043285504
122061053952
122109375000
122112900000
122122991250
122171571000
122177502552
122194658607
122215392000
122243968968
122280637500
122296172544
122304000000
122316480000
122317312320
122358297600
122384908800
122395455000
122396451840
122460800000
122464787328
122496300000
122502290625
122523030000
122624409600
122625404928
122625555000
122653440000
122657082632
122686147584
122700614400
122728592448
122761267200
122765060106
122781204000
122821920000
122823681750
122867269632
122873095800
122904540000
122949859500
122972850000
122981116104
123004256256
123008000000
123018750000
123023376000
123032618240
123039000000
123055130016
123058753125
123148943568
123186106368
123224161788
123235735392
123244498944
123250025250
123252333750
123264903168
123274504584
123325120512
123383520000
123387156711
123405714432
123420672000
123429076992
123462282240
123485210856
123492600000
123510067200
123523218000
123525259200
123562689705
123581250000
123594609375
123599520000
123608625000
123634667520
123664859136
123677932320
123710400000
123750000000
123771375000
123779301120
123804495360
123808160448
123811935000
123818371875
123823000000
123846278724
123884765550
123916100000
123922332800
123941390625
123944828928
123954740000
123965227008
124000000000
124016965632
124023312000
124058880000
124144617600
124198272000
124221600000
124231117824
124231909032
124242187500
124245146498
124250021280
124254212544
124264710144
124289109560
124327698432
124328535552
124384528125
124400959488
124405023690
124429972480
124455868416
124521705000
124540416000
124570525968
124625425176
124652236800
124667939340
124669314250
124688427150
124712648704
124729025553
124730528608
124791975000
124796700000
124802187264
124802430480
124860039200
124875472176
124898099200
124956228096
124962816000
124984000512
124992000000
125047004418
125048306250
125053943040
125077370880
125090922496
125103688704
125148561408
125200760832
125220480000
125233257600
125268850000
125273214976
125291851776
125295364512
125299008576
125309431296
125452800000
125460893600
125505110016
125517889224
125524238436
125541964800
125546575000
125554655232
125602312500
125639124975
125738940600
125750750400
125778788352
125780393984
125804456250
125813760000
125835235911
125837184000
125854248960
125868897000
125872160512
125881548800
125903628396
125925220512
125954010000
125960192000
125999530037
126004792320
126023688000
126069615000
126084377250
126098194716
126102420000
126127964160
126128887500
126205888512
126208025856
126247403520
126270381600
126283981824
126287700000
126305811000
126324309375
126328125000
126341015625
126344724480
126486360000
126487775232
126540984786
126548911552
126607131000
126613390680
126646065000
126679020000
126711200000
126728000000
126741888000
126772800000
126785736000
126790012800
126809550000
126864998400
126883968750
126915984000
126958233600
126962221056
126976000000
126978969600
127008000000
127033200000
127036512000
127092326400
127106298900
127156635648
127195200000
127196070768
127244425000
127283539968
127286476800
127311914184
127337467675
127351743750
127367116800
127382294436
127413867000
127424839608
127500000000
127503558000
127528435125
127559577600
127576350000
127582670592
127590727680
127596000000
127598984100
127617187500
127621398528
127661377792
127667543040
127677165462
127678700250
127702575000
127710015552
127761481728
127764000000
127788019632
127796240160
127810073600
127877990625
127909100000
127933517088
127953280000
128000000000
128022170787
128024064000
128037127680
128099926010
128107041696
128144531250
128172187500
128197918107
128229384192
128250953640
128295157760
128304000000
128337532928
128379686400
128384925696
128400228352
128473090200
128474775000
128496109568
128531812500
128578051875
128616768000
128638125000
128656320000
128723220480
128736296640
128745703125
128766763125
128813937174
128822400000
128831179500
128840800000
128852299125
128887200000
128918693750
128950732800
129013178976
129036600000
129049600000
129075076368
129077760000
129082800000
129090931200
129093897464
129110402304
129161420640
129174280200
129185611776
129212216000
129214602594
129254980500
129281252256
129337150464
129392640000
129415732992
129451415625
129496340736
129500489664
129560352768
129589200000
129591705600
129600000000
129606676290
129654000000
129669129216
129678374952
129678711750
129679725000
129703200000
129737158656
129763570944
129771765760
129778725447
129795883008
129802176000
129828593664
129846080000
129870140625
129891859200
129907800000
129922760704
129958400000
130023424000
130036008960
130049638400
130056192000
130085885952
130131056250
130131456000
130142464000
130170240000
130203045000
130234190625
130254250000
130297359375
130305834000
130315806720
130345500348
130364503920
130365075456
130380192000
130401239040
130429651968
130501800000
130589117568
130653129600
130658304000
130674439391
130745686680
130750054400
130765440000
130767436800
130768498224
130770430560
130859094528
130867200000
130868754192
130890729654
130904467020
130912616448
130913496000
130941472428
130948125282
130961885184
130977000000
131002987500
131010048000
131025862656
131044921875
131094990000
131096641536
131126869440
131127752340
131144531250
131150390625
131220000000
131257335808
131274675000
131321196864
131356687500
131361834240
131423993856
131436032000
131438039040
131443171200
131491110744
131506200000
131523934815
131556052992
131558169600
131589792000
131607465605
131609088000
131609237886
131616576000
131660100000
131728464000
131736761856
131759923896
131785850880
131797368000
131805440000
131861016007
131892830550
131925543750
131941269504
131944754304
131969250000
132035200000
132068475000
132088320000
132120576000
132146961408
132190550856
132199219200
132225912000
132239526912
132251710500
132260064608
132285156250
132301400000
132384361230
132403637205
132407541000
132416015625
132478156800
132520909248
132580096000
132582168576
132587192320
132602582385
132603700320
132644864000
132702943464
132765955308
132804000000
132821015040
132847520000
132848100000
132854596875
132860250000
132867075000
132878476458
132885227727
132928274448
132931404045
132974949888
132979135296
132987024000
133000988960
133009164288
133020538875
133025587200
133047484416
133062912000
133067511990
133082400000
133121083500
133125000000
133234590720
133254201600
133270312500
133292250000
133293600000
133327918080
133357057056
133373090565
133384206294
133390872576
133416112500
133424496000
133451615232
133474977792
133475343750
133504277760
133560258048
133573902336
133593600000
133594743375
133650000000
133688766519
133709847012
133720139520
133728840000
133769216000
133772083200
133795546794
133826135625
133827821568
133832704000
133836119424
133871119200
133879687500
133904848896
133955712000
133965150000
133967418750
133970264064
133983590400
134030010690
134042195196
134059500000
134086656000
134100309000
134125507152
134134133760
134154289152
134164800000
134213632000
134238926052
134241269760
134245912500
134324736000
134348800000
134369280000
134426840625
134481277728
134488739840
134500500000
134509248000
134573400000
134624415744
134626821120
134627940864
134642859390
134663501322
134663925000
134789085585
134848842336
134889947136
134900023104
134950725000
134951403132
134959841280
134994517056
135102464000
135105752250
135131976000
135140625000
135224584110
135233027072
135238118400
135238761216
135243523584
135335096875
135348338664
135375000000
135411166800
135425751552
135439214592
135497765088
135505379328
135521100000
135528996096
135536796720
135540159816
135575027775
135580052160
135594000000
135611775936
135615768750
135639714375
135678597120
135690254973
135724531712
135746190000
135757587000
135783175500
135788400000
135798055848
135829102500
135854950000
135860262876
135878860800
135895449600
135898437500
135898460775
135904158720
135907200000
135922413042
135936333000
135950360000
135952072704
135984591639
136012500000
136025568000
136037007360
136046770236
136055884800
136105583040
136135329078
136161300000
136190613600
136221750000
136227223980
136230468750
136281600000
136294400000
136306272000
136314880000
136376800000
136393191627
136400000000
136435818750
136438619400
136543914702
136560600000
136565667875
136650442500
136681108000
136744453125
136777750200
136801017216
136840806400
136847360000
136850119380
136852406250
136857600000
136881239040
136947037500
136957661568
136959900000
136969907025
136989501440
136999603125
137014198272
137032593750
137074581504
137137287168
137205218304
137205789840
137215113750
137239796232
137241225000
137249920725
137259712512
137274356736
137274802812
137276928000
137285156250
137311524000
137325830625
137338736640
137370816000
137373046875
137429091072
137469394944
137524465089
137525850000
137527864320
137539883250
137556486144
137564000000
137571076608
137594142720
137606976360
137653084800
137700000000
137728512000
137730709935
137749507200
137756583360
137763504000
137764343808
137768400000
137768960000
137808337500
137840295936
137858120556
137863012500
137942243136
137953749375
137961014400
137985120000
138009940992
138034879488
138036068352
138040028280
138076323840
138110042112
138127680000
138169810944
138174660000
138189542400
138204076544
138231595008
138240000000
138243409920
138265989120
138325825440
138348290304
138355224000
138369341880
138379788288
138384000000
138386866176
138394267648
138418875000
138427734375
138516618240
138519932600
138536039880
138538752000
138563795097
138568320000
138584369664
138623940000
138650061312
138671898750
138679049379
138750937416
138770405361
138796172452
138806460000
138812100000
138848256000
138895067520
138897419760
138898206720
138915000000
138927360000
138929175000
138932125696
139028906250
139041971712
139047321600
139059703125
139080240000
139122966528
139148894496
139161600000
139174200000
139183552000
139198176000
139198804992
139201920000
139218750000
139266791424
139284180504
139288426875
139300875000
139314069504
139359528000
139403980800
139405612500
139469014080
139497318400
139500000000
139513478400
139557600000
139629631960
139631431488
139651038408
139715315712
139813231250
139858796529
139868660736
139880520000
139916544000
139955200000
139959042048
139968000000
140026320000
140099387232
140141841714
140142182400
140151163680
140175360000
140226493440
140233766400
140261248512
140271063000
140283207936
140321376000
140321844684
140369922000
140425297920
140453609472
140485452800
140540400000
140541540750
140541972480
140549846976
140553600000
140558505984
140583859200
140608000000
140616000000
140621650560
140634434304
140638575000
140643900000
140651437500
140733450000
140741649792
140827613472
140840840448
140859810000
140885148096
140927456250
140940800000
140949963000
140961384648
141013893384
141021057996
141105379968
141110968320
141120000000
141134400000
141164653500
141171724800
141187666475
141193244880
141210058752
141214502520
141229221000
141236291601
141251087250
141264639360
141267000000
141453000000
141490851840
141501937500
141515816960
141582589200
141602454450
141616742400
141618400000
141698261250
141705216000
141717600000
141740928000
141752990720
141776649000
141862565295
141904921875
141943200000
141979324608
142000024320
142000588960
142004814336
142054108560
142073662500
142082823168
142086656250
142132838400
142137815040
142154918459
142214231250
142266741120
142303078125
142310520000
142349875200
142367525496
142424919000
142444256994
142474235904
142501059600
142593750000
142598016000
142617963796
142619400000
142631349120
142648437500
142655385600
142660743750
142690222080
142714825344
142737408000
142757480448
142775156736
142831847340
142848000000
142884000000
142898580000
142910862192
142912350000
142932762500
142978515625
143030158425
143074181250
143099897724
143149978125
143164400000
143173694796
143186503680
143225903457
143256453120
143285100000
143296482000
143307673600
143386951680
143418211200
143475321600
143481800000
143483219775
143489070000
143500148736
143521875000
143545500000
143571780660
143619050016
143637568512
143673767496
143689089024
143701646400
143752520394
143763018750
143794389375
143829504000
143850168000
143864627200
143889861024
143901542400
143914537728
143947440000
143960960000
144018000000
144027072000
144069276000
144079560000
144108800000
144111951360
144120025000
144127116716
144145170000
144147300000
144179200000
144210062500
144281250000
144282322845
144328800000
144375000000
144427147200
144447257500
144500000000
144546017280
144555840000
144580808736
144602824704
144618722304
144627327488
144641113344
144672168960
144693864000
144701017920
144702277632
144723076002
144738360000
144775434375
144784260000
144795936000
144804270000
144813588480
144828333720
144847872000
144856267640
144883200000
144897984000
144925200000
144950722560
144997935104
145003364352
145010250000
145073897472
145096704000
145115081787
145152000000
145166175000
145180800000
145199817216
145200000000
145209460914
145230634647
145312500000
145363743000
145367040000
145424885760
145449407800
145469831675
145485103104
145499330496
145544850000
145600000000
145627372800
145630706760
145641701376
145664640000
145718352000
145725972480
145746783000
145824000000
145827410400
145856736000
145860750000
145889690625
145945800000
145946984625
145949141250
145954303488
146043451008
146057167872
146072160000
146076840000
146099461536
146101234160
146204928000
146232320000
146276352000
146277495000
146311052328
146322288000
146328145920
146336544000
146342435778
146358851400
146377983276
146399915440
146421536625
146448580608
146482500000
146511906408
146536031250
146543738880
146581253120
146594063250
146605885200
146615040000
146631205071
146683821375
146728515625
146735597568
146749169664
146767085568
146771865625
146775439360
146779776000
146826388800
146893500000
146940355584
146946345000
146956271616
146990592000
147015000000
147047292756
147085862688
147113771875
147150368750
147162015000
147184128000
147209958336
147210773760
147216537600
147220070400
147250000000
147255459840
147259284480
147266552628
147277683000
147312000000
147335650000
147404914688
147420176384
147433011759
147456000000
147474432000
147476736000
147481863750
147495872160
147517440000
147532492800
147537469440
147546900270
147573562500
147615596640
147627748800
147631148917
147638287500
147639141888
147657837789
147665396736
147671104000
147685546875
147719970216
147736800000
147738916864
147788070912
147795148800
147902800500
147907200000
147927499587
147944475000
147950550000
147956981760
148000559616
148121915760
148203857088
148204242000
148205400000
148212080640
148229914383
148262400000
148271038464
148272039000
148318543368
148324220928
148375535616
148395520000
148438603750
148530566548
148577034375
148635648000
148663444608
148684800000
148716000000
148747042521
148790476800
148792572684
148803480000
148839075000
148862000000
148899515625
148901632000
148988657664
148990049325
149000310000
149023929600
149032128000
149048524800
149072000000
149144917625
149156966400
149222548566
149244705792
149292365625
149299200000
149312109375
149323776000
149329016100
149339013120
149423641920
149449712256
149451920640
149454112500
149454720000
149475459375
149534218750
149601527208
149603177100
149610402000
149626112580
149653785600
149662704688
149688000000
149713855200
149717700000
149723437500
149736652800
149751576576
149765625000
149824733184
149834022912
149849946378
149925323520
150026689188
150082481340
150151680000
150204233088
150214901760
150292800000
150294528000
150308088000
150331372875
150334030080
150373665000
150418944000
150431501025
150444945000
150528000000
150531713024
150543360000
150556299264
150558061500
150580078125
150644502400
150671263050
150674556672
150710793750
150772050000
150807285216
150812347392
150816937500
150820312500
150935400000
150958080000
150965001600
151013818368
151084576000
151109867520
151115328000
151128534375
151142311936
151144812000
151161917280
151165440000
151183687680
151201600000
151243792000
151244713984
151250000000
151293012500
151309680640
151318442520
151322904000
151409448960
151452467712
151462210560
151496915625
151520250000
151531520000
151545808440
151576291328
151576654320
151627520000
151649647875
151660506816
151666032640
151724289024
151767210000
151782728692
151784864010
151795445760
151797888000
151826400000
151830567936
151833825000
151844031108
151856640000
151861115952
151868831688
151875307520
151914676480
152000000000
152001130240
152015331741
152023473000
152028576000
152033203125
152077156560
152083200000
152100000000
152158407984
152165744640
152178901875
152193613824
152206276068
152248692960
152284064256
152296875000
152334000000
152343750000
152374763520
152401629600
152409600000
152482679793
152523525000
152527558680
152529300000
152543250000
152551174230
152647358976
152654028800
152678400000
152708166702
152714463750
152775936000
152804961210
152811253728
152836818750
152849580800
152882977338
152904508416
152909196336
152944155000
152946081792
152977868288
153021536256
153050808960
153055008000
153096290304
153108873216
153116780544
153118780920
153143232704
153191080224
153249468750
153264960000
153331200000
153380682000
153415915488
153418513644
153423900000
153534781125
153587200000
153630675000
153654165504
153664000000
153678919680
153692888832
153719911212
153737865216
153766246500
153818912520
153886720000
153901144368
154001250000
154005857280
154030202235
154042656768
154044669240
154067816448
154075328125
154079887500
154132411680
154156400640
154171454976
154173106269
154229400000
154275840000
154279448064
154379017800
154396378125
154406574000
154436544000
154448998400
154480441600
154590363648
154617643008
154618822656
154683815616
154755619200
154760200560
154771344000
154772287488
154807848405
154821712500
154909117440
154912673664
154935262272
154953347328
154968195600
154984886784
154987176960
154989450000
155011587500
155029140000
155063156736
155151528000
155171174400
155180772000
155197778112
155233260000
155262800000
155268750000
155273395200
155289886290
155312500000
155312526600
155335864320
155371840000
155373797376
155386120500
155406645603
155409556500
155413665792
155460800000
155473655040
155477836800
155504950652
155513337856
155542509375
155545600000
155571508064
155583233232
155594818080
155598300000
155614907343
155649627000
155672036352
155677261824
155682000000
155713157460
155721234375
155834924175
155859200000
155864814851
155912006250
155926650000
155976562500
155981318976
156003038100
156038108160
156051744750
156060000000
156075049000
156157267500
156162500000
156163612500
156190638080
156192968750
156195404640
156204288000
156292675000
156313600000
156317428800
156367000800
156379610880
156402750000
156525600000
156570975000
156575273184
156614348800
156620231250
156621093750
156623760720
156640000000
156656664576
156662859375
156672000000
156688017408
156694703067
156704440320
156713484375
156816000000
156826117000
156845481408
156927456000
156937500000
156945652500
156958074000
157051171875
157058826722
157061818368
157085360424
157107418209
157107912500
157159941120
157172400000
157173675750
157188438000
157192648704
157217962500
157248000000
157286400000
157317811200
157352243328
157379535495
157406525640
157449600000
157460330500
157493306880
157519724544
157559029760
157581703125
157606451200
157670240000
157673587500
157689053184
157711400000
157760032320
157773136000
157804945875
157835231232
157840048128
157900800000
157910528538
157928958726
157930905600
158005699488
158037531125
158043045888
158112331776
158122800000
158136390720
158172912000
158193000000
158203125000
158218396875
158334356016
158358622968
158391341875
158431336448
158456250000
158482170000
158484491264
158487516000
158503515625
158522158080
158572499904
158581557729
158594748984
158612608000
158644980000
158735335424
158760000000
158776200000
158823006250
158824550591
158882873625
158905110528
158925375000
158935546875
158958858240
158993860608
158995088460
158997676032
159089688576
159096960000
159137055000
159160820000
159175121875
159227868045
159252480000
159262686000
159274874880
159281049510
159318835200
159320700000
159370380000
159418368000
159450384384
159468750000
159494400000
159498730125
159576722240
159601186752
159618760704
159661140625
159685693440
159712000000
159735024540
159786550000
159820128000
159820850176
159948800000
160031660544
160114762500
160166015625
160193777436
160267161600
160298569728
160300800000
160306298880
160313692050
160344834048
160348998656
160422768000
160446825000
160452900000
160454649600
160547062500
160589943808
160591362750
160613280000
160617600000
160628396544
160683121816
160693714944
160701206148
160704000000
160725067776
160729800000
160744500000
160776393750
160813762560
160818079968
160834473982
160909253271
160945843968
160972406784
160997760000
161011597824
161059950000
161085672000
161089523712
161108713472
161112125952
161158735296
161166923424
161200000000
161229045760
161229537280
161240625000
161243136000
161261551616
161266473720
161331681280
161347680000
161362509750
161367371830
161388002880
161411097600
161417025000
161448000000
161488687500
161495977500
161500000000
161571431268
161590431600
161626088448
161690963616
161715585024
161716500000
161780613120
161835634944
161841796875
161848806912
161849600000
161885024000
161908621875
161940870000
161989632000
162000000000
162016296960
162077935500
162130067456
162135015424
162151621632
162163814400
162165712500
162229616640
162240000000
162285742080
162291216384
162297282560
162318090240
162369900000
162384750000
162390710272
162421875000
162466021107
162480540600
162528913287
162530550000
162632448000
162639881250
162696062592
162703546500
162705743424
162753806250
162780597000
162787305472
162812500000
162830655000
162914400000
162926211476
162931875435
162936000000
162964953216
162991958624
162993600000
163040850000
163042201728
163064137500
163065975744
163102657536
163132130304
163197045648
163236396960
163258675200
163268000000
163311946875
163326699648
163328400000
163385015625
163393044480
163460622780
163463038200
163477192704
163500740000
163513350000
163542740256
163585942740
163630583775
163654041600
163686746808
163723648000
163749529125
163757721600
163775091200
163791175680
163868737500
163908586800
163909690425
163927031808
163941719040
163945482624
163979200000
164005171200
164025000000
164052000000
164078337500
164088916992
164093343750
164105760000
164151496080
164186880000
164198591424
164248141824
164249856000
164295040000
164336445000
164339381250
164363888430
164400192000
164415365625
164445555456
164511360000
164560896000
164575488000
164602368000
164699904870
164792812500
164811500000
164833177600
164839368750
164866351104
164930942880
164947200000
164950917120
165000000000
165077547264
165082580000
165090729474
165238188570
165288374272
165299408640
165314638125
165354000000
165355008000
165364416000
165435621376
165500518400
165580800000
165597696000
165611203128
165628800000
165651136560
165656250000
165726000000
165752606250
165770264576
165829396480
165877383168
165878679330
165888000000
165957120000
165957444135
165961761273
165963600000
165990629376
166000187808
166075312500
166082641920
166094034624
166105082880
166115409920
166129992000
166140625000
166160343060
166164624024
166197657600
166223919120
166233780000
166251236200
166267453440
166321350000
166424903680
166429982720
166437534375
166492570240
166566400000
166567752000
166580100375
166592512000
166617907200
166651499520
166656000000
166659897600
166689282375
166726239732
166729339224
166731075000
166773915648
166780620000
166795200000
166804918272
166806043875
166814519040
166838876928
166849413120
166868855244
166906801152
167003390736
167035977262
167065344768
167076000000
167137308765
167174280000
167212631232
167248498032
167270400000
167289123744
167306256000
167327370000
167338899000
167359982592
167365651248
167424757760
167442178752
167443959375
167462830080
167469750000
167502069504
167552743995
167568760125
167584868352
167695266816
167739275000
167772160000
167792968750
167798657565
167801587200
167833949184
167900390625
167905237500
167916063744
167938680000
167989248000
167999664000
168000000000
168040906752
168054048864
168085457331
168101597160
168107212800
168171850000
168185160000
168262080000
168301718109
168311702250
168328125000
168370542774
168377616000
168378642432
168383600000
168432412500
168483281148
168486328125
168524928000
168544800000
168550200000
168600447972
168608563200
168625028880
168655500000
168688406250
168709297152
168717427200
168721313048
168751814616
168763814912
168766976000
168822823104
168836679936
168874213376
168876360864
168880140000
168920640000
168989184000
169044561920
169079400000
169087668750
169096599000
169121653248
169136000000
169143496704
169205760000
169263958500
169282189440
169321826520
169322496000
169361280000
169372599897
169375836672
169377600000
169425199770
169461186048
169473855096
169475065200
169492500000
169523200000
169668089856
169701539840
169703424000
169728969375
169749218912
169802325000
169814326500
169827840000
169843059248
169869312000
169903236096
169932000000
169940187648
170015625000
170016000000
170061120000
170086400000
170100203520
170101800000
170128000000
170135680000
170156250000
170170875000
170214967296
170238267000
170247378125
170266289760
170272456371
170272751616
170283859200
170284029975
170317230336
170443892736
170456514560
170460281250
170466078042
170532864000
170540055504
170565378048
170655744000
170748000000
170763163648
170769876480
170814341120
170833510400
170849542248
170869209966
170896250000
170950135500
170950585344
170958703125
170972187750
171001271520
171040199400
171062649225
171072000000
171098240625
171112500000
171174918750
171183796875
171212800000
171225600000
171228266496
171301616640
171311360000
171333984375
171336578400
171338872320
171355032576
171437402500
171532242000
171541760000
171593503515
171596160000
171600000000
171611156250
171631449472
171631872000
171665522688
171674173440
171720331776
171737874432
171761322096
171763200000
171774906000
171780860160
171824716800
171865774080
171893685600
171898100000
171988992000
171992678400
172062174375
172064342016
172066356000
172075010688
172100101824
172160640000
172186560000
172195729200
172244668750
172286136792
172322650695
172328765625
172337454080
172418444289
172427803920
172434417408
172523520000
172560384000
172601887500
172699997184
172703232000
172707020800
172718325000
172736928000
172834509375
172872000000
172906300000
172907281800
172914094080
172933263360
172935362880
172987765587
173088534528
173124864000
173138787414
173140869120
173149915750
173160187500
173170049850
173210400000
173322240000
173326293504
173426598072
173429932032
173438671770
173462342400
173467008000
173555561088
173564379072
173618834400
173621774700
173645587500
173670490125
173703168000
173723680000
173741112000
173775010500
173802464640
173877580800
173899928125
173918745000
173950029792
173962399744
174012300000
174096000000
174142586880
174148800000
174201961472
174239013897
174255494400
174286464000
174302170056
174312600000
174323985408
174330387000
174336267600
174339220050
174356582400
174363131250
174456832000
174481364992
174489600000
174502969344
174513131520
174539289360
174545469000
174556640625
174563798010
174641432832
174670650000
174696957952
174723402672
174726562500
174793320000
174795522048
174804054880
174835825920
174859375000
174894720000
174947942400
174951818240
174961084375
175005726720
175031137386
175032900000
175075520256
175091220480
175108319232
175136919552
175142250000
175198570496
175219200000
175230978048
175292208000
175308672000
175321480992
175341600000
175400241250
175409408000
175417481250
175478983848
175500000000
175584430125
175591040625
175649015808
175679898528
175729824000
175758750720
175777063200
175781250000
175937728512
175947552000
175953093750
176034516840
176051050560
176091300000
176139264000
176142346875
176161112064
176195948544
176197835736
176201730810
176219680000
176319369216
176345646750
176429381625
176433163200
176459765625
176464656000
176491556100
176497461000
176518128150
176536526250
176554687500
176580799200
176652815625
176721030477
176733200000
176746364928
176821539840
176850687744
176863564800
176868000000
176877098496
176877421875
176882614272
176939100000
176978236500
176994385920
177021273744
177125584896
177130800000
177131520000
177156100000
177167400960
177194239200
177223237632
177258746952
177304491000
177305513728
177316032000
177340416000
177389844480
177393121092
177409440000
177425325000
177438643200
177438720000
177443200000
177474155760
177494778000
177500000000
177500030400
177561600000
177569376768
177570054144
177620225024
177693750000
177703372800
177724461817
177741527040
177770557440
177809409408
177845608392
177888150000
177914880000
177916870656
177929256960
177935486976
177967125000
178019831808
178049304576
178096883328
178124800000
178126150518
178126324500
178185150000
178201067520
178220640000
178230780000
178257920000
178272454745
178274304000
178289186400
178309621875
178313963520
178329600000
178367526792
178434847500
178506250000
178539809175
178583408640
178620200000
178623225000
178627018752
178638577740
178694912000
178708831000
178740559872
178746000000
178768249344
178791046875
178804312596
178869600000
178874872155
178886400000
178940627658
178954240000
178994550000
179135617024
179196160000
179221916250
179233689600
179235787500
179251978752
179288090496
179339896414
179345664000
179360096256
179381207040
179381993472
179439975000
179464725825
179484469248
179493470208
179499220992
179523812520
179532482400
179551335096
179551900000
179593767936
179613220864
179625600000
179627058000
179721732096
179759868750
179862326280
179893172160
179919912960
179930296875
179947339776
180048000000
180075000000
180093375000
180096851844
180099450000
180150031250
180158895895
180187500000
180224000000
180249344000
180269826048
180388626432
180442080000
180458250451
180458664750
180469175472
180500000000
180533934000
180544000000
180566645688
180567200000
180624153600
180699807744
180708864000
180720213088
180727303680
180768512043
180773402880
180792000000
180801391680
180821025000
180825988896
180843992280
180876272400
180922950000
180981283392
181002511872
181061811000
181104000000
181105470000
181122480000
181182873600
181183456375
181193932800
181209600000
181225714176
181251141696
181294596096
181356724224
181421202816
181424037168
181428387840
181440000000
181449346806
181495922688
181513772104
181555789824
181605936000
181620541440
181629000000
181640625000
181680472064
181723046400
181764000000
181811759750
181857588836
181870920000
181874163120
181914425000
181948907520
181972656250
182006922240
182028384000
182034216000
182050412544
182078668800
182080800000
182147940000
182157465600
182181399642
182183478750
182250746496
182284263000
182328537600
182401356288
182421077125
182469875000
182476800000
182498400000
182584442880
182613200000
182626542700
182666137500
182666880000
182723603125
182742220800
182845440000
182876967000
182910182400
182914381440
182921625600
182974675572
182988300000
182999894300
183027020288
183033070416
183035904000
183043961352
183046875000
183050076160
183051900000
183074411520
183078602784
183091621888
183164062500
183184486875
183274307584
183365953452
183367800000
183414067200
183420956250
183449222712
183458856960
183497184000
183532986000
183575310336
183578853276
183658521312
183685791744
183691200000
183708000000
183744450000
183746534400
183768750000
183810827408
183888900000
183906567936
183938107392
183938332500
184013254656
184020439680
184022093125
184083190785
184133508741
184136460288
184147590159
184175493120
184223700000
184252723200
184259643750
184275000000
184297717760
184408673280
184421836800
184476600000
184500191232
184508544000
184512000000
184558500000
184670341128
184689838080
184723415352
184747661163
184780062720
184792858016
184849280000
184866748416
184878500625
184904881920
184905399172
184923648000
184968806400
185016268800
185038425000
185043504672
185075280000
185078906880
185082800000
185091289250
185131008000
185152394700
185218134800
185265100800
185268066750
185323852800
185365092087
185398179210
185412937500
185469419520
185487531768
185530752000
185557246875
185565600000
185570694144
185622069248
185625000000
185643615339
185645180448
185681401542
185712240672
185717902500
185734500000
185752092672
185796395008
185822959491
185874150000
185949421056
186000000000
186004350000
186034968000
186129252352
186175241984
186201384544
186208000000
186208948224
186278400000
186294516786
186341512500
186349255209
186363281250
186365214720
186367719747
186403037184
186424700000
186491547648
186523582464
186528427008
186555882240
186659085312
186661270125
186701760000
186722326791
186726144000
186800556250
186812140320
186814900800
186855788952
186872400000
186883288064
186896241000
186900480000
186905988864
186974853120
186985378125
187001909010
187003971375
187028084000
187032640725
187095792912
187142319000
187200000000
187208195328
187280916480
187339329792
187344368640
187399382625
187404800000
187419566880
187421526000
187488000000
187500000000
187518100000
187533361485
187535250000
187572459375
187578125000
187590203125
187603101675
187621574400
187655533056
187755291360
187787787264
187793298504
187813080000
187899084800
187903275000
187937777664
187948512864
188008718625
188023680000
188116992000
188179200000
188195933952
188197576875
188229381120
188284235776
188305628000
188356000000
188403468750
188413378560
188428167837
188441690112
188477549568
188519661568
188583168000
188651978424
188704719819
188706684375
188865600000
188900999168
188931015000
188940288000
188943777792
188978020704
188987904000
189018692096
189081708032
189096001536
189098043750
189148053150
189193331250
189206562500
189235200000
189236736000
189315584640
189333365760
189431550000
189432260550
189443764224
189514432512
189540000000
189575633520
189653657600
189662890625
189746528125
189805038885
189811477179
189843750000
189862848000
189875000000
189910696500
189950035968
190001412800
190012163094
190096445700
190102016000
190103760000
190166400000
190192128000
190198009980
190214325000
190223616000
190230405120
190257845085
190317254400
190435795200
190464000000
190468454400
190478238720
190502037000
190547816256
190549800000
190563597000
190659448350
190707263136
190750629888
190794240000
190840832000
190858882500
190866637500
190898259728
190905494560
190967871276
190971469962
191012649984
191014067160
191017440000
191027615625
191056320000
191073441654
191136495420
191138714496
191141140608
191244456000
191302041600
191346553125
191385721566
191394000000
191406250000
191425781250
191429040880
191488475136
191488850280
191492066688
191518050375
191527649280
191612736000
191619351000
191633734656
191633817600
191664000000
191668400000
191766528000
191769894360
191773046556
191785302016
191798710272
191891700000
191919642624
191929920000
191987712000
192038343750
192092368000
192149889015
192150799776
192155287500
192196400000
192236133600
192238466000
192258281250
192273640650
192319142400
192375000000
192376430460
192393761625
192424157280
192438400000
192518553600
192539010048
192552321312
192555836550
192558490488
192643743744
192666075758
192695500800
192705291324
192714318720
192786750000
192792517632
192819916800
192822993909
192824963072
192859216704
192876544000
192984480000
193008217500
193145420160
193155840000
193163880000
193179168000
193233600000
193243050000
193246769250
193256039592
193265625000
193270579200
193273528320
193306853376
193354769520
193378040625
193378752000
193444524000
193450250700
193465359360
193486775716
193508493750
193531852800
193536000000
193540773888
193572384768
193574400000
193612614552
193640846196
193682238750
193717078632
193757184000
193796491707
193821903891
193895080992
193923265536
193975965000
193997222640
193999107328
194059800000
194073516000
194111549280
194140658250
194147947000
194160623616
194172103125
194177247432
194207004054
194325829632
194381188315
194432000000
194451840000
194456304000
194457489408
194481000000
194519587500
194602500000
194615705600
194641446825
194641920000
194666250240
194669291520
194769120000
194781661152
194786426880
194826240000
194883803136
194902920576
195003797625
195035136000
195048767232
195074085888
195165573120
195254323200
195256619712
195259926456
195296245760
195299004121
195310000000
195318869760
195349708800
195381375000
195396786000
195458751000
195474513600
195481484744
195647463424
195676965000
195677503488
195689447424
195706368000
195707699712
195713656250
195796992000
195923200000
195928460000
195955200000
196044000000
196077830000
196101675000
196109100000
196138800000
196170743808
196199055360
196260890112
196269465600
196317090816
196356700530
196462500000
196485547500
196504481250
196524519840
196590654720
196596953280
196642485000
196644962304
196647264000
196679633920
196716796875
196719775200
196758157050
196777343750
196851050000
196851200000
196852189184
196914062500
197029034496
197035031250
197049650616
197058816000
197200040400
197216420000
197236666116
197259300000
197280230400
197287475000
197297471250
197320323213
197361598464
197375604736
197413632000
197426102272
197472026624
197473075200
197542996992
197555355648
197568000000
197568495616
197607200000
197639885844
197640414720
197664964608
197683200000
197694717952
197696052000
197700303528
197793981000
197815468032
197917945020
197929944576
198000000000
198087192576
198102712500
198109395000
198116800000
198122143744
198147269376
198156784375
198215624880
198243436230
198246400000
198288896000
198291974508
198316526499
198349212672
198386718750
198390096912
198427734375
198433462500
198437299200
198446257152
198452100000
198515625000
198600012000
198607591413
198631388160
198743860575
198759038976
198764280000
198772992000
198800034048
198800824544
198826810000
198862575296
198880531200
198892614375
198900000000
198954063000
198985973760
198992941056
199048037904
199117600000
199148932962
199165824000
199173437568
199214400000
199234728000
199269227520
199272150000
199300612500
199389093750
199468702944
199470902800
199480536000
199501483440
199623600000
199631250000
199637222400
199668780675
199681625250
199683888768
199687500000
199704071875
199717539840
199719877500
199766310912
199964586276
199987200000
200000000000
200035585584
200037600000
200076309441
200086308864
200117033298
200124168750
200148326400
200149761024
200154240000
200213015625
200242221795
200373212160
200390400000
200404057000
200450400000
200528460000
200558531250
200630743040
200675475000
200683813302
200741732352
200749824000
200773437500
200819531250
200865450240
200880000000
200930625000
200947725000
200951128125
201022599960
201069440000
201089250000
201104640000
201128484375
201163143168
201182304960
201236480000
201247200000
201361305600
201362709504
201366798336
201368868750
201410478080
201448419120
201462159360
201537882000
201583092150
201606676480
201625200000
201637900800
201684000000
201711384000
201735003600
201756731904
201763872000
201814719750
201852518400
201964289085
201990330720
201995251983
201995887500
202020218750
202027000000
202032610560
202151559168
202176000000
202178900000
202288039840
202400000000
202435200000
202500000000
202516315911
202581425088
202584375000
202586518750
202631300352
202633704000
202687108988
202710937500
202718880000
202798774696
202844400000
202857177600
202864020480
202922642286
202931011584
202937204736
202980937500
203005071360
203017323520
203062500000
203065574400
203197234500
203310239724
203370078240
203391000000
203423653125
203432006250
203571200000
203594840064
203621449779
203629170920
203657764345
203697432576
203719050000
203739948280
203782425000
203791610880
203818882176
203840000000
203847656250
203862187200
203878321920
203925540000
203930496000
203966569989
204045496200
204158374560
204202993617
204238664000
204325778475
204328797750
204332625000
204345703125
204347785824
204375674880
204428966400
204441600000
204482428425
204565200000
204586841394
204607771409
204635340000
204653728125
204703200000
204835921875
204836740625
204840900000
204851203200
204859404288
204876523264
204885733500
204902391960
204952828416
204959881616
204966440714
205021662000
205031250000
205141966848
205161234432
205189370100
205201525824
205220642816
205278609375
205310177280
205326231250
205344000000
205353910272
205407498240
205439850000
205441505280
205491686400
205540335000
205542634752
205556944320
205650900000
205672800000
205755777024
205770470400
205821000000
205850112000
205861837500
205885750000
205912204218
205915392000
205924456521
205927734375
205953890625
205978074624
205999200000
206057779200
206065518750
206074042218
206107700148
206108098560
206129887200
206157643776
206158430208
206162998272
206163678600
206208761856
206238474000
206288775000
206298835200
206464204800
206545489920
206565660378
206574714880
206606204928
206652600000
206678848320
206712506250
206739583497
206764800000
206787180834
206807968800
206835752448
206964523008
206997120000
207077241000
207107850240
207139774464
207157500000
207193281750
207261990000
207311568750
207370682064
207390012500
207426447360
207444310976
207486543124
207516684375
207528775272
207536175000
207576000000
207594140625
207617543280
207628312500
207700428825
207753728000
207779898900
207814045250
207852480000
207885783000
207902200000
207920037888
207968750000
208040515584
208089907200
208173988750
208194258678
208209690000
208218150000
208260380160
208271360000
208272384000
208306667520
208324872000
208356832332
208406250000
208407799665
208452943872
208462284800
208537000000
208565960704
208583206272
208586069055
208600434000
208633501440
208667934720
208700800000
208732225536
208761300000
208771509375
208819752960
208826975000
208828125000
208926270756
208951312500
208970910720
208995552000
209002248000
209014401024
209015789040
209018880000
209060622540
209074618368
209108418750
209132820000
209193098688
209217810978
209232688896
209250000000
209260870000
209289339000
209302723440
209401562500
209447147232
209476557612
209515299840
209563200000
209571632586
209599397280
209623950000
209631313920
209689600000
209719846875
209728640000
209746999098
209751984000
209772288000
209802991104
209804403744
209895452928
209916000000
209926619136
209932800000
209952000000
210007987200
210039480000
210082347387
210115473876
210126996450
210157031250
210170700000
210184962048
210212762571
210213273600
210258271125
210300862464
210343147520
210372868750
210404480000
210406594500
210412339200
210421905408
210438295704
210467642112
210482767026
210571944968
210582450000
210600000000
210604101435
210687750000
210750559965
210781286100
210830400000
210874669056
210901641310
210924000000
210939768270
210946883796
210957862500
210977685504
210993120000
210999880000
211028528880
211112474688
211152197169
211224059802
211236480000
211391184375
211441664000
211442076972
211516100000
211579948125
211602736800
211603701760
211631616000
211701600000
211764056400
211777280000
211814977968
211833552896
211843831500
211845819528
211900500000
211914062500
211971022848
211973228544
212065425000
212117685039
212144128000
212164131816
212207316048
212232960000
212278528000
212303824060
212319744000
212332445696
212336640000
212356445000
212421927816
212427600000
212457357216
212498809614
212500000000
212513624064
212547391875
212557824000
212598000000
212599296000
212611392000
212651212800
212680547072
212690246472
212693848461
212779238400
212801582336
212840939520
212889600000
212902800000
212908019184
212908982784
212935802880
212993733600
213032042496
213062648832
213108015744
213110493750
213139617792
213148170144
213206722560
213217881250
213222528480
213225165216
213270921216
213281406976
213324668928
213362281440
213373440000
213396944904
213479193600
213486350000
213511736160
213554687500
213595704000
213606844416
213609375000
213697575000
213715640320
213751589400
213790185000
213840000000
213876936000
213926945694
213966144000
213972656250
213974876160
213991115625
214156800000
214170723000
214271132544
214272000000
214306400000
214343750000
214366293288
214368525000
214448017104
214488012960
214529212800
214538700800
214560494400
214570944000
214579200000
214584573000
214643369421
214643520000
214732954800
214746600000
214786031616
214809645141
214824730624
214867107000
214917888000
214990848000
215082945000
215099089920
215125127280
215129600000
215200800000
215202487500
215233605000
215244661500
215264000000
215287354656
215318250000
215346477528
215357670990
215428575024
215465202176
215510651244
215601750000
215608200192
215642283129
215662536936
215785376352
215792736992
215879040000
215886856192
215897906250
215921160000
215977622400
215986176000
215999568000
216000000000
216103914000
216112050000
216115215360
216130624920
216134102250
216160192512
216169203600
216190675074
216220950000
216228597760
216272618240
216315093750
216326471680
216359334576
216486432000
216493200000
216599906250
216657866880
216670886250
216806719488
216809809920
216853175000
216858874752
216872764416
216885760000
216928083456
216938062000
216950400000
216952639488
216955473840
216982047744
216986112000
217000000000
217023543000
217027218375
217040796000
217092096000
217107540000
217154995200
217181250000
217193011200
217253080800
217271808000
217309365000
217335398400
217382753280
217387800000
217405840806
217418850000
217437537240
217470210048
217641026304
217668971520
217678233600
217700352000
217763840000
217768932864
217771200000
217814191371
217920334500
217953949122
217958400000
217963558368
218000719872
218098490880
218142063360
218174111700
218187694080
218207797248
218248995744
218301791040
218339200000
218350080000
218404253340
218484000000
218532076308
218592000000
218681775000
218700000000
218736000000
218791125000
218795241000
218844400320
218960191008
218972160000
218986193250
219039989760
219043332096
219115260000
219151851240
219219412500
219220487500
219260088320
219296000000
219304800000
219310820352
219348480000
219386216448
219414528000
219475200000
219503494144
219529263744
219547440000
219599873160
219643084800
219659894784
219666177234
219700000000
219720856608
219721329000
219723750000
219741303600
219741978624
219785825000
219804046875
219835219968
219891094875
219902115840
219929600000
219999808000
220000000000
220023917568
220043146050
220063813200
220066846272
220103396352
220147200000
220171162176
220176384000
220200960000
220221787500
220234618656
220244935680
220247294670
220331349693
220332032000
220365619200
220369135896
220399211520
220410533376
220419517500
220430336000
220490629632
220580820000
220581306000
220669006464
220725553125
220725999000
220757950464
220783283712
220838400000
220849200000
220864045248
220875000000
220896541125
220922118144
220973167800
221003475000
221078591136
221079456000
221103267840
221128704000
221222795625
221225582592
221239299456
221321320704
221351130000
221368358400
221390947008
221433750000
221458712832
221478400000
221484375000
221492799000
221631892160
221657663808
221741401365
221798304000
221842694700
221875038000
221875920250
221910975000
221916712500
222027456000
222057651200
222106800500
222208000000
222232108032
222235871616
222264000000
222298227360
222308100000
222318120960
222360187500
222406557696
222408058500
222461952000
222542401536
222593123844
222620278176
222657905625
222670356480
222735744000
222746194944
222753793024
222791877000
222795849822
222802742016
222842880000
222861483000
222881400000
222975244800
222981341184
222993469314
223027200000
223028032500
223046369280
223053600000
223060199040
223131226500
223150422528
223154201664
223188859026
223256250000
223258612500
223259520000
223279031250
223293000000
223298222175
223305984000
223323318000
223407411136
223432500000
223477760000
223479506250
223500515000
223556889600
223559970816
223629034356
223720397208
223730100000
223786063872
223867187500
223888084992
223892150625
223905600000
223918240000
223973950464
224042112000
224090955000
224113943108
224116200000
224181168750
224227491840
224301328125
224344458000
224374026240
224402290812
224404765650
224415603000
224428818432
224439168870
224494057032
224533822500
224576550000
224625555000
224636509440
224648437500
224737099776
224748070560
224816578560
224827907850
224864640000
224866465200
224930671875
224933068800
224994640896
225040033782
225103380480
225121064805
225124312500
225139267584
225162300000
225199600704
225382400000
225396864000
225439200000
225471400000
225633268224
225667417500
225708307110
225732024320
225754218496
225773063208
225829608480
225830133196
225836800000
225842298880
225863445600
225864353792
225874759680
225900266360
225943204032
225966753600
226001739600
226023422976
226050264000
226066190625
226074083102
226074820608
226095340500
226130995200
226153687500
226225406250
226226604240
226243650000
226336793319
226385362944
226403100000
226464768000
226474325000
226482900000
226492858368
226506931200
226532142720
226563927120
226586787840
226728345600
226759808000
226780046460
226781100000
226802400000
226808626176
226822815744
226842638400
226875000000
226939518750
226948685768
226980104472
226984356000
227030335488
227092612500
227121463296
227136000000
227177120000
227200038912
227216195584
227228400000
227236838400
227245326336
227280375000
227286573696
227305845000
227321986045
227376072000
227413412352
227542770000
227673600000
227674093038
227696832000
227784960000
227845702656
227855328750
227858448384
227862429696
227872569600
227873250000
227879870400
227944937500
228001695360
228022236000
228210158592
228233225000
228283178375
228304355328
228351803392
228356997120
228445312500
228530955744
228562145280
228637728000
228691856250
228705180912
228719462400
228749867875
228750262272
228790594560
228791338020
228814875000
228844871892
228848253480
228881250000
228897894400
229017600000
229020319836
229033208000
229115658240
229147576749
229153860000
229207441815
229209750000
229213107200
229255228125
229260810240
229343400000
229344960600
229352929488
229416232500
229419122688
229466802432
229469137920
229473566595
229500000000
229573151640
229607239680
229635000000
229663309824
229684004352
229710937500
229714849056
229733826560
229763534260
229768497000
229801577472
229806720000
229839155000
229861125000
229874203125
229922634240
230031360000
230033232288
230058132480
230063708160
230135850000
230201660000
230283018240
230317221888
230329008000
230400000000
230405683200
230443315200
230446012500
230462300250
230496000000
230527296000
230579866818
230592040000
230640000000
230641503125
230645394000
230649369750
230688000000
230765746176
230851716552
230880250000
230931283968
230947200000
230950480500
231083435520
231119831250
231131748965
231254595000
231273627648
231289344000
231440493375
231497011200
231527450000
231581376000
231654816000
231691549824
231701796864
231725333952
231756525000
231770028224
231814987776
231836774400
231911591184
231914824160
231936000000
231996960000
232041480192
232111319040
232128000000
232161155072
232168125000
232210192500
232230151062
232339968000
232425600000
232484175000
232505437500
232515698688
232517381250
232522464000
232552320000
232652800000
232665046250
232719052480
232742187500
232751730680
232848000000
232849890000
232894200000
232968750000
232994865152
233001975808
233003796480
233009130816
233057760000
233089598336
233149363200
233156250000
233161555968
233194240000
233194852800
233255832192
233257425978
233261437500
233265070080
233280000000
233323856640
233342208000
233374849848
233415616000
233478196875
233498978720
233515175400
233518626000
233523000000
233540326656
233589178368
233710822400
233761974656
233788800000
233805346560
233861123808
233889975000
233964843750
233992232271
234042163200
234089349120
234112573500
234125033472
234129285000
234174162240
234235901250
234236620800
234239864704
234245418750
234256000000
234258318000
234289453125
234306432000
234394660864
234447962112
234459463680
234527394816
234568452096
234573841593
234604125000
234612000000
234619140625
234640800000
234694114200
234722230272
234788400000
234856462500
234903240000
234918120591
234922222080
234924949504
234930346875
234931640625
235092492288
235184947200
235187700000
235200000000
235224000000
235239175500
235320454656
235323906048
235342236024
235350097920
235375875000
235377792000
235382035000
235395072000
235406250000
235418478750
235503450000
235551657312
235588240083
235628040636
235661868750
235758600000
235818086400
235908778728
235962720000
236027904000
236028364992
236051988480
236059951104
236075040432
236079360000
236148037632
236163768750
236174400000
236190495750
236196000000
236204398080
236294415000
236421376000
236520000000
236644480800
236659704000
236662386688
236769127650
236774752256
236792322000
236893438089
236896358400
236969541900
236988180000
236995065216
237079212544
237111235200
237127477856
237139329024
237161925000
237175743168
237184200000
237214531584
237276000000
237289500000
237374865000
237487696875
237501534024
237501766000
237509347328
237544650000
237582155776
237620557125
237646597734
237663360000
237700929375
237746162500
237747512475
237755460033
237758976000
237817036800
237822265625
237888582750
237895680000
237913130000
237929134080
237952030082
237958594560
238080000000
238081847913
238085568000
238140284928
238164300000
238171455488
238191314944
238234509375
238239225000
238294755328
238328000000
238372805664
238384078920
238388062500
238397402880
238515200000
238612048884
238622824660
238624555008
238639120384
238644172800
238656946176
238659400000
238701937500
238738387500
238760755200
238765812480
238767583950
238827470000
238859712000
238881079296
238920619275
238926425760
238981050000
239001590520
239077827072
239123073024
239127552000
239138274375
239140077568
239148450000
239161393152
239166914560
239187816000
239191939000
239286301100
239326234875
239361062850
239365083360
239395947520
239401780128
239456279160
239500800000
239679825000
239688900000
239712367950
239715840000
239822263296
239835904000
239871209760
239874421248
239880517632
239907062500
239957856000
239991932160
240115460000
240145138800
240172143750
240250000000
240277466880
240295167000
240343842816
240377600000
240470538075
240493204224
240500909376
240612083712
240651159840
240670237500
240670310400
240690401640
240711912000
240831267768
240831893250
240849664000
240869376000
240892898400
240910028800
240940437504
240983437500
240989488896
241004707840
241024682724
241031203840
241056000000
241074020880
241094700000
241116750000
241120281600
241164590625
241170462720
241251710973
241260271875
241272435712
241307100000
241326560000
241355980800
241380556200
241398925488
241441440768
241584537600
241693461900
241789829120
241805655000
241812813375
241827840000
241831699200
241858469645
242000000000
242015768190
242051057745
242067032064
242070194520
242079731712
242106568704
242109508032
242172000000
242187500000
242214903936
242232367104
242233031250
242357146902
242382422016
242387134976
242397216768
242411896832
242469956250
242473293504
242522646912
242774400000
242814140478
242827200000
242853811200
242855782416
242872713216
242887772288
242911305000
242927714304
242944768000
242984448000
243102481713
243116903250
243201808384
243248568750
243291262500
243302400000
243323450496
243369140625
243428613120
243465191424
243474609375
243554850000
243589637500
243606085632
243799621632
243932521248
243957692160
243959821875
243984400000
244044093888
244047872000
244055319750
244062500000
244062541800
244081878768
244094000000
244095488000
244099215360
244109376000
244122107904
244125000000
244218750000
244221474816
244225800000
244239564800
244245982500
244318384128
244343142000
244357205625
244389317214
244408320000
244428800000
244430784000
244487937936
244561275000
244581949440
244627485696
244632960000
244725676832
244776038400
244800274432
244866613248
244900592640
244921600000
244927119360
244990049472
244992600000
245004581250
245143104480
245239512000
245251110000
245306880000
245351289600
245360896000
245366784000
245415785472
245432140800
245520000000
245530120212
245562408000
245647363500
245664832000
245760000000
245794560000
245809080000
245862400000
245899719000
245945700000
246016000000
246025994400
246062251008
246078000000
246093750000
246102375168
246110260032
246117506250
246140015625
246199468032
246264014880
246297887136
246313451520
246326572800
246359232000
246430800000
246448323576
246471470784
246500050500
246504667500
246545832645
246581102592
246594969600
246650241024
246712776576
246727835648
246729965625
246767040000
246774313422
246786851493
246841344000
246962890625
246965621760
246985200000
247006428480
247017019392
247038143625
247049857305
247050518400
247096445400
247125379410
247189218750
247193600000
247209725952
247217250000
247259053125
247279386624
247397431275
247420800000
247482421875
247500000000
247542750000
247550155776
247608990720
247616320896
247623870000
247628390625
247636743750
247646000000
247669456896
247692557448
247769531100
247832200000
247860000000
247861120000
247864968135
247882781250
247912704000
247936515840
247984128000
247999504000
248000000000
248034361344
248040479232
248046624000
248065818624
248102400000
248226287400
248245321728
248279137821
248289235200
248414100480
248414208000
248433868800
248463818064
248484375000
248490292996
248500042560
248552793216
248558496000
248594944000
248617792800
248628909375
248655290400
248655396864
248680433664
248769056250
248801918976
248810047380
248832000000
248838137856
248878780416
249039403200
249091200000
249100959744
249141051936
249250850352
249271620000
249335878680
249338628500
249364871784
249376854300
249422976000
249458051106
249460224000
249461057216
249481494528
249561088000
249581436643
249604860960
249639548928
249661440000
249750944352
249952256000
249955732845
249984000000
250015248000
250016772096
250069248000
250072515000
250094008836
250096612500
250107886080
250132334375
250207377408
250252800000
250342828032
250417440000
250424821017
250466515200
250490880000
250509901824
250537700000
250553965893
250598017152
250643194368
250741575000
250852000000
250905600000
250927165440
250976000000
251047059696
251124261120
251133689856
251204625000
251278249950
251333337528
251354534400
251475840000
251477881200
251501500800
251504967168
251543948040
251576780000
251608336000
251608912500
251670471822
251689453125
251708497920
251776800000
251801312256
251807256792
251849779200
251850441024
251908020000
251920384000
251936528800
251942400000
251999060074
252121233000
252130725000
252149760000
252168754500
252196389432
252222454253
252257775000
252335430144
252349081600
252367609375
252407688192
252416051712
252437017600
252467553375
252482420736
252540763200
252555814161
252575400000
252611622000
252618912000
252648618750
252682031250
252689448960
252765536256
252782700625
252828272781
252829237248
252873815040
252945350000
252956639232
252972720000
252975550464
252992409600
252996480000
253018225152
253050946560
253081969572
253094400000
253125000000
253131816960
253181589192
253469643336
253472000000
253483776000
253571472000
253580025600
253619100000
253621954625
253655325000
253656023040
253726171875
253767937500
253831968000
253888512000
253952000000
253999742976
254016000000
254066400000
254137799655
254208015360
254212597800
254268758016
254349942912
254392141536
254412264960
254427834375
254488850000
254533203125
254567079936
254619288000
254623828368
254674935350
254683533312
254703487500
254728470528
254764588872
254809691136
254840847360
254849679216
254910136320
254959157248
254965708800
255007116000
255035893760
255056870250
255091680000
255155383296
255192000000
255197968200
255234375000
255259952640
255263710689
255322755584
255354330924
255357400500
255405150000
255576039264
255601060128
255634069376
255634470000
255690421875
255755981250
255759482880
255786854400
255848067072
255856640000
255906560000
256044341574
256080134016
256082800000
256090275840
256107166875
256132800000
256161470733
256199852020
256207050000
256258080000
256270106624
256289062500
256304176128
256344375000
256352698368
256388352000
256395836214
256441881312
256486712625
256500000000
256501907280
256668750000
256676428800
256714920000
256762378125
256779694080
256842399744
256875300000
256926709809
256927334400
256946180400
256949550000
257017925632
257063625000
257080078125
257126400000
257139757056
257142333672
257156103750
257312640000
257332762323
257416734375
257491406250
257533526250
257627874348
257628615552
257644800000
257646936064
257662359000
257681600000
257696071680
257704598250
257716467099
257735706624
257837387500
257861615616
257933667600
257953812480
258016804864
258026357952
258034268817
258099200000
258150152736
258177920000
258187794928
258220804608
258253734375
258280326000
258311961600
258367003125
258371223552
258429205188
258509961000
258618624000
258746400000
258788992000
258827800000
258893107200
258902831250
258956328960
259022776320
259110469632
259178400000
259200000000
259213352580
259305388720
259308000000
259324696800
259357423500
259359450000
259395840000
259416045000
259557450894
259657187328
259675652096
259692160000
259708181121
259724873625
259740281250
259858368000
259923935232
259928491459
259944300000
259968864960
260015104000
260046848000
260063513600
260074540800
260100000000
260182831104
260198400000
260262112500
260325674400
260406090000
260409904128
260446040415
260468381250
260508500000
260594718750
260611668000
260632684800
260638560000
260647686000
260664459264
260691000696
260741281752
260797053429
260911300608
260919263232
261003600000
261039601200
261110072951
261120000000
261174067200
261178235136
261325778175
261348878782
261360000000
261536996448
261540861120
261544696875
261562500000
261660672000
261704368128
261737508384
261747200000
261781459308
261808934040
261845697015
261882944856
261896250564
261954000000
262005975000
262016015625
262080000000
262089843750
262144000000
262189980000
262193283072
262196352000
262247251968
262253738880
262255504680
262282116096
262289062500
262300781250
262387393632
262546706079
262592568000
262642393728
262644342345
262673320000
262713375000
262740166656
262815088640
262982221488
263012400000
263047869630
263058718720
263100361875
263102580000
263126221875
263155875840
263168000000
263214931210
263217537792
263218475772
263233152000
263363788800
263476607625
263500000000
263510779392
263519847792
263594736000
263683604745
263722032014
263778729984
263785661100
263796481536
263846255616
263851087500
263852160000
263889508608
263890593360
263929640625
263938500000
263960985600
263972649600
264026456064
264110080000
264136950000
264312717312
264381101712
264503421000
264520129216
264543141888
264570312500
264595009536
264602800000
264710250000
264714200064
264762771875
264768722460
264804789375
264807274410
264832031250
264864000000
264864600000
264880032256
264931430400
264956313600
264979392768
264989767680
264996126720
265041818496
265059827712
265066712064
265161600000
265181422968
265205164770
265228425000
265356000000
265379780075
265405886928
265420800000
265458124800
265531392000
265531910616
265696200000
265708073952
265709193750
265720500000
265727054439
265734150000
265756952916
265770455454
265856548896
265862808090
265958270592
265974048000
266001977920
266041077750
266051174400
266135023980
266142822400
266145264000
266164800000
266242167000
266250000000
266322567168
266360983119
266393600000
266417995776
266468086584
266489554176
266508403200
266540625000
266584500000
266610113280
266655836160
266669534208
266714114112
266746181130
266760704000
266768412588
266832225000
266848992000
266903230464
266950687500
267018633216
267048866304
267111936000
267168000000
267177164800
267187200000
267189225777
267189486750
267300000000
267344000000
267377533038
267419694024
267570293760
267591093588
267652271250
267688800000
267690009600
267708070656
267759375000
267822858240
267930300000
267934837500
267940528128
268022937600
268060021380
268084390392
268119000000
268251014304
268287344640
268308578304
268329600000
268342114304
268473204736
268477852104
268482539520
268491825000
268507216224
268738560000
268786522368
268853681250
268962555456
269001000000
269009844621
269015262208
269018496000
269055826875
269068800000
269086293000
269130587040
269146800000
269194199040
269246799360
269268025344
269272194048
269285718780
269327002644
269327850000
269376679936
269376814080
269393820192
269438400000
269525975040
269578171170
269639803125
269680320000
269718683648
269726058240
269773701120
269796621696
269800046208
269846235648
269892000000
269901450000
269902806264
269913600000
269947883520
269967360000
270027161600
270074787840
270211504500
270225046875
270273024000
270281250000
270400000000
270403588224
270449168220
270450835200
270530150400
270670193750
270730252800
270750000000
270800901000
270822333600
270851503104
270898919424
270914922432
270937996875
271042200000
271057992192
271080319632
271150055550
271160104320
271188000000
271231537500
271260057600
271270278125
271279428750
271380509946
271566351000
271589760000
271596111696
271658205000
271702922400
271709900000
271720525752
271737002880
271790899200
271796875000
271796921550
271814400000
271844826084
271872666000
271893473280
271900720000
271918944000
271921004544
271966723875
271969183278
271997761536
272007372672
272091451104
272093540472
272097792000
272130637824
272186578125
272270658156
272273400000
272356603767
272357425152
272400418125
272410600000
272443500000
272454447960
272460937500
272461987840
272532750336
272537008128
272588800000
272631979008
272717639625
272753600000
272756736000
272786383254
272871637500
272877238800
272958984375
272982528000
272998858752
273005316675
273087829404
273121200000
273131335750
273165095385
273180978000
273211719680
273231802368
273236198400
273253367808
273275218125
273300885000
273341952000
273357504000
273362216000
273375553536
273414744064
273436041032
273446417664
273447900000
273488906250
273520216800
273555500400
273602034432
273662400000
273664319040
273700238760
273704812500
273749760000
273894075000
273919800000
273939814050
273947751000
273988915200
273999206250
274062114816
274065187500
274149163008
274218750000
274233600000
274292480000
274337280000
274416248359
274430227500
274482450000
274496040000
274499841450
274549605624
274553856000
274570312500
274623048000
274640625000
274651661250
274678677504
274746093750
274777251840
274834560000
274858182144
274877382656
274918195200
274919217152
274938846875
275048930178
275051700000
275079766500
275129245440
275131434375
275226916608
275235734592
275306169600
275351487488
275395014531
275461419870
275499014400
275507168000
275513166720
275536800000
275591680000
275613805656
275616675000
275716241112
275726025000
275894451000
275907498750
275914080000
275928778125
276192322560
276203225088
276275390625
276325171200
276349320000
276372936000
276379084800
276390625000
276595200000
276651650880
276696580608
276758726400
276768000000
276837750000
276841804800
276855468750
276941040040
277026688512
277039865200
277056300000
277072079760
277112422400
277127590194
277168739328
277210543104
277217261568
277303368375
277343797500
277353153000
277358098758
277481521152
277501874832
277540810722
277568815104
277592344904
277612920000
277624200000
277636933875
277696512000
277723600000
277790135040
277794839520
277812218880
277950234375
278008197120
278040016800
278057812500
278064794880
278082355200
278083943424
278110070784
278110941696
278119406250
278241404805
278245933056
278348400000
278432743680
278437500000
278442241280
278568361008
278576853750
278580363264
278601750000
278811225000
278832153600
278928619200
278933304320
278938028160
278942752080
278976918528
278982144000
279000000000
279058400000
279115200000
279155245056
279262862976
279302076816
279308113920
279483750000
279492111360
279498600000
279544921875
279604555776
279626462500
279717593058
279737321472
279761040000
279910400000
279982080000
279988627968
280000000000
280052640000
280068177920
280070672544
280076940000
280142428885
280147507200
280169328600
280178688000
280200834375
280273728000
280283683428
280284364800
280339110513
280350720000
280436800000
280467532800
280502863515
280542126000
280552882176
280642752000
280643689368
280667278125
280739844000
280868594688
280874880000
280883040256
280908000000
280957359375
281080800000
281083081500
281107200000
281137815168
281143148544
281149440000
281151728352
281182161920
281211630336
281227110759
281232000000
281243301120
281268868608
281277150000
281302875000
281371200000
281405390625
281415680000
281460601440
281466900000
281483299584
281498826752
281499500880
281655226944
281681680896
281700000000
281740222269
281773679616
281854912500
281905827840
281922769296
281952000000
281974669312
282009600000
282027786768
282042115992
282047023104
282067992576
282084271875
282249347072
282268800000
282275280000
282287666495
282293061120
282329307000
282343449600
282375332950
282395937600
282429005040
282458442000
282472583202
282487500000
282502174500
282529278720
282534000000
282593525760
282605203125
282619175625
282692109375
282747572640
282856896000
282906000000
282981703680
283003875000
283046400000
283091200000
283115520000
283165178400
283172060160
283178560896
283191085056
283204908900
283236800000
283329429504
283396522500
283410432000
283475058075
283481856000
283500339200
283606253568
283687185600
283691612160
283725130590
283789996875
283809843750
283958649216
284000048640
284147325000
284173312500
284221440000
284224252928
284309836918
284359735296
284428462500
284432891904
284450527872
284592000000
284606156250
284621040000
284888513988
284917642240
284921875000
285002119200
285077864448
285080839288
285120870083
285235927592
285238886400
285262698240
285275547648
285296875000
285321487500
285376000000
285429650688
285463872000
285502694400
285663694680
285696000000
285762090240
285797160000
285821724384
285824700000
285865525000
285957031250
285989172525
285993600000
286050837408
286056089865
286060316850
286079219712
286109204480
286125944832
286126295000
286148362500
286199795448
286200552960
286229790720
286275399795
286299956250
286321483071
286328800000
286374528000
286451806914
286610162481
286654464000
286672024128
286690295808
286694774784
286770290625
286773903360
286783200000
286791684480
286836422400
286863348744
286966439550
287046787500
287054544000
287091000000
287096389632
287137090625
287138671875
287143561320
287145718875
287204417825
287238100032
287300000000
287403292800
287432496000
287434248192
287505040788
287526037500
287588778750
287600640000
287688360960
287779722048
287829075456
287894880000
287911260000
288120000000
288138552000
288149400000
288159120000
288190156800
288254233432
288290340000
288294600000
288358400000
288387421875
288420125000
288480890880
288541440000
288551337984
288564645690
288568115200
288629150040
288657600000
288854294400
288894515000
288947699712
288999113637
289049886720
289103904000
289105210368
289111680000
289163685888
289174976640
289237444608
289282226688
289350387648
289372919808
289427973120
289446152004
289464772608
289476720000
289536424331
289550868750
289671936000
289695744000
289698897600
289795968000
289801419776
289847231037
289850400000
289870153875
289891800000
290020500000
290179760000
290212282368
290213167104
290230163574
290237644800
290304000000
290361600000
290397026304
290418921828
290461269294
290477440000
290484480000
290539975680
290631796875
290838282240
290855219200
290898815600
290939663350
290993472000
290998660992
291181275000
291192300000
291205103616
291254745600
291325870080
291393043200
291433531392
291436704000
291451944960
291493566000
291579904000
291589959375
291629334528
291648000000
291654820800
291676211200
291721500000
291770919531
291779381250
291818700800
291847198720
291868462080
291891600000
291893969250
291894865920
291898282500
291929204736
292020496677
292032000000
292040607600
292055547904
292086902016
292135108608
292150800000
292153680000
292172562432
292181120000
292202468320
292292550000
292347654144
292359375000
292388673024
292449088899
292464640000
292464973080
292536631296
292552704000
292621875000
292622104656
292626432000
292656291840
292684871556
292705684992
292717702800
292723200000
292755966552
292769665920
292799830880
292843073250
292953100000
292960862208
292965000000
292968750000
293023812816
293072062500
293188126500
293229547520
293262410142
293277310173
293321419776
293367642750
293388480000
293420799243
293439156192
293457031250
293471195136
293483839488
293508513792
293543731250
293565440000
293570484375
293652777600
293787000000
293802261480
293834165625
293865615360
293876952768
293892690000
294030000000
294094585512
294107480064
294108347520
294227543750
294298583040
294300737500
294324030000
294451200000
294500000000
294533105256
294535050795
294555366000
294577274880
294671300000
294702566400
294756721875
294765625000
294780000000
294795164160
294845742009
294866023518
294930900000
294963727500
294990643200
295035456240
295050783951
295074938880
295093800540
295095094272
295147125000
295166015625
295209308160
295219200000
295262297834
295278283776
295279001600
295315675578
295371093750
295390368000
295416639000
295452278784
295507485000
295536384000
295540245000
295552546875
295567360000
295649740800
295731200000
295803200000
295805601000
295854999174
295888950000
295936000000
295985384793
296156250000
296179006464
296211927375
296235878400
296243831520
296245182464
296284262400
296394619808
296408484000
296410800000
296424161280
296459828766
296542076928
296544078000
296559144960
296637086736
296698816512
296699719680
296751071232
296788800000
296877207500
296911650816
296980992000
297001779200
297061133096
297154068750
297175071375
297189939200
297369600000
297370710000
297494085042
297538935552
297585145368
297606960000
297639014400
297678150000
297711697920
297724000000
297799031250
297900933120
297980098650
297987206400
297990036288
298110124032
298265061105
298278530825
298289835250
298431184896
298445097132
298489411584
298584731250
298624218750
298658032200
298707194016
298722816000
298723399443
298734480000
298899424512
298903841280
298908225000
298950918750
298968678400
298989149184
298995840000
299007737856
299068437500
299107876375
299140782080
299162737125
299201896448
299203054416
299206354200
299220804000
299252225160
299281416192
299322946560
299325409376
299376000000
299378430000
299435400000
299446875000
299522437875
299531250000
299564826624
299573968896
299649466368
299686626432
299697242112
299699892756
299866521600
299912232960
300015454375
300053378376
300080000000
300089304333
300105792000
300125000000
300186253125
300198080000
300312500000
300328943616
300399321600
300408466176
300585600000
300626136720
300662745750
300687440625
300747330000
300837888000
300863002050
300987187200
301032940000
301040256000
301086720000
301116123000
301138725888
301160156250
301181440000
301193200000
301229296875
301283573760
301289004800
301327047000
301342526100
301364563968
301421587500
301439003904
301544100000
301633875000
301640625000
301842450000
301870800000
301989888000
302046363648
302053303125
302080740000
302116827375
302157660160
302205509375
302215795200
302257068750
302289624000
302368671360
302380646400
302400000000
302403200000
302493204480
302500000000
302554870272
302582874888
302586025000
302592983040
302633994069
302636885040
302645808000
302702400000
302720036864
302781665536
302857060352
302871744000
302904935424
302993831250
303030328125
303040500000
303064483392
303091616880
303118200000
303123605200
303177500672
303248179200
303299295750
303321013632
303380640000
303390360000
303514231680
303565457384
303569728020
303667650000
303688062216
303722231904
303737663376
303832960200
303857114400
303879778125
303928934400
304002260480
304016993280
304030663482
304046946000
304066406250
304070215680
304106268375
304154313120
304280211456
304307404800
304335854592
304357803750
304412552136
304424681472
304444800000
304508160000
304552598625
304570368000
304593750000
304668000000
304736560128
304742400000
304749527040
304767840000
304850304000
304869376000
304901755200
304965359586
305055117360
305086500000
305102348460
305152634880
305196255000
305307478125
305337887232
305356800000
305416333404
305428927500
305462771712
305574323472
305609922420
305622507456
305673637500
305690112000
305764761600
305765954676
305771484375
305818392672
305888310000
305904107520
305935417344
305955736576
306180366336
306217746432
306286465408
306337580640
306382160448
306461925000
306498937500
306590961600
306726912000
306802999296
306821726208
306831830976
306847800000
306894100480
306912650265
306959155200
306964123648
307069562250
307087872000
307261350000
307328000000
307347788800
307385777664
307439822424
307449661071
307465814016
307500318720
307514240000
307527192000
307532493000
307609860600
307637825040
307727200000
307802288736
307816396800
307929600000
307966771200
307989346875
308057997312
308060404470
308089338480
308125063125
308150656250
308159775000
308206080000
308281344000
308286063072
308312801280
308332560096
308342909952
308346212538
308458800000
308464844800
308511866880
308571454125
308792756250
308813148000
308868306327
308873088000
308880000000
308950929000
308970703125
309016398600
309217920000
309284490240
309337600000
309362434920
309367631232
309511238400
309520401120
309544574976
309586821120
309615696810
309643425000
309711913875
309876000000
309978900000
310000000000
310007250000
310023175000
310068759375
310078125000
310180771251
310207417344
310284000000
310313472000
310361544000
310395556224
310466520000
310525600000
310579772580
310608691200
310612866245
310625000000
310625053200
310743680000
310750830000
310772241000
310813291206
310819113000
310819246080
310872637440
310880711680
310919553000
311002398720
311009901304
311012559225
311085018750
311166466464
311169600000
311229814686
311245369344
311354523648
311364000000
311426314920
311442468750
311624755200
311634542592
311640602112
311653564416
311669848350
311672438784
311673285625
311718400000
311721067875
311729629702
311813144832
311824012500
311825280000
311826321520
311830041600
311853300000
311908627800
311953125000
311980032000
312000000000
312006076200
312103489500
312150098000
312206400000
312232216320
312260983125
312264916992
312284278656
312291388017
312314535000
312327225000
312385937500
312408576000
312500000000
312558750000
312617511045
312634857600
312642099000
312703193088
312759221760
312805500000
312874809408
312907547043
312979645440
313051200000
313083144000
313141950000
313169725440
313240462500
313242187500
313313329152
313325718750
313337448096
313389406134
313394140800
313424384000
313426968750
313456656384
313652234000
313662628125
313715635200
313727337000
313808824620
313837056000
313854912000
313875000000
313891305000
313918488576
313958700000
314022297600
314102343750
314117653444
314123636736
314170720848
314214836418
314215825000
314265600000
314344800000
314347351500
314475777000
314491113216
314555125248
314620453125
314635622400
314647298784
314704486656
314743209984
314759070990
314810496000
314813051280
314899200000
314906296320
314913272832
314920661000
314987206464
315010308096
315140100864
315160002560
315163406250
315164196864
315210943125
315307944000
315328125000
315347175000
315394560000
315520064640
315546272000
315555609600
315559303125
315609891750
315675954000
315724150539
315821057076
315857917452
315861811200
315875000000
315900000000
316075062250
316208823840
316224663552
316245600000
316260372904
316352461965
316386000000
316406250000
316436793750
316542173184
316583393280
316668712032
316717245936
316747584000
316767703000
316775577600
316782683750
316839600000
316912500000
316964340000
316975032000
316986880000
317007031250
317039360000
317050675200
317124080000
317144999808
317163115458
317189497968
317221502976
317421110259
317463731200
317552400000
317646012500
317649101182
317765747250
317810221056
317850750000
317871093750
317975068125
317990176920
317990400000
317995352064
318053885952
318131573760
318230774784
318278771712
318350243750
318362400000
318455736090
318525372000
318559878000
318562099020
318589894656
318641400000
318775564800
318836736000
318901321728
318988800000
318997460250
319021597440
319035967488
319153444480
319179294720
319192913655
319202373504
319212748800
319301720064
319322281250
319389696000
319440000000
319470049080
319573100000
319610880000
319665740625
319687500000
319699795968
319775040000
319826821875
319848750000
319897600000
319934748672
319987003392
320205682251
320207247360
320229525000
320249815025
320306832384
320312832000
320332031250
320353030647
320387554872
320627384100
320761921536
320797152000
320845536000
320864256000
320890418541
320898350080
320958984375
320965134336
320999178752
321001933824
321094125000
321160366800
321182725500
321235200000
321262993233
321366243632
321402412296
321408000000
321448176000
321450135552
321459600000
321489000000
321552787500
321562624032
321627357184
321636159936
321668947964
321818506542
321826182912
321884160000
321891687936
321921921024
321927766875
321965280000
322034842935
322117632000
322122547200
322171344000
322256764928
322317470592
322333846848
322478756864
322506027144
322524000000
322532947440
322567956480
322620641280
322725019500
322734743660
322738214400
322776005760
322886172672
322896000000
322905966592
322915507200
322977375000
322991955000
323036506485
323119382528
323142862536
323158468320
323165700000
323433000000
323455860000
323584448551
323628745720
323683593750
323699200000
323805081600
323817243750
323855843328
323876382720
323881740000
323979264000
324016690725
324086400000
324095815680
324135000000
324155871000
324168075000
324213926400
324224674560
324286012611
324331425000
324337500000
324403200000
324431267328
324448819200
324472640625
324571484160
324582432768
324636101920
324644044800
324710400000
324739800000
324769500000
324806338560
324932042214
325006329375
325057826574
325066162176
325115575200
325123476480
325275955200
325279762500
325327640625
325392125184
325407093000
325428959232
325507612500
325531449600
325625000000
325661310000
325806673472
325852422952
325863750870
325983917248
325989846000
326002403328
326081700000
326097646875
326149079040
326179499520
326205315072
326394091296
326409108480
326472793920
326571098112
326592000000
326623893750
326653399296
326656800000
326770031250
326816015625
326921245560
326926076400
327001480000
327026700000
327037866624
327085480512
327101483520
327115776000
327156350976
327171885480
327175200000
327195151360
327221047296
327226824135
327261167550
327299147000
327373493616
327475912500
327499058250
327508033536
327651091200
327737475000
327754816000
327817173600
327819380850
327843827136
327961645200
328011350016
328050000000
328104000000
328156675000
328169100000
328186687500
328243249152
328302992160
328486040064
328496283648
328545828864
328651997184
328672890000
328678762500
328727776860
328800384000
328830731250
328868812800
328891110912
328935997440
329022720000
329023094715
329121792000
329128869888
329238328320
329245886592
329258926080
329280000000
329293895616
329313600000
329399809740
329490137088
329493420000
329526225000
329553100800
329585625000
329623000000
329678737500
329732076375
329772957696
329861885760
329894400000
329923125000
330000000000
330145320960
330155094528
330165160000
330181458948
330225942528
330245448960
330347808000
330417045504
330440048640
330472783872
330476377140
330511104000
330606250000
330629276250
330647961600
330650161520
330686157312
330751354752
330960903075
330978879000
331000020000
331111484375
331128000000
331200800000
331312500000
331452000000
331505212500
331515887616
331540529152
331654901760
331735891968
331757358660
331776000000
331914888270
331923522546
331934112000
331935611904
331943040000
332115379200
332188069248
332190892824
332267520000
332320686120
332343718875
332441708544
332447838240
332502472400
332556218016
332563968000
332604112896
332668779975
332680431616
332728704000
332778600000
332800000000
332813880375
332837683200
332862566400
332875068750
332943851520
333135504000
333142032384
333160200750
333216863232
333298800000
333312000000
333319795200
333378564750
333392642640
333396000000
333452479464
333462150000
333534915000
333580544000
333582935040
333590400000
333609836544
333612087750
333737710488
333756364032
333813602304
333955353600
334003044375
334006781472
334071954524
334084000000
334125000000
334125676544
334130689536
334193774733
334214100000
334274617530
334331900000
334425262464
334488866985
334496996064
334540800000
334578247488
334583040000
334612512000
334652065625
334677798000
334739013632
334783288539
334800000000
334833680384
334884357504
334887918750
334939500000
334958367744
335075026725
335105487990
335106720000
335137520250
335174400000
335238790824
335296000000
335301120000
335457386496
335478550000
335585937500
335597315130
335602176000
335603174400
335604515840
335693359375
335770265600
335800781250
335810475000
335819693664
335859374592
335877360000
335923200000
335988705024
336063168000
336108097728
336147522048
336170914662
336203194320
336251250000
336271753125
336343700000
336370320000
336554735616
336603436218
336607148475
336623404500
336650551200
336658753305
336741085548
336767200000
336864825000
336875000000
336911623776
336938434560
336960000000
336966562296
336972656250
337200895944
337234259817
337250057760
337311000000
337376812500
337406590976
337442626096
337500000000
337503629232
337560050673
337619016000
337640625000
337645646208
337722840000
337760280000
337764380625
337844616704
337876630000
338060800000
338061460275
338093623296
338158800000
338175337500
338218352640
338330089728
338341785600
338455855104
338465672064
338505760768
338527917000
338564378880
338631580800
338745199794
338755200000
338799573504
338812886016
338850399540
338898272328
338925600000
338947710192
338950130400
339111124653
339144081408
339165068832
339182067000
339189760000
339338109375
339406848000
339457938750
339462586368
339495720960
339498437824
339604650000
339628653000
339686118496
339770312000
339830636544
339884160000
339995335680
340031250000
340049664000
340122240000
340256000000
340312500000
340341750000
340409278125
340476534000
340494756250
340544912742
340560041472
340568059950
340626124800
340628703273
340800058368
340920562500
340932156084
341003520000
341007975000
341080111008
341096548500
341130756096
341248000000
341297971200
341314155000
341359786755
341511139557
341540769024
341609400000
341687558520
341718750000
341738419932
341738901504
341792500000
341900271000
341917406250
341935390720
341944375500
342002543040
342042041088
342051240960
342064296000
342125298450
342144000000
342183628800
342196481250
342225000000
342345830400
342349837500
342367593750
342402508800
342414729216
342456532992
342494006400
342643212288
342667968750
342686453760
342860829696
342874805000
342897967104
342950784000
342978048000
343083520000
343167073928
343187007030
343222312500
343283837952
343291520000
343296791040
343429632000
343513497600
343522644192
343526400000
343549812000
343597383680
343604997120
343619403776
343629890208
343681269760
343728000000
343831392000
343849708125
343930400000
343985356800
344064000000
344097600000
344124348750
344132712000
344200203648
344321280000
344343674880
344373768000
344391458400
344489337500
344572273584
344599609375
344606315625
344608000000
344645301390
344657531250
344678400000
344719200000
344749768704
344769620832
344836888578
344857201920
344940871680
344995200000
345047040000
345116800000
345179750400
345203775000
345232957440
345406464000
345436650000
345473856000
345669018750
345710745600
345744000000
345751870464
345808999872
345812600000
345814563600
345869800227
345870725760
345935023560
345945600000
345965756416
345968091000
345974054625
345975531174
346029238800
346177069056
346277574828
346299831500
346320375000
346340099700
346460924160
346533396480
346629865472
346652587008
346679746875
346707968000
346734192640
346770035469
346853196144
346877343540
346881370752
347004000000
347072071104
347100633600
347111122176
347128758144
347177779200
347237668800
347243549400
347258559375
347291175000
347340980250
347421573120
347482224000
347516802360
347550021000
347604929280
347694984000
347741632000
347779740672
347779891200
347799856250
347807416320
347837490000
347887042560
347892350976
347900059584
348027424875
348032921600
348117406560
348192000000
348422144000
348478027794
348672535200
348678440100
348726262500
348748747776
348776071875
348795720000
348997569375
349078578720
349102656000
349113281250
349127596020
349306880000
349341300000
349385523200
349446805344
349453125000
349509785625
349526016000
349586640000
349612720128
349623651048
349691904000
349718750000
349754608125
349784497125
349886138967
349922168750
349938025983
350013312000
350029734912
350062274772
350065800000
350101521000
350105877504
350151040512
350284500000
350308270080
350355456000
350404724736
350512800000
350584416000
350615568384
350615903400
350642961984
350683200000
350687232000
350800482500
350834962500
350947265625
350977536000
351124821216
351168860250
351182081250
351232000000
351298031616
351353851875
351359797056
351368128125
351459648000
351490067712
351533242368
351554126400
351573965568
351896348160
351906187500
351984160584
352066176000
352069033680
352102101120
352167936000
352182600000
352284693750
352365576192
352391897088
352395671472
352403461620
352584990720
352661760000
352691293500
352719360000
352858763250
352919531250
352929312000
352983015000
352983112200
353009664000
353034240000
353036256300
353049840000
353073052500
353086776000
353109375000
353127718125
353161598400
353212876800
353285038080
353288714240
353305631250
353349216000
353358720000
353402627808
353442060954
353492803125
353557068480
353632500000
353666476800
353696219136
353727129600
353754843750
353765228544
353863178496
353878200000
353956473000
354006136125
354023341056
354042547488
354189373440
354251169792
354261600000
354285743625
354312200000
354332160000
354360607272
354375000000
354418688000
354611027456
354632064000
354721437000
354786242184
354818880000
354886400000
354893004800
354900000000
354948311520
354989556000
355000000000
355000060800
355104414720
355118432256
355357884375
355359375000
355370880800
355375275360
355408543744
355448923634
355451535360
355468750000
355535578125
355595160375
355618818816
355622400000
355691216784
355776300000
355829760000
355852224000
355852893600
355888225000
355891221504
355901700000
355934250000
356110642485
356177170944
356249600000
356252301036
356252649000
356370300000
356400000000
356467003200
356544909490
356548608000
356578372800
356610240000
356619243750
356624793600
356735053584
356760391680
356869695000
356874190848
356928045123
356981709000
357009962400
357012500000
357073200000
357079618350
357080715264
357224677376
357240400000
357246450000
357277155480
357305256000
357363933696
357492000000
357582093750
357600824000
357608625192
357749744310
357772800000
357881255316
357989100000
358063276032
358094131200
358101596160
358196480000
358443832500
358467379200
358471575000
358526386176
358541878800
358545528000
358679792828
358684609536
358691328000
358717243904
358761312000
358879950000
358929451650
358998441984
359047625040
359102670192
359103800000
359251200000
359254116000
359347000320
359381300985
359400888000
359424000000
359491571712
359519737500
359724652560
359786344320
359860593750
359884800000
359976960000
359985378816
360000000000
360186750000
360192025600
360193703688
360198900000
360258215625
360266987520
360277632000
360300062500
360317791790
360340586496
360351936000
360375000000
360471100000
360605334375
360671781888
360688475259
360710848512
360810720000
360880148313
360916500902
360917329500
360938350944
361000000000
361067868000
361133291376
361135337472
361240234375
361344532480
361349683200
361399615488
361440426176
361462905216
361537024086
361546805760
361584000000
361602783360
361636746240
361642050000
361752544800
361807690005
361814032384
361820160000
361845900000
361915257600
361962566784
361988352000
362020232000
362225664000
362244960000
362293750000
362304588800
362366912750
362384887500
362450350080
362451428352
362502283392
362538860544
362631886848
362848074336
362869509123
362892017664
362898693612
362948221440
363027544208
363101450467
363129206625
363258000000
363269467008
363281250000
363349546875
363497484800
363535720353
363582595296
363623519500
363646156800
363673152000
363679662080
363715177672
363828850000
363862500000
363916800000
363945312500
364068432000
364104357120
364118471712
364147801875
364161600000
364188825000
364314931200
364362799284
364366957500
364500000000
364526240000
364568526000
364607792640
364651875000
364675354875
364802712576
364824672256
364842154250
364872853125
364906760400
364939750000
365066649600
365072220160
365105774592
365226400000
365253085400
365275457536
365332275000
365409128448
365431182336
365439360000
365447206250
365453901824
365568000000
365580800000
365699432448
365722107264
365788397568
365820364800
365856089445
365897128500
365904000000
365912400000
365949351144
365976600000
365999788600
366066140832
366071808000
366082979625
366093750000
366099824640
366129856512
366145961984
366157205568
366324940800
366328125000
366368973750
366503526400
366532507656
366583975821
366633298944
366706688000
366731906904
366841912500
366912000000
366951936960
367001600000
367065972000
367074892800
367157706552
367317042624
367371583488
367382400000
367416000000
367488900000
367537500000
367546520160
367621654816
367702079283
367876214784
367876665000
367929917440
367941124096
367971247896
368044186250
368166381570
368267017482
368282206208
368293445632
368295180318
368418226176
368465760000
368519287500
368526412800
368601808896
368709304320
368843673600
368867250675
368947264000
369012768768
369024000000
369056250000
369070128000
369097854720
369117000000
369176259375
369340682256
369371998125
369495322326
369520768800
369545379840
369558319104
369561709440
369733496832
369757001250
369794709504
369810798344
369893526912
370076850000
370109675520
370150560000
370165600000
370182578500
370262016000
370304789400
370386846720
370455632568
370477800000
370530201600
370536133500
370730184174
370743750000
370754841600
370783828125
370796358420
370825875000
370849609375
370904002560
370938839040
370994577408
371033796960
371042100000
371096509375
371114493750
371131200000
371250000000
371287230678
371337903360
371362803084
371424481344
371435805000
371469000000
371498400000
371645918982
371748300000
371766998400
371834486784
371864220000
371895681024
372000000000
372008700000
372050896896
372099200000
372176640000
372252672000
372284909568
372350483968
372387500000
372402769088
372462027875
372466778112
372508018344
372589033572
372594816000
372599951360
372603369600
372664800000
372683025000
372698510418
372726562500
372735439494
372794130432
372806074368
372867328680
372983095296
373035836160
373056371415
373071582000
373111764480
373254158592
373289917440
373318170624
373322540250
373367605248
373444653582
373524328125
373601112500
373624280640
373629801600
373634816000
373711577904
373720703125
373744800000
373811977728
373817344000
373956710400
373970756250
374003818020
374007942750
374048030720
374056168000
374065281450
374137946112
374191585824
374278175488
374284638000
374375925000
374390100000
374406561792
374420400939
374564575000
374580117600
374624865945
374682880000
374691073536
374694297600
374712065000
374798765250
374809600000
374868684288
374888448000
374952001536
374976000000
375036200000
375066722970
375144918750
375180406250
375206203350
375232112640
375311066112
375510582720
375602282496
375626160000
375661440000
375700000000
375788716875
375806550000
375819644928
375875555328
375897025728
375928293888
375974556419
376017437250
376358400000
376382680800
376395153750
376572715308
376601400000
376604353125
376611256000
376639725000
376663965696
376678157625
376712000000
376782821856
376806937500
376856335674
376871878656
376883380224
376884992000
376945519104
377072750000
377143639677
377251430400
377336365056
377341181952
377409439638
377413368750
377441280000
377511552000
377616481536
377644646400
377683181568
377862030000
377880576000
377927036928
377998590111
378014376960
378038026240
378071064000
378104702976
378196087500
378296106300
378307260000
378383892480
378386662500
378413125000
378520781184
378560000000
378581272875
378617665536
378631169280
378742210560
378753408000
378830604240
378863100000
378864521100
378972928125
378984375000
379022353920
379123284375
379151267040
379325781250
379341168624
379402859520
379462160025
379493056250
379610077770
379622954358
379646734656
379764080640
379821393000
379938195000
380002825600
380024326188
380037060000
380133600000
380184000000
380192891400
380318400000
380384091360
380428650000
380453179392
380460088125
380507258880
380515690170
380594995200
380650862592
380874700800
380886663168
380928000000
380936908800
381004074000
381099600000
381109536000
381182760000
381317657600
381318896700
381377935575
381414526272
381436227144
381446782976
381469906944
381501259776
381585600000
381627417600
381717765000
381733275000
381786159375
381796519456
381859430400
381923100000
381935742552
381942939924
381967904340
382012403025
382025299968
382028134320
382055231250
382101350400
382146883308
382207443345
382241601000
382272990840
382282281216
382402544832
382431133539
382444670720
382462560000
382488912000
382495806875
382496407552
382500000000
382530677760
382678732800
382693106250
382729050000
382771443132
382772183040
382788000000
382851562500
382858081760
382913440000
382928303520
382977700560
382984133376
383002629120
383011200000
383036100750
383102720000
383130046656
383180334264
383201280000
383284445184
383388720480
383430220800
383526851400
383539788720
383546093112
383584481280
383635853125
383727300000
383783400000
383800551264
383805030400
383839285248
383859840000
384000000000
384009472000
384072192000
384076687500
384102400000
384184736000
384267386880
384299778030
384321125088
384392800000
384400000000
384516562500
384547281300
384688152576
384750000000
384752860920
384787523250
384876800000
384885473280
384894000128
384912000000
385000000000
385012598784
385104642624
385111673100
385139059200
385154777088
385200685056
385332151516
385388128125
385391001600
385410582648
385428637440
385488328704
385573500000
385645987818
385649926144
385718433408
385734155625
385826000000
385828352000
385850304000
385939992789
385968960000
386016435000
386169661440
386208889920
386355200000
386467200000
386486100000
386493538500
386522400000
386560000000
386669251584
386709539040
386756081250
386852198400
386855239680
386889048000
386900501400
386930718720
386946875000
386973551432
387016987500
387084614400
387109800000
387135936000
387148800000
387225229104
387233280000
387248400000
387281692392
387312311232
387364477500
387400806000
387537440000
387592983414
387636648000
387643807782
387951930000
387998214656
388147032000
388177920000
388224715725
388237935232
388281316500
388294414200
388344206250
388354246875
388414008108
388680201000
388762376630
388775116800
388800000000
388864000000
388937106432
388962000000
389007387648
389035124856
389039175000
389099842560
389109600000
389130328125
389211475968
389256023520
389282893650
389290712832
389315297280
389387649024
389537966727
389538240000
389610421875
389675577600
389723400000
389768282112
389805841152
389827326240
389875200000
390007595250
390070272000
390148915200
390257657856
390365015040
390394368000
390427392000
390479646375
390500066880
390510720000
390598008242
390620000000
390702571875
390762750000
390793572000
390813977736
390868478208
390917502000
390947420160
390949027200
391191232000
391203717120
391277250000
391288955904
391294926848
391303551240
391350810123
391353930000
391427312500
391856920000
391896403200
391974912000
391999216000
392000000000
392023318173
392073696000
392095449088
392199400439
392250163200
392261030775
392296320000
392559888896
392577283584
392583628125
392601600000
392647066805
392713401060
392737849344
392740488000
392841840384
392934189375
392971095000
393008962500
393030144000
393035781600
393065096875
393134765625
393284970000
393294528000
393379840000
393405169664
393433593750
393516314100
393554687500
393655026688
393660000000
393688339200
393702100000
393704378368
393772007424
393824025000
393828125000
393967546875
394070062500
394099301232
394271981568
394308096000
394400080800
394473332232
394518600000
394594942500
394617190912
394640646426
394668158976
394769376000
394822396815
394827264000
394875799552
394971461280
395085824000
395176320000
395185392000
395210285568
395214400000
395274297600
395279771688
395280829440
395354312640
395357552640
395366400000
395389435904
395392104000
395400607056
395416320000
395482500000
395507812500
395583048021
395630936064
395768953125
395823808512
395835890040
395907750000
396105600000
396174385152
396205425000
396218790000
396264960000
396313568750
396361728000
396431249760
396440884224
396486872460
396492800000
396508000000
396548556800
396583949016
396597657600
396633052998
396698425344
396704000000
396718580736
396773437500
396780193824
396800000000
396855468750
396866925000
396900474880
396904200000
397038540800
397162059840
397200024000
397215182826
397222623000
397248046875
397262776320
397412071875
397487721150
397528560000
397600068096
397740288000
397761576960
397785228750
397934592000
398096075808
398196736000
398202623775
398297865924
398380778125
398412000000
398463045120
398542560000
398544300000
398580750000
398601225000
398623680000
398778187500
398903640625
398937405888
398941805600
398961072000
399002966880
399038913000
399188736000
399247200000
399337561350
399363250500
399367777536
399375000000
399408143750
399439755000
399526400000
399565191168
399587043375
399703772160
399880800000
399929172552
400071171168
400116024000
400152618882
400172617728
400234066596
400248337500
400403250000
400415228928
400426031250
400478525811
400484443590
400552886272
400680774144
400721707008
400744270368
400780800000
400784230125
400785559713
400821568000
401117062500
401122782720
401186520000
401307648000
401350950000
401367626604
401478406875
401483464704
401498112000
401508358272
401546875000
401567395840
401639062500
401649148160
401715804672
401867136000
401895450000
401902256250
401950771200
402045199920
402086184955
402178500000
402218518849
402256968750
402259968000
402300927000
402364609920
402402401280
402470316864
402494400000
402500405853
402640896000
402714180000
402733596672
402737737500
402763705344
402917308560
402974208000
403004160000
403046400000
403075764000
403143313248
403166184300
403280521875
403332825600
403409160000
403418429575
403466219520
403470007200
403527744000
403629439500
403787109375
403873247232
403928578170
403990503966
403991775000
403995361280
404040437500
404054000000
404080810056
404163340875
404242375680
404291250000
404303118336
404418560000
404546527008
404624000000
404657510400
404669841408
404689030200
404745465600
404844967296
404879523840
404983551168
405000000000
405032631822
405173037500
405307392000
405374217976
405395928000
405421875000
405699081216
405708160000
405714355200
405728040960
405731787291
405756000000
405845284572
406005290625
406125000000
406317643776
406347200000
406394469000
406425600000
406493295264
406516137984
406620479448
406729400000
406740156480
406782000000
406790740224
406847306250
406864012500
406884515625
406900000000
407035791360
407142400000
407173595136
407197306880
407238570000
407242899558
407272761000
407315528690
407365200000
407390860800
407431544832
407479896560
407564850000
407636582400
407695312500
407712476160
407829240576
407851080000
407856218112
407933139978
407991468875
408037500000
408087680000
408090992400
408111022080
408167654400
408207515625
408211865600
408265408512
408316749120
408348864000
408405987234
408483900000
408571840800
408586078208
408612519000
408651556950
408657595500
408665250000
408691406250
408695571648
408844800000
408856850640
408918816000
408944640000
408964856850
409053568000
409130400000
409173682788
409179574881
409200000000
409215542818
409256966664
409303125000
409307456250
409482597888
409600000000
409642578125
409657600000
409671843750
409673481250
409677004800
409681800000
409697003625
409771467000
409819132827
409877532288
409919763232
409932881428
410003472384
410043324000
410243418112
410283933696
410378740200
410391519813
410403051648
410518864000
410522419200
410542080000
410557218750
410572800000
410652462500
410743872000
410847510528
410879700000
410909721075
410968504320
410991616000
410998809375
411042594816
411085269504
411113888640
411411861504
411642000000
411723675000
411749762175
411751686528
411823070208
411824408436
411830784000
411848913042
411855468750
411888170421
411907781250
412016209920
412018016256
412119140625
412131037500
412132311040
412148084436
412157611008
412215400296
412221436416
412237486080
412327357200
412408184832
412476948000
412573395267
412583592960
412669458432
412692000000
412713229824
412726823685
412820929080
413095471425
413100000000
413131320756
413160699392
413290512000
413293031424
413305200000
413306880000
413390602240
413425012500
413479166994
413520887808
413546515200
413574361668
413652096000
413671504896
413737408000
413742202880
413750937600
413861248125
413909637120
413955360000
413994240000
414023680000
414104638464
414330126336
414386563500
414500000000
414509432832
414612229632
414618750000
414623137500
414696698325
414720000000
414730229760
414741364128
414755859375
414780025000
414797967360
414888621952
414971877600
414973086248
415033368750
415065672000
415139364864
415152000000
415182802944
415188281250
415256625000
415291015625
415400857650
415559797800
415616256000
415628090500
415704960000
415802490880
415804400000
415871820000
415937500000
415950183936
416037148137
416055784375
416065914880
416147936256
416215800000
416347977500
416388517356
416419380000
416436300000
416544768000
416649744000
416694620160
416713664664
416782080000
416787525000
416796377088
416815599330
417074000000
417088000000
417125915136
417161745000
417166412544
417172138110
417179109375
417182088960
417216614400
417238046720
417312000000
417401600000
417446683488
417484800000
417522600000
417543018750
417550656000
417589943155
417605760000
417653950000
417656250000
417728390625
417792178125
417800374272
417852541512
417865280625
417902625000
417942208512
418000000000
418115782656
418121245080
418211942400
418216837500
418222809360
418228272000
418310902016
418435621956
418465377792
418491955200
418500000000
418521740000
418540435200
418594176000
418797094912
418803125000
418888895880
418894294464
418953115224
419033212416
419143265172
419145947136
419232153600
419439693750
419493998196
419503968000
419605982208
419608807488
419749632000
419790905856
419853238272
419865600000
419877126144
419904000000
419992088032
420112000000
420135122160
420164694774
420230947752
420238368000
420253992900
420298161696
420314062500
420425525142
420516542250
420559050240
420679480320
420745737500
420813189000
420849623808
420864491520
420876591408
420906795008
420965534052
421143889936
421164900000
421172915625
421200000000
421208202870
421273600000
421275893760
421360828416
421375500000
421382062080
421456358400
421501119930
421562572200
421625917440
421654016000
421660800000
421721015625
421751577600
421797003264
421803282620
421824000000
421848000000
421857865800
421879536540
421893767592
421900912521
421915725000
421931700000
422057057760
422224949376
422304394338
422448119604
422576000000
422579430000
422782368750
422797100544
422822400000
422884153944
423102113280
423159896250
423205473600
423316139904
423332904960
423360000000
423403200000
423562999425
423622876131
423629955936
423630176256
423687663000
423691639056
423747184000
423801000000
423828125000
423930101760
424130850000
424235370078
424328263632
424373047280
424414632096
424472555520
424547450880
424607648120
424673280000
424734745600
424850227200
424855200000
424919924352
424997619228
425094783750
425115648000
425152800000
425183406336
425258972160
425329947000
425366144280
425380492944
425387696922
425399960160
425500508160
425559785391
425603164672
425623790592
425698301952
425714765625
425759709375
425770076160
425816038368
425829600000
426001766880
426064084992
426165195105
426200006656
426220987500
426370685625
426413445120
426435762500
426464755377
426649337856
426793889808
426800223360
426817126400
426972700000
427045408416
427102576488
427109375000
427173024915
427213688832
427376280375
427395150000
427430469375
427503178800
427638614293
427753872000
427794048000
427853891388
427858200000
427945312500
427966156800
427982231250
428070666240
428212224000
428265750528
428272441344
428325470208
428341446000
428544000000
428564957184
428566261760
428612800000
428652000000
428737050000
428798287500
428896034208
428935546875
429286738842
429287040000
429417676800
429449934375
429493452800
429521084388
429559511040
429572063232
429619290282
429677710371
429734214000
429742817280
429769359360
429855300000
429882886125
429889446000
429923020800
430027913216
430165890000
430404975000
430445400000
430467210000
430489323000
430500446208
430519936000
430528000000
430554009600
430636500000
430653804840
430692955056
430715341980
430857150048
430912705536
431021302488
431031040000
431284566258
431325073872
431488512000
431593881600
431622180472
431637921792
431704627200
431795812500
431814868992
431842320000
431850782720
431882880000
431916613632
432113909760
432207828000
432224100000
432268204500
432338407200
432353943648
432360075000
432381350148
432432000000
432435510000
432436838400
432441900000
432537600000
432622958040
432630187500
432643521375
432688928625
432718669152
432843750000
432846968535
432874789375
432925124625
432986400000
433015908875
433107408888
433125000000
433128515625
433199812500
433281441600
433315733760
433341772500
433500000000
433596679425
433602365625
433638051840
433706350000
433717749504
433808474112
433840088880
433856166912
433876124000
433881982464
434016506880
434047086000
434054436750
434081592000
434106832896
434109375000
434215080000
434352780000
434362500000
434387808000
434397600000
434412810000
434440765440
434485001160
434506161600
434568802920
434649600000
434667387375
434775600000
434811681612
434842601984
434852167680
434865438720
434875074480
435051162000
435066002000
435200000000
435221692416
435232996352
435290112000
435345245361
435356467200
435498525000
435542400000
435599451648
435600000000
435628382742
435637440000
435691903941
435701348352
435840669000
435907898244
435927116736
435937500000
436001439744
436091229000
436101120000
436173946880
436348223400
436409495025
436422800000
436497991488
436562058240
436634550000
436672078920
436700160000
436772044800
436800000000
436808506680
436925104128
436989053952
436993920000
437030111232
437064152616
437088960000
437295079424
437363550000
437472000000
437500000000
437570208000
437582250000
437664515463
437669071875
437688800640
437862910464
437900277760
437920382016
437944320000
437972386500
438164812800
438171503616
438216480000
438230520000
438303702480
438316401600
438440975000
438504300000
438592060179
438609600000
438614784000
438696960000
438751797120
438829056000
439058527488
439199746320
439218271800
439332354468
439442658000
439447500000
439571650000
439608093750
439631216640
439743759360
439782189750
439817655600
439845120000
439859200000
439973074944
440000000000
440067325952
440086292100
440127626400
440185546875
440188010496
440206792704
440247508992
440266087800
440301256704
440315596875
440443575000
440469237312
440489871360
440494589340
440504327025
440662699386
440686400000
440731238400
440734694400
440738271792
440821066752
440839035000
440868814848
440971776000
441161640000
441162612000
441224003584
441257588064
441295320375
441341315625
441451106250
441451998000
441504421875
441545854347
441548800000
441552384000
441629875008
441632321280
441649612800
441660211200
441698400000
441750000000
441777853440
441793082250
441833049000
441936000000
441952703864
442006950000
442152003267
442158912000
442206535680
442214744064
442260529152
442368000000
442430208000
442445591250
442552320000
442642641408
442692353376
442702260000
442846789920
442893446751
442914862500
442917425664
442985598000
443013312000
443056640625
443105664064
443156000000
443210400000
443216750592
443263784320
443292652800
443315327616
443364212736
443482802730
443534688256
443596608000
443685389400
443721600000
443750076000
443751840500
443765044800
443782498761
443821950000
443833425000
443870945280
444029992960
444093890625
444113938125
444205944000
444213601000
444416000000
444449223680
444464216064
444471743232
444528000000
444611571264
444616200000
444689743149
444720375000
444787200000
444813115392
444816117000
444857600000
445186247688
445186560000
445280000000
445315811250
445384203264
445475103840
445492389888
445507586048
445591699644
445722966000
445731103125
445983829200
445986938628
445990333824
446054400000
446056065000
446143109139
446148000000
446262453000
446285790720
446300845056
446371430400
446377718052
446517225000
446558062500
446586000000
446596444350
446630236416
446638111744
446644545984
446646636000
446704896000
446744263680
446806441984
446851012608
446875450875
446959012500
447096384000
447145574400
447216000000
447258068712
447330484375
447434752875
447470899200
447533683200
447724156320
447734375000
447784301250
447788250000
447836480000
447897600000
447971328000
448084224000
448181910000
448227886216
448270925760
448290146304
448341543936
448349741035
448362337500
448364160000
448426378125
448573155552
448602656250
448688916000
448748052480
448804581624
448809531300
448831206000
448878337740
448961356800
448988114064
449067645000
449153100000
449209958400
449257690112
449296875000
449502068736
449543430400
449626484736
449655815700
449732930400
449861343750
449989281792
450080067564
450084600000
450242129610
450248625000
450399201408
450455040000
450639028125
450848780109
450878400000
450883584000
450924264000
450953125000
450964800000
451014220800
451215428125
451256832000
451334835000
451416614220
451584000000
451595139072
451660266392
451668897792
451673600000
451740234375
451749519360
451800532720
451818383616
451833500160
451886408064
451933507200
452003479200
452023670016
452046845952
452081710080
452100528000
452132381250
452148166204
452149641216
452307375000
452442337875
452450812500
452649600000
452673586638
452770725888
452806200000
452895004800
453041455104
453064285440
453127854240
453253728000
453320192000
453327114240
453329602560
453426935808
453485751840
453496320000
453560092920
453562200000
453623367015
453731376000
453734141952
453750000000
453875491125
453879037500
453899496960
453914544384
453929041920
453960208944
453968712000
454185225000
454228346880
454386631680
454400077824
454461280000
454464372736
454490746875
454529399375
454560750000
454573147392
454594560000
454611690000
454643972090
454648474368
454728873984
454874727424
454882560000
454998097920
455081984000
455085540000
455161805280
455172867072
455301630000
455348186076
455386337280
455393664000
455453499105
455458696875
455479200000
455491703808
455569920000
455606495064
455625922560
455710657500
455744029440
455746500000
455889875000
456000000000
456003390720
456044472000
456045995223
456070419000
456099609375
456249600000
456300000000
456385784400
456420317184
456466450000
456566356750
456580841472
456890625000
456972751872
457031250000
457061911488
457227583488
457228800000
457275456000
457371410625
457383712500
457410361824
457436000000
457448039379
457499735750
457570575000
457582676040
457587900000
457608019968
457629750000
457689743784
457696506960
457942076928
457962086400
458035200000
458040639672
458063600000
458066416000
458073211904
458196992000
458205753312
458295153498
458318438487
458327808000
458412500000
458414883630
458419500000
458510456250
458548742400
458686800000
458705858976
458713525248
458785123875
458832465000
458838245376
458933604864
458947133190
459064608768
459146303280
459165024000
459288870912
459340974304
459356342760
459421875000
459429698112
459527068520
459722250000
459736003584
459748406250
459845268480
459993600000
460159671625
460271700000
460646604288
460658016000
460761600000
460892025000
460924600500
460933659648
460962496512
460992000000
461039040000
461054592000
461159733636
461283006250
461290788000
461298739500
461336715000
461374341120
461403008000
461598044544
461660160000
461670400000
461703433104
461739403125
461760500000
461806640064
461900961000
462017571840
462166871040
462203449344
462225984375
462239662500
462263497930
462469201920
462486931200
462509190000
462715545600
462827520000
462838344192
462880986750
462907146240
463043257344
463054900000
463162752000
463189134375
463203125000
463309632000
463346995200
463441324800
463470592000
463495448025
463518236160
463579200000
463631962752
463656960000
463673548800
463771090944
463823182368
463852929024
463856467968
464280601680
464316862464
464420385000
464460302124
464486400000
464738020992
464805384480
464805786816
464833600000
464904586800
464961530880
464968350000
465010875000
465034762500
465074667603
465189470208
465232674816
465248960568
465258741760
465305600000
465330092500
465438104960
465454584000
465484375000
465503461360
465513523200
465528143872
465589555200
465736291965
465788400000
465806250000
465820185600
465937500000
465972756480
466007592960
466115520000
466121392128
466240997376
466323111936
466382400000
466389705600
466514851956
466522875000
466540013568
466618320000
466627528125
466636800000
466647713280
466684416000
466714524192
466749699696
466784454240
466844722029
466948881000
466956393750
466964480000
466985736000
467026560000
467030350800
467031785472
467037252000
467046000000
467080653312
467163703125
467500000000
467504772525
467523949312
467577600000
467594444553
467722247616
467775000000
467779950000
467791773696
467929687500
467943956928
467984464542
468114324480
468180000000
468225147000
468250066944
468258570000
468284413779
468471802500
468479729408
468487500000
468490837500
468563025280
468571914240
468578906250
468586213920
468612864000
468622941696
468878025000
468895924224
468940800000
469101002400
469138832640
469147683186
469149408000
469208250000
469238281250
469388228400
469421568000
469540012032
469576800000
469654225920
469712925000
469806480000
469836241182
469843046400
469844444160
469846322176
469860693750
469863281250
469871282160
470016000000
470078371840
470083618368
470084109201
470113320960
470140453125
470448000000
470478351000
470596000000
470684472048
470751750000
470755584000
470764070000
470812500000
470836957500
471006900000
471103314624
471104225280
471153515625
471176480166
471256081272
471322254627
471323737500
471653887500
471713808384
471744000000
471859200000
471953433600
471985141760
472056729984
472119902208
472150080864
472213407744
472215715840
472327537500
472348800000
472380991500
472677089280
472819353600
472833895424
472842752000
472870132875
472986584064
473010720000
473067159552
473134200000
473217997824
473273798400
473288961600
473303600000
473319408000
473414837625
473505693696
473520144384
473538255300
473580651375
473584644000
473702400000
473786876178
473939083800
473990130432
474084213120
474112593375
474158425088
474176460780
474254955712
474278658048
474323850000
474368400000
474518736000
474579000000
474655190625
474933888000
474975393750
475003068048
475003532000
475032729600
475169587200
475174025625
475241114250
475293195468
475294009344
475368750000
475401858750
475453473792
475492325000
475495024950
475510546875
475510920066
475578400000
475644531250
475675200000
475728445647
475744673187
475777165500
475826260000
475837824000
475904060164
475918237696
475934940000
475993469952
476163695826
476171136000
476206006272
476328600000
476469018750
476473651773
476648620875
476656000000
476751395680
476756280000
476768157840
476776125000
476800992000
476806640625
476876574720
476981581824
476993028096
477030400000
477224097768
477245649320
477290880000
477318800000
477403875000
477428674905
477459880425
477482460000
477525365625
477535167900
477683604135
477740989440
477757440000
477817159680
477824624640
477841238550
477852851520
477903701457
477956505600
477962100000
478111140000
478223266304
478246146048
478255104000
478276548750
478351153152
478362581928
478572602200
478616296041
478652469750
478709547008
478722125700
478730166720
478803560256
478871737344
478983421875
479057080320
479136000000
479159123968
479174066176
479334400000
479359650000
479424735900
479462550528
479473280000
479614078125
479761035264
479814125000
479846400000
479903200000
480057032592
480094981632
480095859375
480096813056
480200000000
480252898125
480263940288
480316928000
480344287500
480498046875
480500000000
480590334000
480684101625
480801484800
480902400000
480918896640
480941076150
481001818752
481034502144
481036337152
481042298880
481046995968
481153777664
481340475000
481358700000
481380803280
481389591375
481572000000
481579499520
481663786500
481738752000
481769831424
481785796800
481839840000
481966875000
482049365448
482062407680
482081144832
482112000000
482123275200
482148041760
482189400000
482329181250
482441287680
482503421946
482520543750
482797850976
482800082688
482917220352
482993280000
483179850000
483180229000
483251650560
483268571136
483326140416
483336377856
483386923800
483405826176
483600000000
483611310000
483625626750
483663398400
483687137280
483688611840
483716939290
483729408000
483784654848
483995043840
484031536380
484043040000
484102115490
484219016064
484233292800
484251075000
484309032984
484344000000
484375000000
484440100000
484466062500
484500000000
484584029280
484714293804
484730470400
484878265344
484935019803
484939912500
484946587008
485045293824
485146755072
485351645625
485506904832
485548800000
485628280956
485655072000
485711564832
485805600000
485822610000
485941248000
486048890880
486132736320
486140969160
486204963426
486233806500
486390202368
486403616768
486405046272
486491443200
486497137500
486523523304
486582525000
486646900992
486720000000
486738281250
486891847680
486930382848
486949218750
486954270720
487095358464
487109700000
487172130816
487179275000
487212171264
487246090240
487265625000
487364369184
487441621800
487599243264
487816093440
487831083003
487842808320
487897344000
487919643750
487968800000
488088187776
488095744000
488110639500
488117230272
488125000000
488163757536
488244215808
488281250000
488341791000
488361916416
488437500000
488451600000
488491965000
488612184064
488686284000
488714411250
488743200000
488778634428
488808000000
488861568000
488975875872
488980800000
489056100192
489118658560
489122550000
489126605184
489139732480
489192412500
489197927232
489265920000
489336422400
489346309375
489377161728
489435017625
489776025600
489804000000
489843200000
489874784256
489980634624
489985200000
490009162500
490018636800
490142129400
490166015625
490334846976
490398300000
490431578112
490502220000
490545538560
490613760000
490818182400
490891751325
490962124800
491060240424
491124816000
491170944000
491273164800
491294727000
491300000000
491325273600
491618160000
491651072000
491725760400
491781095424
491799438000
491825157120
491891400000
491895392625
491937600000
492015513600
492032000000
492040894464
492156000000
492175776960
492218750000
492220520064
492235012500
492280031250
492281266176
492317280000
492560640000
492567075000
492595774272
492654887424
492749568000
492804000000
492885120000
492892646400
492896647152
492942941568
493000101000
493009335000
493091665290
493246096875
493248268800
493300482048
493459931250
493534080000
493548626844
493573702986
493618987008
493682688000
493726464000
493807104000
493925781250
493970400000
494076287250
494099714610
494101036800
494176221000
494176357080
494213529600
494236794880
494250758820
494265241600
494378437500
494384765625
494426237760
494434500000
494498027520
494499532800
494518106250
494599053312
494604199936
494687838944
494702208000
494794862550
494841600000
494852751360
494964843750
494979895872
495000000000
495085500000
495133067520
495217981440
495227437056
495232641792
495247740000
495256781250
495273487500
495292000000
495385114896
495412736000
495539062200
495608590575
495664400000
495729936270
495765562500
495852192000
495865122816
495898225920
495943914375
495964065625
496000000000
496062000000
496065024000
496093248000
496125000000
496186163200
496306864128
496337158144
496501555200
496558275642
496578470400
496610453504
496742400000
496773200000
496787626496
496833609384
496850206720
496853057536
496886400000
496927636128
496968750000
496980585992
497000085120
497257818750
497303296875
497310793728
497538112500
497544249600
497603837952
497620094760
497871360000
497890800000
498282103872
498315248640
498346229760
498389976000
498421875000
498493872072
498501700704
498554899479
498671757360
498677257000
498701340000
498744688640
498753708600
498802360320
498871577600
498916102212
498922114432
499053804480
499162873286
499209721920
499258100000
499274711040
499289948160
499312603125
499365583200
499477710720
499484050560
499501888704
499699200000
499740301125
499777536000
499813947360
499853721600
499911465690
499968000000
500067200000
500108369299
500188017672
500193225000
500215772160
500264668750
500302808928
500321746944
500414754816
500418131625
500516630784
500548239360
500684800000
500697337000
500759634375
500800000000
500849642034
500933030400
501075400000
501107931786
501196034304
501245550000
501331783680
501342234624
501733760000
501811200000
501963739200
502079947776
502096953744
502265836800
502274273280
502331878125
502395424000
502409250000
502503505920
502556499900
502754605056
502955762400
503003001600
503085800448
503097993216
503161243200
503170565625
503182817280
503217825000
503316480000
503340943644
503378906250
503416995840
503594752000
503614513584
503700882048
503701171875
503816040000
503831330816
503840768000
503957730375
503967744000
503998120148
503998992000
504000000000
504122720256
504155340800
504220403412
504256371993
504304500736
504304791480
504321638400
504337509000
504392778864
504444908506
504508095000
504515550000
504627200000
504735218750
504786240000
504832103424
504905154327
504935106750
505004891625
505081526400
505111628322
505150800000
505156549248
505223244000
505297237500
505364062500
505378897920
505391089619
505413632000
505458984375
505565401250
505634400000
505656545562
505945440000
505951100928
506068992000
506127891456
506140157952
506163939144
506217600000
506291444736
506300928000
506530766007
506622640128
506629082592
506681360640
506765555712
506967552000
507133685760
507142944000
507160051200
507179008000
507226424320
507238200000
507243909250
507289797000
507364959744
507408000000
507430490112
507452343750
507531740625
507535875000
507617280000
507663936000
507904000000
507967488000
507975424000
508032000000
508083840000
508117799691
508127510016
508132800000
508136530176
508275599310
508425195600
508477500000
508569600000
508784283072
508836556800
508855668750
508896478720
508977700000
509066406250
509104619520
509134159872
509151526912
509247656736
509349870700
509400320000
509406975000
509483520000
509529177744
509607936000
509699358432
509709708288
509746099968
509796000000
509831700625
510014232000
510040903680
510048000000
510060597129
510113740500
510259200000
510300000000
510300610560
510305400000
510384000000
510395936400
510407040000
510450909696
510468750000
510527421378
510644901888
510645511168
510708661848
510714801000
510742134375
510810300000
510821994375
510869464560
511135702272
511152078528
511369543680
511380843750
511467103485
511471415520
511511962500
511598592000
511813120000
511854210504
511967232000
512088683148
512108800000
512188565625
512198525223
512214333750
512244000000
512289490944
512322941466
512375409000
512399704040
512439159375
512443023360
512500531200
512578125000
512688750000
512791672428
512851756032
512854917120
512876109375
512928599040
512973425250
513003814560
513027328000
513035347968
513277952000
513524756250
513638400000
513676800000
513802240000
513853419618
513892360800
513899100000
513904849920
513934080000
514001953125
514127250000
514160156250
514312207500
514350000000
514382400000
514565128224
514625280000
514665524646
514780510545
514788480000
514800000000
514833468750
514894348416
514895616000
514982812500
514996568064
515026290625
515067052500
515103680000
515160995328
515185105545
515213623296
515255748696
515289600000
515324718000
515363200000
515375000000
515409196500
515432934198
515474150400
515674775000
515694300000
515936977920
515966976000
515978035200
516052715904
516060260352
516068537634
516186523125
516193026048
516198400000
516225032064
516300305472
516360031200
516375589856
516381143040
516414150945
516441609216
516490131456
516507468750
516734006250
516742447104
516803842816
516858410376
516897158400
516967952085
517012362240
517019922000
517089381120
517329076320
517363531776
517386393216
517681152000
517805662500
517805993152
517826925000
517831142400
517869158400
518032076800
518064064000
518109696000
518121062400
518153545728
518356800000
518400000000
518426705160
518503528125
518616000000
518714847000
518718900000
518742282240
519056778240
519077888000
519114901788
519265603584
519314374656
519374592000
519384320000
519416362242
519422607360
519449747250
519480562500
519511947264
519535113125
519631200000
519688574720
519856982918
519966720000
520000000000
520093696000
520097760000
520289796096
520387027200
520458400000
520524225000
520560105472
520693137216
520812180000
520892080830
520936762500
521017000000
521026781184
521109504000
521171040000
521189437500
521223336000
521382001392
521470379264
521594106858
521632742400
521639931904
521644717440
521699784375
521887199232
521991334375
522007200000
522070312500
522220145902
522229080160
522278919981
522356470272
522427760640
522446400000
522579600000
522605884416
522629120000
522651556350
522658759896
522697757564
522859392000
522872064000
522906510168
522937800000
522971956224
523044527445
523073992896
523081722240
523089393750
523369765625
523370496000
523444094976
523468800000
523475016768
523508908032
523539394560
523562918616
523617868080
523636407000
523667243008
523669921875
523691394030
523765889712
523792501128
523908000000
523929081465
524011950000
524032031250
524090873856
524179687500
524225520000
524379960000
524386566144
524412164640
524507477760
524511009360
524578125000
524601562500
524684160000
524768000000
524816547840
524843827200
524855454720
524861926875
524880000000
524883253125
525017180160
525093412158
525174859872
525233501440
525273661440
525284787456
525288684690
525317491125
525324957696
525378700000
525410758656
525426750000
525595711488
525657600000
525803499144
525926016000
525948903584
525964442976
526024800000
526095739260
526200723750
526228224000
526252443750
526429862420
526436951544
526466304000
526671084544
526694400000
526719375000
526753290375
526901760000
526953215250
527038565625
527039695584
527189472000
527241960000
527254103275
527343750000
527349420675
527367209490
527444064028
527570288640
527571322200
527638988800
527702175000
527779017216
527813185536
527859281250
527877000000
527970493440
528096651264
528265266048
528273900000
528417792000
528427040625
528460100000
528483336192
528610427136
528659040000
528762203424
528958107648
529006842000
529040258432
529140625000
529205600000
529253236736
529288144875
529375000000
529525543750
529537444920
529566206400
529609578750
529614548820
529664062500
529669530000
529912627200
529984000000
530083636992
530089809920
530163091431
530199600000
530239094784
530268648448
530368003125
530378649441
530410329540
530464619520
530604000000
530631295488
530759560150
530811773856
530940873600
530983157760
531063821232
531164003328
531195157504
531238400000
531247024035
531376754688
531392400000
531394560000
531418387500
531441000000
531454108878
531468300000
531502202880
531513905832
531540910908
531669712896
531713097792
531725616180
531916541184
531948096000
532003955840
532021248000
532082155500
532100000000
532102348800
532169533440
532228320000
532270047960
532275975000
532316160000
532329600000
532399329792
532400000000
532424835072
532484334000
532500000000
532537727904
532554427944
532684800000
532708130304
532710162432
532721966238
532860675072
533016806400
533081250000
533169000000
533173385451
533224581120
533311672320
533428228224
533492362260
533536825176
533655864000
533664450000
533697984000
533750611968
533806460928
533844720640
533901375000
533910578125
534059495424
534278384640
534374400000
534378451554
534378973500
534600000000
534603202560
534661920000
534692340000
534755066076
534773760000
534817364235
534839388048
534928865625
534941890560
535090420683
535121510400
535182187176
535304542500
535447584000
535518750000
535542948864
535576640625
535750225920
535860600000
535869675000
535881056256
536084736000
536099624928
536120042760
536126493000
536168780784
536221679616
536238000000
536304748032
536373140625
536481792000
536502028608
536617156608
536659200000
536862720000
536870912000
536937591960
536955704208
536965079040
536983650000
537018273792
537406851072
537477120000
537588480000
537613260800
537654719709
537701068800
537707362500
537925110912
537974341632
537976277504
538002000000
538019689242
538036992000
538084012500
538111653750
538143621120
538293600000
538394177475
538453407744
538571437560
538597447200
538653024000
538654005288
538655700000
538781303808
538839662592
539077748121
539156342340
539165196288
539279606250
539335065600
539600092416
539602238048
539648000000
539744765625
539759738880
539790890625
539793971200
539802900000
539805612528
539842019328
540018171000
540144000000
540159692800
540225000000
540335255625
540423009000
540450093750
540476687685
540562500000
540672000000
540748032000
540785700000
540898336440
541073408000
541165879296
541184000000
541340387500
541343897600
541345194000
541374751353
541500000000
541513671875
541597335552
541632000000
541644667200
541701600000
541703006208
541860279129
541872460800
541875993750
542053909375
542084400000
542115984384
542126592000
542160639264
542300111100
542305536129
542320208640
542326400000
542361128400
542376000000
542463075000
542540556250
542552416000
542558857500
542622080000
542761019892
543132702000
543192223392
543282315264
543312000000
543316410000
543324367872
543419800000
543441051504
543449088000
543514602015
543550369125
543581798400
543593750000
543593843100
543612179880
543628800000
543632499200
543689652168
543745332000
543801440000
543883788288
543933447750
543938366556
544187080944
544263608448
544285163520
544320000000
544373156250
544487768064
544541316312
544667369472
544713207534
544739779584
544800836250
544817808000
544864320000
544887000000
544908895920
544921875000
544958432928
545041416192
545169139200
545177600000
545192960000
545302929897
545435279250
545507200000
545545808640
545572766508
545622489360
545692021875
545743275000
545754477600
545758256736
545846722560
545917968750
546010633350
546085152000
546175658808
546242400000
546262671500
546330190770
546443820000
546511021056
546550436250
546554511360
546601770000
546610032000
546675390625
546685583360
546700093632
546724432000
546977812500
547041638880
547111000800
547204068864
547263231375
547302873600
547400477520
547409625000
547430400000
547495200000
547753328640
547788150000
547824971736
547839600000
547879628100
547998412500
548000640000
548130375000
548170809375
548173828125
548226662400
548298326016
548536320000
548582112000
548730547200
548764876800
548771300000
548800000000
548832496718
548860455000
548903174400
548942420000
548964900000
548999682900
549081060864
549099211248
549107712000
549131884056
549140625000
549150228480
549155700000
549165443085
549246096000
549274865664
549303322500
549492187500
549553460625
549621604352
549688705024
549716364288
549822922752
549877693750
550000000000
550097860356
550103400000
550107865125
550152345600
550159533000
550242201600
550250094240
550262868750
550347668136
550376570880
550409081600
550586546640
550612339200
550618236675
550790029062
550914048000
550922839740
550998028800
551026333440
551073600000
551124000000
551233350000
551353635000
551432482224
551452050000
551536128000
551768972544
551814997500
551857556250
552066279375
552205976000
552409380864
552442770477
552526479360
552550781250
552671100000
552686849883
552698640000
552758169600
552893153280
553226019840
553246848000
553259548800
553303301760
553393161216
553396685688
553429800000
553496037696
553500573696
553525632000
553536000000
553651488040
553675500000
553710937500
553783707360
553841828640
554069514240
554079730400
554144159520
554170246056
554255180388
554260363360
554337478656
554340188160
554362088000
554378574048
554547840000
554596875000
554606736750
554635501875
554687595000
554716197516
554770944000
554906419200
555003749664
555048806400
555081621444
555184689808
555225840000
555236720640
555248400000
555273867750
555355792512
555361438720
555393024000
555520000000
555580270080
555589679040
555654404400
555660664832
555880521875
555900468750
555971558400
556026883776
556115625000
556167886848
556238812500
556311974400
556374255840
556482809610
556491866112
556592256000
556696800000
556712082432
556790628352
556866207744
556875000000
556889997312
556903558656
557136722016
557153707500
557203500000
557256278016
557389185024
557419401000
557483673285
557622450000
557638400000
557668833696
557848263168
557876056320
558000000000
558104904000
558197578125
558230400000
558387757056
558525725952
558604153632
558624000000
558832750000
558835200000
558937810557
559089843750
559095644160
559103159241
559252925000
559257633792
559274100000
559336960000
559435186116
559474642944
559522080000
559570747392
559585281024
559728672768
559820800000
560105280000
560162433600
560178432000
560227387500
560284857770
560401668750
560484314208
560564550000
560567366856
560568729600
560649864192
560678221026
560688723000
560701440000
560924559360
560935065600
560985445440
561005727030
561011914125
561078966272
561084252000
561097922175
561224000000
561285504000
561287378736
561334556250
561353064448
561479688000
561541818240
561571895808
561600000000
561914718750
562017989376
562069769625
562161600000
562166163000
562194354176
562214400000
562308807424
562454221518
562464000000
562486602240
562500000000
562537737216
562554300000
562605750000
562670862336
562717378125
562731079680
562734375000
562770609375
562810781250
562920658937
562933800000
562966599168
563310453888
563363361792
563480444538
563697254400
563709825000
563845538592
563902976000
564055573536
564071040000
564084231984
564093091840
564168543750
564270767775
564306069600
564439449600
564537600000
564575332990
564602987520
564658614000
564665955840
564686899200
564688143360
564701829120
564750665900
564768784125
564772824000
564772979520
564852707328
564858010080
564916884000
564945166404
565004349000
565058557440
565068000000
565072035840
565125660000
565210406250
565238351250
565240135680
565384218750
565558984704
565593505792
565691309568
565749504000
565770977280
565812000000
565826201600
565939325952
565963407360
566007750000
566120053125
566330356800
566409817800
566473600000
566596800000
566643651840
566650240000
566702997504
566793045000
566820864000
566831333376
566950116150
566963712000
567000000000
567056076288
567169364736
567245124096
567288004608
567291816000
567450261180
567579993750
567619687500
567705600000
567710208000
567917298432
568000097280
568294650000
568339200000
568346625000
568619673836
568856925000
568960972800
568988671875
568995840000
569212312500
569239584375
569242080000
569434431537
569531250000
569588544000
569625000000
569638321875
569777027976
569850107904
570004238400
570076229632
570241740166
570306048000
570322534375
570347205120
570471855184
570499200000
570525396480
570576384000
570593750000
570642975000
570670848000
570691215360
570701021625
570816626688
570859301376
571327389360
571392000000
571434716160
571496611840
571584640000
571594320000
571643448768
571649400000
571707694080
571731050000
571866750000
571914062500
571978345050
572000577120
572112179730
572120633700
572139729920
572161318400
572225528000
572296725000
572382720000
572399590896
572522496000
572550799590
572583020000
572599912500
572642966142
572657600000
572674995200
572694779184
572716483680
572903613828
573024375000
573052320000
573082846875
573220324962
573416143488
573540581250
573547806720
573672844800
573802734375
573906124800
573932879100
574182000000
574218750000
574274181250
574277343750
574287122640
574291437750
574321812480
574408835650
574465425408
574476200064
574530236280
574554151125
574582947840
574751510528
574806585600
574838208000
574901452800
574992000000
575005200000
575010081576
575041420800
575052075000
575177557500
575187834375
575299584000
575355906048
575388262400
575559444096
575658150912
575758927872
575789760000
575963136000
576184576000
576277104000
576318240000
576449667045
576465862500
576508466864
576580680000
576589200000
576715398000
576716800000
576774843750
576840250000
576985235456
577129291380
577132480512
577315200000
577467727200
577555660800
577605600000
577617030144
577708588800
577787904000
577789030000
577817553159
577931231232
577998227274
578223360000
578474889216
578501056000
578564453376
578629632000
578746843136
578804071680
578892304008
578905600000
578942926848
578953440000
578965121280
578969600000
579035955200
579072848662
579101737500
579112934400
579126192480
579251312640
579391488000
579473491968
579491640000
579591936000
579633152000
579694462074
579700800000
579740307750
579796875000
579811737600
579820584960
580041000000
580103930439
580134121875
580195926016
580460327148
580466250000
580575377655
580608000000
580622321664
580717154304
580723200000
580739829120
580837843656
580922538588
580960628640
581263593750
581465711673
581685242976
581797631200
581879326700
581997321984
582073856000
582123487232
582179400000
582443841000
582476316583
582481870848
582492280832
582509491200
582531742296
582706085080
582873408000
582903889920
582977488896
582987132000
582991478784
583095697408
583143564945
583179918750
583296000000
583309641600
583355520000
583368912000
583372468224
583443000000
583453976000
583541839062
583558762500
583783200000
583787938500
583796565000
583807500000
583847116800
583925760000
584007874560
584040993354
584054924544
584103260160
584133265408
584173804032
584307360000
584344983456
584359280640
584404936640
584478720000
584509765625
584625920417
584651409408
584652809520
584825978880
584898177798
584929280000
584976240576
585105408000
585222257664
585244209312
585312583680
585314768493
585369743112
585435405600
585496719360
585511933104
585519580800
585571896000
585599661760
585686146500
585779779368
585888737280
585897012363
585930000000
585956609280
585978609664
586031846400
586047625632
586144125000
586181640625
586376253000
586444454232
586524820284
586554620346
586640267640
586735285500
586841598486
586914062500
586942390272
587032510464
587068342272
587087462500
587123099136
587140968750
587244958560
587274375168
587275390625
587305555200
587390976000
587574000000
587668331250
587785380000
587865600000
588060000000
588132000000
588159250000
588189171024
588233490000
588269823939
588282877000
588305025000
588327300000
588455087500
588601475000
588648060000
588654646272
588782670336
588788800000
588808396800
588879143280
588918021120
588951272448
589000000000
589004379680
589066210512
589070101590
589090957875
589110732000
589210288128
589339883187
589342600000
589387500000
589513443750
589691484018
589732047036
589771964160
589927455000
589934886912
590038901760
590101567902
590149877760
590150390625
590187601080
590294250000
590315622400
590332031250
590409421875
590452208640
590524595668
590553150000
590553600000
590556567552
590601012120
590631351156
590742187500
590815779840
591053440000
591087103488
591105093750
591176448000
591611202000
591649260000
591709998348
591777900000
591802200000
591806840625
591840691200
591862425000
591970769586
592084795392
592126814208
592168615936
592278306816
592292125600
592342958592
592406528000
592416079872
592419225600
592423854750
592468680960
592487663040
592495368192
592628990976
592666066944
592698031360
592704000000
592720575975
592816968000
592818694640
592821600000
592848322560
592857813600
592919657532
592994893824
593084153856
593088156000
593274173472
593502142464
593728192512
593754415000
594000000000
594122266192
594164533248
594261577728
594308137500
594350142750
594350400000
594366431232
594374656000
594441808128
594450707368
594470353125
594667695609
594670602240
594739200000
594866688000
594988170084
595134525440
595170290736
595175349643
595213920000
595283203125
595356300000
595448000000
595512601992
595546875000
595559944224
595598062500
595700711424
595843750000
595960197300
596078106624
596135875072
596277116928
596296897560
596318976000
596402473632
596480430000
596530122210
596557061650
596579670500
596587725888
596631273147
596700000000
596890194264
596918959875
596975184000
596978823168
597169462500
597248437500
597316064400
597352800000
597446798886
597520312704
597543976960
597569798000
597597750000
597643200000
597798849024
597807682560
597816450000
597901837500
598081536000
598136875000
598165641216
598215752750
598221676800
598310912000
598325474250
598402657125
598406108832
598412708400
598441608000
598504450320
598650818752
598752000000
598870800000
598893750000
598911667200
599044875750
599062500000
599112215625
599152619520
599280919875
599298932736
599399785512
599645749248
599748883200
599961600000
600000000000
600030908750
600071290740
600106756752
600178608666
600228928323
600329925360
600372506250
600444979200
600449283072
600462720000
600639046875
600816932352
601065783296
601119636480
601171200000
601184747520
601212171000
601325491500
601351200000
601352294400
601374881250
601494660000
601639944192
601675776000
601726004100
601892229120
602018560000
602173440000
602232246000
602249472000
602320312500
602398944000
602458593750
602562240000
602578009600
602640000000
602685052200
602727910400
602775613440
602843175000
602853384375
602856340625
602915326776
603088200000
603208320000
603267750000
603281250000
603313920000
603709440000
603741600000
604083916800
604088128512
604106606250
604231434240
604233654750
604386478080
604411018750
604514137500
604579248000
604591095808
604806400000
604820029440
604913702400
604959473664
605000000000
605039420475
605052000000
605172050000
605267988138
605273770080
605291616000
605374400000
605609915625
605672141256
605809870848
605892867255
605970992160
605985755949
605987662500
606060656250
606076928000
606081000000
606174890625
606183233760
606188344320
606314502144
606528000000
606536700000
606598591500
606642027264
606864119520
606929241600
607035351195
607129600000
607130914768
607139456040
607200000000
607305600000
607335300000
607376124432
607444463808
607475326752
607500000000
607576080384
607623109632
607701203375
607753125000
607759556250
608004520960
608061326964
608093892000
608132812500
608156640000
608212536750
608308626240
608396324088
608444416000
608533200000
608633631936
608715607500
608793034752
608811614208
608825104272
608907105625
609015214080
609051970560
609071626800
609105197250
609187500000
609212000000
609336000000
609499054080
609594605568
609647329280
609854000000
609868441600
609892416000
609930719172
610045502976
610110234720
610119680000
610166374400
610173000000
610176936600
610204696920
610270959375
610614956250
610713600000
610832666808
610857855000
610887512760
610973293035
611092297728
611186881536
611219844840
611239329792
611245014912
611340910488
611347275000
611480862720
611490515625
611520000000
611531909352
611542968750
611586561600
611614759799
611622160875
611636785344
611776620000
611791488000
611911473152
611924544000
611982259200
612306250000
612435492864
612572930816
612608980851
612615150000
612672241664
612715992000
612764320896
612997875000
613037109375
613060388864
613122048000
613127024640
613285413160
613324800000
613430737920
613503072000
613631655936
613642962240
613663661952
613674054576
613695600000
613806336000
613823314227
613825300530
613900844375
613906020000
613961184375
614139124500
614252515968
614365479000
614510221875
614522700000
614629569792
614656000000
614716025000
614771555328
614858485248
614879644848
614899322142
614905580520
615064986000
615093750000
615163091200
615275650080
615483703296
615604577472
615634765625
615661928448
615744717840
615835828125
615930531840
615978693750
616032000000
616061730816
616120808940
616149991424
616178676960
616222494720
616250126250
616301312500
616313343547
616319550000
616324515840
616372522920
616625602560
616685819904
616692425076
616729673728
616917600000
617018400000
617028572160
617142908250
617209763625
617267331072
617311411200
617426054280
617509840896
617550336000
617585512500
617616090000
617626296000
617657250000
617736612654
617746176000
617783203125
617813448525
617934223872
617941406250
617997600000
618016000000
618173337600
618324295680
618389661600
618472931328
618475290624
618488994816
618600756224
618626285568
618692345856
618735262464
618866325000
618896505600
619022476800
619040802240
619089149952
619091859375
619115000000
619141126653
619213323168
619231393620
619286850000
619421985000
619423827750
619611664000
619724144640
619818614784
619957800000
620046350000
620137518750
620291368125
620294400000
620361542502
620723088000
620791112448
620893569024
620933040000
620991360000
621051200000
621155589120
621159545160
621225732490
621231723000
621250000000
621250106400
621271062720
621323550720
621419323392
621445547800
621487360000
621544482000
621626582412
621638226000
621785970000
622019802608
622025118450
622149862400
622170037500
622228913152
622279342080
622332932928
622459629372
622608525000
622702080000
622709047296
622728000000
622852629840
622884937500
623261184000
623262401307
623339696700
623346571250
623392000000
623436800000
623442135750
623459259404
623645127765
623648025000
623657349000
623665145376
623706600000
623760113664
623906250000
624012152400
624121546752
624206979000
624300196000
624377360880
624490496000
624504684375
624521966250
624582776034
624629070000
624654450000
624771875000
624781140480
624800107008
624814080000
624817152000
624920002560
625152622592
625235022090
625269715200
625358831616
625386854400
625402778112
625518443520
625611000000
625697882112
625742807040
625815094086
625824921600
626003804160
626085681984
626102400000
626196676608
626283900000
626366074880
626459258880
626476822560
626480925000
626484375000
626547156480
626612240384
626626658304
626651437500
626778812268
626818812928
626853937500
626986656000
627276706875
627304468000
627325256250
627398460000
627485170000
627525550080
627579296064
627589446120
627689637449
627709824000
627750000000
627773276160
627782610000
627827200000
627868017000
628195624875
628204687500
628235306888
628247273472
628292059136
628341441696
628429672836
628431650000
628676598528
628689600000
628694703000
628753752000
628871850000
628893941760
628901969920
629053425000
629068800000
629090076608
629159540625
629176179555
629185920000
629200000000
629240906250
629271244800
629316864000
629360802560
629407744000
629408973312
629440249856
629518141980
629525450624
629626102560
629748000000
629798400000
629800960000
629841322000
629997650185
630023961600
630118440000
630151706624
630326812500
630348075000
630421886250
630512100000
630554886144
630638287713
630639820800
630654657408
630694350000
630738927000
631029442560
631040129280
631092544000
631114039296
631118606250
631213440000
631219783500
631237017600
631419909120
631448301078
631605326625
631642114152
631715834904
631723622400
632150124500
632449327104
632491200000
632566900224
632624007168
632704923930
632772000000
632812500000
632873587500
632914394112
632933056512
632979360000
632999640000
633066953400
633230325000
633337424064
633434491872
633565367500
633709440000
633825000000
633928680000
633950064000
634014062500
634173553125
634289999616
634324992000
634326230916
634378995936
634482343936
634548300000
634657959936
634811105280
634842220518
634894848000
634984130088
635072713821
635104800000
635292025000
635298202364
635331840000
635459295744
635461632000
635500658688
635531494500
635620442112
635701500000
635742187500
635913068544
635919685632
635950136250
635980353840
635990704128
636184948608
636417699840
636432384000
636687338375
636700427181
636700487500
636741540864
636835584000
636904296875
636911472180
636959232000
636997337088
637050744000
637069335000
637124198040
637226527392
637282800000
637500000000
637540872192
637634898747
637642175625
637673472000
637794000000
637797888000
637834176000
637913352960
637953638400
637977600000
637994920500
638041641216
638306888960
638337715200
638385827310
638404747008
638545600000
638578029375
638644562500
638668800000
638708400000
638726948352
638807408640
638820000000
638940098160
638981200800
639050368000
639146200000
639187946496
639242240000
639331481250
639418853376
639478267904
639653643750
639667585440
639675495648
639795200000
639812763648
639844220928
640000000000
640120320000
640185638400
640286438688
640411364502
640459050000
640499630050
640535208480
640664062500
640706061294
640775109744
640787112000
640828125000
641019164877
641146920960
641194278912
641254768200
641280640000
641475788800
641520000000
641687664640
641691072000
641780837082
641898432000
641917968750
641924628480
641973346875
642001141760
642110616576
642188250000
642329628993
642365451000
642470400000
642480547840
642525986466
642732487264
642804824592
642816000000
642900271104
642919200000
642978000000
643031250000
643098879864
643105575000
643190625000
643272319872
643337895928
643422940776
643616102400
643637013084
643681483200
643737600000
643753719000
643783375872
643855533750
644069685870
644093265024
644208259968
644239800000
644261495625
644342688000
644436000000
644474191872
644634941184
644667693696
644753664000
644908753125
645065894880
645375381840
645388800000
645450039000
645454656000
645469487320
645552011520
645792000000
645807103200
645871401000
645924077568
645928058880
645954750000
645983910000
646073012970
646285725072
646395606528
646406261280
646504353792
646685752320
646824600576
646866000000
646975175000
647078664960
647168897102
647367187500
647378210976
647398400000
647456882688
647481703680
647502448320
647634487500
647637120000
647660568576
647763480000
647801763840
647958528000
647998704000
648000000000
648033381450
648070004736
648311742000
648345646080
648438233625
648480577536
648572025222
648662850000
648685793280
648817854720
648858828800
648893627235
648945281250
648979415040
649010880000
649089601875
649094496256
649142968320
649164865536
649280765952
649459296000
649479600000
649539000000
649613803520
649864084428
649884905397
650012658750
650115653148
650117120000
650180044800
650248192000
650280960000
650420158464
650429429760
650559525000
650655281250
650657280000
650784250368
650814186000
650851200000
650946143232
650958336000
651000000000
651015225000
651059200000
651087714816
651250000000
651322620000
651579033600
651704845904
651727501740
651815424000
651822519600
651825377280
651900960000
651928095000
651967834496
652006195200
652030808751
652148259840
652163400000
652195293750
652256550000
652361859072
652410630144
652587890625
652788182592
652945587840
653101056000
653247787500
653265648000
653291520000
653306798592
653313600000
653442574113
653540062500
653632031250
653728433400
653750272000
653801946875
653837184000
653842491120
653852152800
653875200000
653972032000
654002960000
654053400000
654170961024
654295472640
654343770960
654393212928
654453648270
654522335100
654563082240
654623391744
654746987232
654809425920
654882325504
654885000000
654998116500
655017600000
655050240000
655452000000
655474950000
655539885000
655634347200
655638761700
655776000000
655988235392
656100000000
656208000000
656313350000
656373375000
656385723000
656532800000
656541739008
656605984320
656809171200
656992567296
657119969280
657129996288
657190195200
657215856000
657345780000
657357525000
657455553720
657600768000
657619674075
657657910000
657658237500
657661462500
657780264960
657782221824
657790848000
657817600000
657888000000
657907937792
658037328025
658045440000
658046189430
658109720576
658243584000
658425600000
658510482432
658642320000
658733104211
658799619480
658810546875
658929254400
658979684352
659100000000
659171250000
659225935872
659246000000
659281819147
659305080035
659357475000
659412140625
659464152750
659543758848
659673284625
659706347520
659723771520
659788800000
659806912512
659999424000
660000000000
660156250000
660176000000
660310189056
660330320000
660362917896
660441600000
660513486528
660529152000
660602880000
660734807040
660868416000
660940839936
660952754280
660996096000
661258552500
661291008000
661843153125
661921806150
662007019392
662018186025
662176659375
662222968750
662273851392
662349851136
662390784000
662515200000
662625000000
662900480000
662904000000
662910842880
662935961600
663010425000
663012911925
663018501600
663081058304
663224320000
663386112000
663514717320
663552000000
663613890625
663668386875
663676747776
663717898368
663829776540
663847045092
664048000000
664105075200
664130303928
664301250000
664376138496
664435200000
664641372240
664657020225
664687437750
664874749440
664895676480
664972991424
665004944800
665042570829
665045821440
665237422080
665337559950
665627760750
665750137500
666082368000
666172953600
666271008000
666320401500
666624000000
666639590400
666696324096
666711392256
666757129500
666865452825
666904958928
666924300000
666954362880
667180800000
667184960000
667219673088
667224175500
667385856000
667475420976
667521388800
667627204608
667731309696
667860834528
667875780000
667973716875
668006088750
668013562944
668094328125
668143909048
668261379072
668387549466
668408226048
668443832595
668528640000
668544274944
668549235060
668600697600
668644200000
668837385216
668850524928
668860416000
668944023552
668954474496
668977733970
668993992128
669050971875
669081600000
669156494976
669160800000
669180597120
669225024000
669304131250
669355596000
669462604992
669566577078
669768715008
669775837500
669778560000
669793936000
669850025481
669871503125
669879000000
669917952000
670150053450
670210975980
670222233408
670275040500
670297500000
670433280000
670501545000
670627535760
670670668800
670679912448
670957100000
671068160000
671161191624
671171875000
671190300000
671194630260
671206348800
671288252544
671386718750
671601562500
671620950000
671716800000
671744000000
671754720000
671921851392
672134203125
672216195456
672323288000
672341829324
672348600000
672406388640
672443699200
672543506250
672605015625
672687400000
672740640000
672903984375
672989036544
673122078720
673134105600
673139704320
673206872436
673214296950
673246809000
673286455296
673317506610
673459218432
673482171096
673534400000
673729650000
673933124592
673945312500
673945427925
674211299328
674244211680
674331265153
674401791888
674449735680
674468519634
674500115520
674593920000
674622000000
674753625000
674799206400
674885252192
674972585280
675007258464
675120101346
675167021056
675203479552
675291292416
675417802752
675486900000
675520560000
675528761250
675901184000
676122920550
676147200000
676165135360
676190592000
676193806080
676217617920
676317600000
676350675000
676414200000
676552310784
676735552224
676741693320
677055834000
677128757760
677196072960
677262655488
677488825440
677490399588
677510400000
677526896640
677580078125
677593061376
677644980480
677683983600
677700799080
677887835625
677895420384
677900260800
678067697664
678198571875
678222249306
678392985600
678417640992
678451274865
678622658560
678676218750
678730950000
678758144000
678813696000
678915877500
678942000000
678996875648
679091765625
679209300000
679257306000
679372236992
679394304000
679422975000
679448700000
679477248000
679478575104
679492303875
679520793600
679536000000
679760363520
680062500000
680127840000
680185036800
680244480000
680279424000
680407200000
680425878528
680468447232
680512000000
680527915200
680585830848
680597356824
680625000000
680683500000
680818556250
680846057304
680953068000
680989512500
681089825484
681091006464
681136119900
681257406546
681408000000
681531360000
681574400000
681648586752
681685200000
681735979008
681841125000
681864312168
681965958135
682000000000
682144526336
682160222016
682240237056
682261512192
682624800000
682719573510
682851260000
682942530816
683020800000
683022279114
683319230464
683348305739
683405540000
683476839864
683575345152
683585000000
683722265625
683800542000
683834812500
683888751000
684005086080
684204032000
684205277184
684250596900
684288000000
684392962500
684406195200
684450000000
684662528000
684699675000
684735187500
684795625472
684849535125
684913065984
684947507200
685055410176
685070991360
685335937500
685415952000
685686435840
685749610000
686026091520
686028949200
686167040000
686198981160
686249603625
686250786816
686298562560
686371783680
686374014060
686444625000
686557620000
686629153125
686643750000
686693683200
686854080000
686910875904
686945121408
687045288384
687052800000
687058865696
687099624000
687145455360
687346974720
687461580000
687622325445
687634790400
687639321600
687699416250
687765684375
687782430720
687812500000
687970713600
688034881800
688248697500
688265424000
688400407296
688500000000
688642560000
688653549675
688720703125
688782916800
688821719040
688844800000
688973395968
688978675000
688989929472
689046087744
689144547168
689199218750
689201479680
689212631250
689290602780
689305491000
689315062500
689393108209
689404732416
689420160000
689517465000
689622609375
689673777156
689768746875
689805072000
689925600000
690049704960
690094080000
690099696864
690174397440
690200141400
690379414164
690381619200
690407550000
690413273984
690604980000
690638400000
690812928000
690849054720
690873300000
690947712000
690951665664
691200000000
691217049600
691329945600
691338037500
691471616000
691488000000
691625200000
691629127200
691739600454
691741451520
691776120000
691846709400
691846899912
691898941440
691920000000
691924509375
691948109250
691951062348
691971338240
692196732864
692297238528
692354138112
692507200000
692555149656
692583091200
692599663000
692640750000
692680199400
692793851904
692841600000
693119700000
693186294528
693250306560
693305174016
693359493750
693395246895
693540070938
693706392288
693754687080
693820882944
693852026805
693862400000
694222244352
694257516288
694475337600
694487098800
694491033600
694517118750
694575000000
694582350000
694660628480
694681960500
694964448000
695074649472
695100042000
695105390592
695176001856
695209858560
695236608000
695310084672
695444963328
695590289408
695599712500
695674980000
695682763776
695744472480
695800119168
695808000000
695990880000
695994024960
696054849750
696124440576
696333957120
696384000000
696442134375
696483465216
696504375000
696570347520
696668132664
696797640000
696956055588
697019904000
697276800000
697345070400
697356880200
697452525000
697486592000
697552143750
697567392000
697656960000
697861828125
697958400000
697995138750
698148159800
698152545792
698157157440
698226562500
698255192040
698439109375
698544000000
698549670000
698565731328
698675326272
698682600000
698893610688
698906250000
698984595456
699005927424
699019571250
699173280000
699268795008
699277670784
699293982645
699437500000
699468750000
699509216250
699568994250
699582720000
699739526304
699767496576
699772277934
699795210240
699840000000
699844337500
699876051966
699904917504
700124549544
700131600000
700246848000
700284234375
700302081024
700409616543
700496936160
700569000000
700755818400
700767535104
700841953152
701132467200
701168832000
701285923968
701306242560
701366400000
701416039680
701600965000
701669925000
701851060224
701864497152
701894531250
701954859375
702126489600
702194448384
702224410041
702268047360
702337720500
702364162500
702393346557
702427264000
702596063232
702707703750
702709862400
702719594112
702736256250
702749234880
702768000000
702792529920
702868359375
702919296000
702967165056
703040000000
703108252800
703172171520
703183982592
703705356288
703812375000
703836000000
703857421875
703922400000
704138067360
704166690816
704204202240
704365200000
704425740480
704455944192
704569387500
704740608000
704774848512
704783794176
704791040625
704791342944
704794921875
704806923240
704855060000
705277476864
705382587000
705554841600
705563100000
705600000000
705717526500
705839062500
705858624000
705938332375
705961363968
705966224400
706026708072
706050293760
706072512600
706146105000
706181458005
706218750000
706255436250
706323196800
706351519125
706360393728
706516207488
706611262500
706764720249
706884121908
706923030528
706985606250
707070765625
707275800000
707296000000
707454259200
707509687500
707530457088
707579084800
707726336184
707756400000
707910840000
707912946000
708012272250
708083712000
708085094976
708238080000
708502339584
708523200000
708571487250
708588000000
708624400000
708704640000
708764953600
708883245000
709052815625
709222054912
709264128000
709312826475
709353904896
709572484368
709637760000
709772800000
709896623040
709979112000
709987160064
710000000000
710000121600
710002944800
710024071680
710116994048
710229248001
710270542800
710324256768
710414115840
710664192000
710680314267
710689075200
710715768750
710897847268
711071156250
711190320750
711237637632
711333705600
711382433568
711476480000
711552600000
711643594752
711659520000
711749376000
711868500000
711922286592
712124595000
712221284970
712371179520
712455070208
712499200000
712504602072
712505298000
712528041984
712740600000
712746467328
712796875000
712968750000
712990080000
713007360000
713089818980
713097216000
713156745600
713238487500
713276928000
713451110400
713466796875
713470107168
713687040000
713739390000
713787402240
713849307136
713856090246
713875783680
714025000000
714057265152
714159236700
714240000000
714420000000
714420854784
714480800000
714492900000
714514366464
714554310960
714573944832
714703528125
714884265984
714984000000
715150792125
715164187500
715217250384
715246272512
715499488620
715526493696
715545600000
715720809375
715762510632
715868473980
715873665024
715917361152
715932518400
715970838528
715978200000
716053944879
716059981728
716282265600
716482410000
716538368000
716643237888
716887665000
716934758400
716943150000
717233481216
717359585656
717376608000
717382656000
717416098875
717420232704
717445350000
717500743680
717527973888
717563448000
717575817000
717609375000
717759900000
717858903300
717996883968
718004584448
718095250080
718100038656
718187842560
718205340384
718207600000
718445445120
718502400000
718508232000
718762601970
719039475000
719066700000
719147520000
719323136000
719449305120
719466789888
719507712000
719572688640
719721187500
719873568000
719899013097
720090000000
720135360000
720346380000
720373500000
720387407376
720397800000
720516431250
720544000000
720559756800
720600125000
720635583580
720750000000
720844488000
720885501000
721132800000
721210668750
721229315625
721259147763
721376950518
721411614225
721429062688
721760296626
721833001804
721834659000
721847101625
721876701888
722000000000
722135736000
722266582752
722311769088
722480468750
722500000000
722548992000
722730086400
722799230976
722821312512
722826190125
722880852352
722904043680
722933600256
722968466688
722979811323
723014123520
723044000000
723074048172
723093611520
723168000000
723205566720
723284100000
723350250000
723360844800
723493771875
723505089600
723511388160
723615380010
723659194368
723691800000
723755132919
723817307136
723921300000
723925133568
723979680000
724067942400
724141668600
724260706848
724281338200
724324322304
724489920000
724733825500
724753612800
724771536896
724902856704
724989675520
725004566784
725016821760
725176486125
725369487360
725483520000
725575408935
725590490625
725696148672
725739018246
725797387224
725939902944
726000000000
726055088416
726153173235
726202900934
726239195136
726258413250
726516000000
726562500000
726644874368
726657750000
726679489536
726699093750
727071440706
727124428800
727147266048
727161404928
727191650304
727235690496
727247039000
727349158375
727425515520
727430355344
727568359375
727592320000
727657700000
727890625000
728000000000
728136864000
728153533800
728208506880
728295603750
728323200000
728481600000
728564512896
728608960625
728618139648
728629862400
728663316864
728725598568
728733915000
728783142912
728834304000
728953344000
729135680000
729137052000
729350709750
729605425152
729684308500
729734923125
729745706250
729879500000
729907200000
730285839360
730302604416
730452800000
730497307680
730506170800
730578453125
730664550000
730768912500
730894412500
731611440000
731640729600
731682720000
731712178890
731879465625
731898702288
731953200000
731999577200
732132281664
732143616000
732165959250
732187500000
732242903040
732262338423
732282000000
732286464000
732314411136
732328128000
732375000000
732656250000
732664424448
732718694400
732737947500
732906265600
732955152384
733029426000
733167951642
733224960000
733286400000
733419106875
733463813808
733500714051
733683825000
733745848320
733877196800
733882457088
733898880000
733955240448
734131944000
734177030496
734301241344
734315413104
734400823296
734442235744
734467500000
734599839744
734634085248
734701777920
734743166976
734764800000
734781358080
734832000000
734970148416
734977800000
734984800000
735075000000
735143688864
735243309632
735404158566
735429313440
735568859375
735718536000
735752429568
735753330000
735765625000
735920640000
736053868800
736082688000
736088372500
736100352000
736277299200
736296422400
736305040625
736332763140
736534034964
736560000000
736590360636
736994496000
737024573440
737038575000
737100881920
737165058795
737280000000
737372160000
737383680000
737479360800
737587200000
737662464000
737687347200
737734501350
738048000000
738050990625
738077983200
738138744000
738155744585
738195393375
738234000000
738281250000
738289188945
738326983680
738352518750
738420046875
738598404096
738599851080
738681364512
738694584320
738743996250
738940354560
738975744000
738990644652
739077696000
739158690816
739284209307
739292400000
739466993664
739514002500
739621596688
739637497935
739743307776
739784908800
739908000000
740138329728
740153700000
740183506944
740301120000
740331200000
740365157000
740524032000
740609578800
740888671875
741060403200
741072267000
741149571915
741352422888
741460368348
741567656250
741580800000
741592716840
741621104640
741629177856
741651750000
741683015424
741699218750
741777159375
741838159872
741877678080
741977600000
742035200000
742125733888
742193018750
742228987500
742262400000
742500000000
742574461356
742650467328
742725606168
742848962688
742871610000
742938000000
743008370688
743077672344
743178240000
743291837964
743317223040
743496600000
743580000000
743583360000
743600000000
743735212605
743745833649
743762800000
743952384000
743998512000
744000000000
744017400000
744103084032
744307200000
744508160000
744700967936
744735965184
744805538176
744924055750
744943288320
744950246625
745001550000
745119648000
745178067144
745242624000
745360000000
745366050000
745397020836
745453125000
745470878988
745612148736
745675488000
745784832000
745886728125
745966190592
746112742830
746223528960
746262584375
746496000000
746514413568
746636341248
746645080500
746695065600
746889307164
747048656250
747118209600
747202225000
747248561280
747259603200
747273600000
747382608896
747396608000
747423155808
747429120000
747441406250
747489600000
747623955456
747814860000
747941512500
747989738496
748007636040
748015885500
748094615352
748112336000
748130562900
748268928000
748313523440
748380672000
748383171648
748440000000
748444483584
748569276000
748683264000
748744309929
748840801878
748918646784
748949540625
749170114560
749188440000
749249731890
749357319168
749597530500
749619200000
749626617600
749856768000
749952000000
750045744000
750050316288
750072400000
750089113425
750133445940
750289837500
750360812500
750397003125
750412406700
750568059864
750589061625
750622132224
750758400000
751021165440
751028484096
751063040000
751074508800
751252320000
751472640000
751577433750
751613100000
751661897679
751670150400
751712628744
751746540896
751751110656
751794051456
751929583104
751949112838
752034874500
752157505125
752224725000
752512730112
752556000000
752658565120
752716800000
752781496320
752790307500
752928000000
753208706250
753222512000
753356315250
753372783360
753401069568
753424000000
753613875000
753712671348
753766760448
754000012584
754036426080
754061736960
754133600000
754287279354
754683125625
754730340000
754818879276
754825008000
754826737500
755068359375
755069091840
755330400000
755549337600
755642671875
755711559680
755724060000
755761152000
755809586400
755827200000
755918438400
755997180222
756223569920
756363699000
756392175000
756548403200
756592212600
756667362759
756773325000
756826250000
757006290432
757047244800
757102828125
757162545750
757223064576
757262338560
757311052800
757402660125
757657600000
757667442483
757726200000
757729042200
757881456640
757883271600
757945856250
758099671875
758133920768
758137600000
758246568750
758296608768
758302534080
758330163200
758348101875
758487711744
758621445120
758651562500
758836050000
758858001408
758924320050
758926651392
758977228800
758986112500
758989440000
759006061632
759152839680
759220155540
759245908716
759283200000
759283217000
759305579760
759376537600
759573382400
759642786000
760005651200
760048652376
760134375000
760142880000
760385782800
760416000000
760467681792
760672274432
760792039920
760828723200
760857300000
760865863875
760920176250
760920442821
760965975000
761031380340
761057051832
761243464800
761665536000
761856000000
761873817600
761955876864
761999228928
762008148000
762048000000
762199200000
762373472256
762396823552
762413398965
762637793400
762755871150
762815223808
762829052544
763002519552
763270144000
763408800000
763435530000
763466550000
763572318750
763593038912
763599609375
763757774848
763764132096
763871485104
763885879848
764024806050
764050599936
764056268640
764110462500
764130885632
764185411584
764247904000
764293766616
764414886690
764458731008
764504178688
764522542080
764545981680
764564562432
764730408960
764862267078
764877471744
764897126400
764977824000
764991613750
765107681280
765176315904
765254044800
765274072192
765275040000
765351493632
765386212500
765466149888
765542886264
765576000000
765593904600
765703125000
765716163520
765727900000
765955401120
765968266752
766072201500
766105370624
766317024000
766324800000
766803180384
766902208128
766903410000
767071265625
767079577440
767092186224
767092568220
767271706250
767544201216
767566800000
767569920000
767678570496
767719680000
768153375000
768240402048
768248400000
768270827520
768320000000
768369472000
768394598400
768398400000
768464444160
768599556060
768621150000
768689326080
768694551392
768774240000
768785600000
768810319872
768831620319
768901120000
769033125000
769094562600
769165056000
769500000000
769505721840
769575046500
769753600000
770006250000
770029286400
770151011175
770209285248
770213283840
770223346200
770287134375
770339082240
770350131936
770527199232
770625900000
770662058400
770664303032
770776256250
770782003200
770821165296
770857274880
770865531345
771053776896
771147000000
771291975636
771299852288
771379200000
771397240320
771419271168
771436866816
771465829376
771468311250
771809728000
771879985578
771895089000
771937920000
772032870000
772034571000
772244992000
772250203125
772289440000
772402208000
772934400000
772940808192
772972200000
772987077000
773088215040
773207119872
773419078080
773512162500
773584846848
773714082827
773778096000
773801002800
773861437440
773899504511
773947102864
774033975000
774039242025
774050414592
774297600000
774450458208
774533760000
774545587200
774563368320
774563384784
774728955000
774766736640
774840978000
774935884800
775101009375
775112083256
775145700000
775185966828
775287615564
775290880000
775781296875
775855872000
775903860000
775996429312
776239200000
776294064000
776366976000
776449431450
776483400000
776562633000
776565720875
776679321600
776688412500
776708493750
776828016216
776868986880
777033228015
777068328960
777331408896
777368275200
777389184000
777524753260
777566689280
777728000000
777812378112
777825550656
777857540320
777916166160
777924000000
777974090400
778078350000
778187520000
778204537344
778248135000
778260656250
778360181760
778413901824
778565787300
778794172416
779026956288
779075933454
779076480000
779124543363
779174620875
779220843750
779611682304
779785474377
779832900000
779906594880
780015190500
780045312000
780140544000
780190540800
780300000000
780325000000
780477142599
780548493312
780595200000
780643600000
780953190400
780959292750
780977023200
781196016484
781229712384
781240000000
781405143750
781476609375
781511931904
781525500000
781587144000
781631613000
781835004000
781898054400
781915680000
781993377792
782073002088
782178271875
782223845256
782589853696
782701620246
782707860000
782733901824
782757789696
782854625000
782876365920
783071744000
783118803600
783200000000
783283322880
783330218853
783337291776
783360000000
783473515335
783522201600
783713840000
784046636346
784080000000
784227407040
784398800878
784522061550
784634090625
784687500000
784790370000
784872861696
785113104384
785167256250
785205603000
785241600000
785294133610
785426802120
785537091045
785799705600
785868378750
785942190000
786017925000
786130193750
786158545536
786240000000
786269531250
786432000000
786569940000
786589056000
786790400000
786867187500
786897677475
787032628200
787109375000
787404200000
787408756736
787466534400
787481243136
787640118237
787656250000
787777704000
787795148800
787823511552
787935093750
788019960000
788032256000
788140125000
788178843648
788198602464
788220499968
788445265920
788800161600
788946664464
789037200000
789176156160
789189885000
789281292852
789301085625
789307740000
789378665625
789504000000
789644793630
789654528000
789730328576
790028497440
790215229440
790428800000
790500000000
790532338176
790559543376
790561658880
790582560768
790681953600
790682171328
790696603125
790732800000
790778871808
790784208000
790801214112
791081980416
791166096042
791213172449
791261872128
791336189952
791389444608
791424823000
791537906250
791538766848
791556480000
791671780080
791788921875
792079368192
792156682240
792330240000
792348770304
792410850000
792422456320
792437580000
792610790400
792627137500
792862499520
792938151936
792973744920
792985600000
793063040000
793167898032
793190499192
793224900000
793266105996
793301112576
793396850688
793546875000
793560387648
793629425664
793676677120
793710937500
793733850000
793800000000
793808400000
794130750000
794288315625
794400048000
794414368125
794430365652
794496093750
794525552640
794592000000
794640096768
794794291200
794824143750
794938178304
794957971456
794969303040
794975442300
794988380160
795057120000
795179483136
795200136192
795484800000
795570457500
795685275000
795906349056
796139340225
796192151616
796262400000
796374374400
796405247550
796477709664
796594176000
796595731848
796761556250
797088600000
797124221856
797202450000
797251921920
797343750000
797493650625
797556375000
797807281250
797874811776
797883611200
797922144000
798005933760
798093803520
798385766400
798428467200
798486087168
798494400000
798652035027
798675122700
798726501000
798735555072
798750000000
798816287500
798879510000
798967701504
799104250880
799174086750
799180800000
799191309375
799253987328
799323525000
799552000000
799858345104
800008602624
800095256576
800142342336
800282112000
800305237764
800345235456
800421496875
800468133192
800496675000
800800807968
800852062500
800852127867
800957051622
800968887180
801335808000
801492848640
801504000000
801531494400
801561600000
801567677331
801568460250
801571119426
801744993280
802032000000
802184765625
802234125000
802273248000
802701900000
802735253208
802816000000
802845590625
802949719040
802956813750
802966929408
803066400000
803088000000
803093750000
803141982720
803278125000
803468574720
803790900000
803804512500
804068812800
804090399840
804172369910
804342330792
804344800000
804357000000
804437037698
804513937500
804546266355
804729219840
804742400000
804862033920
804988800000
805000811706
805026342912
805057989120
805419614208
805447618560
805467193344
805475475000
805543567360
806145228800
806147686400
806151528000
806215680000
806307758080
806332368600
806561043750
806658406400
806738400000
806836859150
806887666368
806940014400
807029533863
807045786624
807055488000
807206400000
807258879000
807544603503
807574218750
807804076032
807857156340
807952158000
807981007932
807983550000
808080875000
808108000000
808130039808
808130442240
808315200000
808326681750
808454818080
808577925120
808606236672
808903065600
808919409375
809040960000
809156050944
809178174720
809389865088
809425120000
809676000000
809740800000
809883711000
809902080000
810000000000
810065263644
810081484800
810346075000
810551169792
810650337280
810675077120
810675140625
810748435952
810758108160
810776669472
810819072000
810843750000
810951837696
811148083200
811150250625
811200000000
811428710400
811456081920
811463574582
811486412800
811590451200
811690569144
811736640000
811803762432
811923750000
812010581250
812250000000
812330105535
812402703000
812500000000
812652750000
812788938000
812805528717
813035760768
813240958896
813344880096
813480312960
813564000000
813694612500
813728025000
813769031250
813810834375
813936527360
814241286144
814284800000
814485799116
814631057380
814659377175
814769280000
814959793120
815129700000
815211008640
815390625000
815660651520
815702160000
815763013632
815866279956
815972569344
815982937750
815985228240
815993284608
816065445888
816181984800
816274353312
816293376000
816391913472
816415031250
816633498240
816811974468
816943387392
816965222400
817072275456
817231800000
817303113900
817315191000
817330500000
817382812500
817385963520
817391143296
817583065209
817611024384
817744564224
817766400000
817863200000
817895937024
817929713700
818152918875
818260800000
818270208000
818347365576
818359149762
818431085636
818614912500
818618240000
818756370432
818875456000
818876953125
818947584000
818955878400
818996576256
819285156250
819343687500
819346962500
819363600000
819394007250
819416006656
819542934000
819548452125
819635159040
819638265654
819695407104
819708595200
819727413120
819825654375
819839526464
819865762856
820025856000
820072512000
820086648000
820125000000
820126660608
820244232192
820308123096
820339252992
820343700000
820444584960
820567867392
820757480400
820783039626
820806103296
820969428125
820987200000
821114437500
821249280000
821304925000
821321442279
821725184000
821759400000
821819442150
821967536128
821997618750
822040592384
822142941984
822170539008
822186344448
822227777280
822877440000
823011840000
823248745077
823284000000
823447350000
823499524350
823648816872
823661568000
823697826084
823710937500
823746560000
823776340842
823815562500
823822272000
823869144000
823921875000
824165888000
824174705079
824238281250
824262075000
824296168872
824331755520
824430800592
824503680000
824606131552
824632147968
824633720832
824654714400
824754585600
824757651456
824816540625
824953896000
825146790534
825387736320
825394303125
825453647370
825595100000
826054462464
826190942850
826209828864
826262641512
826441871360
826497043200
826521504000
826573190625
826610400000
826633092096
826775040000
826841416968
826850025000
826958333988
827142091776
827148723336
827343009792
827502592000
827683353000
827722496250
827742240000
827988480000
828100000000
828255682800
828609675264
828773127000
829118808000
829146982400
829171875000
829246275000
829386915840
829393396650
829456153344
829482728256
829511718750
829560050000
829777243904
829785600000
829787220675
829808806365
829866166272
829911551625
829946172496
829953146880
829987651584
830000939040
830066737500
830304000000
830376562500
830413209600
830437300000
830513250000
830525414400
830577049600
830582031250
830622127608
830801715300
830823120120
830988288000
831080065536
831119595600
831168900000
831256181000
831337267200
831409920000
831606750000
831608800000
831631629312
831763092069
831875000000
832074296274
832111568750
832124518400
832149913600
832444563456
832462851200
832610039625
832695955000
832706445312
832777034712
832832105287
832838760000
832872600000
832875264000
832910801625
832962560000
833089536000
833170800000
833257497600
833299488000
833427329328
833631198660
833903100000
834024591360
834072595200
834148000000
834194384640
834247065600
834332825088
834344276220
834358218750
834686290944
834803200000
835016953680
835045200000
835086037500
835179886310
835307900000
835312500000
835326723840
835454490624
835456781250
835584356250
835686543825
835705083024
835730561250
835805250000
836242490160
836433675000
836561567744
836636850000
836799912960
836828256240
836871243912
836930755584
836946432000
837000000000
837043480000
837123788800
837175200000
837314150400
837465735168
837510347520
837606250000
837763719975
837788588928
837906230448
837924341760
838286530344
838476334080
838495800000
838634765625
838813667328
838822400000
838860800000
838879387500
838987996392
838993287825
839007936000
839169745920
839211964416
839217614976
839580318720
839581811712
839706476544
839731200000
839808000000
839894916861
839946240000
839965883904
840000000000
840204533760
840212017632
840329389548
840427286655
840442521600
840461895504
840507985800
840536064000
840602503125
840628125000
840821184000
840835840000
840851050284
840875000000
840966229125
841033084500
841310400000
841491475000
841508590545
841567491072
841626378000
841658646528
841753182816
841893212160
841931068104
842287779872
842329800000
842345831250
842400000000
842416405740
842605784064
842624640000
842649120768
842724000000
842751000000
842911626375
842940378875
842984153856
843002239860
843042816000
843125144400
843277500000
843321600000
843413445504
843429445632
843442031250
843448320000
843455185056
843546485760
843587136000
843606565240
843696000000
843759073080
843787535184
843801825042
843819074560
843831450000
843885858816
844053864992
844113600000
844114115520
844183399680
844247040000
844371066880
844381804320
844449898752
844496480256
844603200000
844608788676
844896239208
845100000000
845152256000
845222809600
845564737500
845680000000
845717483520
845768307888
845856000000
845924007936
845954161092
846028800000
846141069312
846203977728
846319792500
846410947200
846609132600
846748041216
846806400000
846862999485
847125998850
847245752262
847259911872
847305930240
847375326000
847383278112
847462500000
847602000000
847656250000
847815609375
847935848448
848261700000
848340449280
848470740156
848507699200
848570688000
848644846875
848656527264
848663682048
848829264192
849139200000
849215296240
849273600000
849320484831
849346560000
849516180480
849573255168
849700938240
849710400000
849806100000
849849491673
849988288512
849995238456
850189567500
850231296000
850463857152
850501017600
850760985888
850775393844
850789742751
850818760704
850854375000
851074836480
851119570782
851162814333
851206329344
851331448800
851337500000
851363758080
851369990625
851419296000
851420149875
851429531250
851519418750
851586151680
851632076736
852128169984
852219463680
852227200000
852282572800
852330390210
852441975000
852664320000
852672758784
852700277520
852741371250
852826890240
852871525000
852929510754
852992000000
853298675712
853351583616
853587779616
853776000000
853792482816
853815818240
853849382400
853945400000
854071705600
854167552000
854218750000
854247711240
854346049830
854427377664
854752560750
854752926720
854765625000
854790300000
854860938750
855006357600
855200997000
855242517864
855277228586
855313246125
855360000000
855362610249
855460046259
855507744000
855707782776
855890625000
855918984375
855964462500
856019653632
856073207808
856128000000
856215360000
856391616000
856508083200
856556800000
856682892000
856694361600
856768185000
856775162880
857088000000
857225600000
857253511296
857474100000
857516034375
857620117728
857661210000
857792068416
857871093750
857967517575
857980800000
858059113472
858152512224
858284596125
858327613440
858370867200
858377834496
858378885000
858573477684
858574080000
858803033088
858806610480
858899868750
858904300800
858986400000
859100147136
859123584000
859144126464
859238580564
859328870400
859355420742
859468428000
859765772250
859830487443
859853515625
859963392000
860016072384
860070887424
860084324352
860321710080
860331780000
860349600000
860648177664
860803200000
860809950000
860867812728
860934420000
860978646000
861056000000
861140362500
861163632000
861273000000
861385910112
861411271875
861416015625
861430683960
861613253475
861643828125
861687270400
861714300096
861900000000
862042604976
862139019600
862172087040
862302744576
862569132516
862650147744
862801920000
862921532088
863499985920
863535104000
863588246625
863591625000
863684640000
863710096977
863823546971
863840001024
864003538944
864360000000
864415656000
864448200000
864536409000
864570470400
864666316800
864676814400
864762700296
864883800000
864938827935
865162265625
865260375000
865287042750
865377857250
865437338304
865442672640
865624320000
865654013952
865693937070
865704345600
865749578750
865850249250
865954768896
865972800000
866031817750
866257031250
866399625000
866576880000
866631467520
866683545000
866843099136
866997340911
867193358850
867204731250
867311712000
867335040000
867412700000
867435499008
867589734375
867683180000
867712333824
867752248000
868094172000
868108873500
868118759424
868163184000
868394317824
868430160000
868609272993
868725000000
868937214816
869012323200
869015808000
869334774750
869387904000
869404259328
869551200000
869610461625
869617824768
869623363224
869675400000
869750148960
869779487808
869811998720
870299748864
870480000000
870539280000
870636847104
870639501312
870690490722
870712934400
870806716416
870930448384
871009807360
871084800000
871191078912
871195069485
871256765484
871277472000
871383807882
871432320000
871453440000
871619927040
871651935000
871681338000
871782912000
871815796488
871854233472
872002879488
872284160000
872406824960
872514846720
872565657600
872696446800
872818990050
872988540928
872995982976
873103178871
873207164160
873400320000
873484789760
873526534375
873543825000
873576900000
873615310848
873617013360
874020274400
874128305232
874179129600
874696933376
874727100000
874739712000
874759091200
874888003584
874944000000
875028633600
875164500000
875329030926
875338143750
875377601280
875456102400
875541596160
875684597760
875840764032
875888640000
875944773000
876039929856
876096000000
876154890240
876166643712
876405325824
876452400000
876461040000
876517687296
876543360000
876607404960
876877650000
876881950000
877042962432
877166019072
877184120358
877219200000
877393920000
877394919240
877500000000
877658112000
877865625000
878117054976
878169600000
878399492640
878664708936
878793753600
878826025000
878859300000
878868542464
878882586624
878885316000
878895000000
878906250000
879143300000
879216187500
879564379500
879662989312
879688642560
879718400000
879737760000
880000000000
880172584200
880255252800
880371093750
880403651552
880413585408
880451518464
880631193750
880696320000
880711453125
880887150000
880938474624
880979742720
880989178680
881008654050
881082279000
881105123584
881325398772
881462476800
881476543584
881596846080
881642133504
881678070000
882165816000
882322440192
882323280000
882325224000
882385705971
882457780500
882470121984
882487305000
882590640750
882682631250
882902212500
882903996000
883008843750
883091708694
883353600000
883396800000
883495684773
883500000000
883586164500
883605152385
883731824640
883987872768
884013900000
884107699200
884140677000
884253438720
884270165625
884296875000
884304006534
884317824000
884340000000
884385492480
884387109375
884413071360
884792700000
884891182500
884971929600
885106368720
885285282816
885404520000
885498046875
885627924480
885657600000
885786893502
885834851328
885837004800
885842380864
885971196000
886113281250
886249917000
886293734760
886522455000
886527568640
886630655232
886657640625
886702080000
886949222400
886965605460
886978400000
887096000000
887193216000
887193600000
887370778800
887409600000
887500152000
887503681000
887535445563
887564997522
887643900000
887666850000
887808000000
888101125120
888187781250
888227876250
888427202000
888516864000
888707635200
888735547392
888832000000
888852787200
888928432128
888943486464
889056000000
889183859424
889232400000
889333226496
889379486298
889440750000
889626230784
889632234000
889646284800
889677434880
890096449536
890099159040
890246522880
890366400000
890372495376
890484416640
890631622500
890711859375
890734952448
890984779776
891005337600
891015172096
891183399288
891289600000
891362273725
891445932000
891462206250
891569817600
891648000000
891898239375
891973877256
892108800000
892112130000
892286218278
892524906000
892601690112
892616806656
892641551872
892663200000
892699045875
892755436104
892917043200
893034450000
893116125000
893135093760
893172000000
893192888700
893293272000
893349789696
893353197568
893571301376
893702799360
893750901750
893918025000
893970108864
894330372096
894348000000
894374360775
894516137424
894660968750
894771200000
894835592475
894869505750
895145934375
895363700000
895468750000
895568602500
895672960000
896155195509
896168448000
896170198329
896259893760
896363820000
896440452480
896455772432
896699482070
896724675000
896800481280
896846266368
896852756250
896906035200
896909967360
896967447552
896987520000
897023213568
897205312500
897323629125
897377832000
897385426749
897422346240
897467351040
897496104960
897576712704
897605689344
897609163248
897619062600
897662412000
897756675480
897844248576
897968839680
897976228128
898066104320
898128000000
898135290000
898306200000
898362730496
898567313625
898593750000
898608660480
898694479872
898721906688
898801598464
899059879296
899311631400
899323425000
899465860800
899599564800
899722687500
899736698880
899978563584
900046363125
900160135128
900240000000
900317376000
900375000000
900466875000
900484259220
900497250000
900558759375
900594240000
900794479475
900798402816
900937500000
900986830848
901120000000
901246720000
901278056250
901367341875
901697560218
901756800000
902210400000
902241990000
902291252255
902345877360
902430856250
902669670000
902833228440
903098820000
903120768000
903320532784
903347200000
903480468750
903499038720
903544320000
903579600000
903601065440
903636518400
903687890625
903772816128
903866596875
903867014400
904006958400
904093691904
904129944480
904201056000
904219961400
904264762500
904296332408
904299282432
904381362000
904485512000
904614750000
904884675750
904901625000
904968765792
905309055000
905347173276
905541451776
905612400000
905914368000
905969664000
906128570880
906139090944
906159909375
906242220000
906255708480
906472980480
906474385152
906503427648
906616528125
906922469376
907120185840
907124400000
907141939200
907200000000
907209600000
907246734030
907479613440
907500000000
907664610816
907748624664
907750982250
907758075000
907778949120
907920417888
907937424000
908102707200
908160110592
908206043976
908344996608
908370450000
908402360320
908451078129
908571181056
908615232000
908800155648
908803769344
908820000000
908843300352
908981493750
909058798750
909090984375
909121500000
909146294784
909223380000
909287944180
909354600000
909370815600
909459324928
909532502016
909708800000
909744537600
910034611200
910141920000
910171080000
910252062720
910393344000
910601201664
910696372152
910739700000
910787328000
910906998210
910917393750
910921971141
911139840000
911421315000
911493000000
911639334375
911642688000
911779750000
912006781440
912081515625
912088944000
912091990446
912199218750
912555528192
912840634368
912922214400
912932900000
913007563776
913132713500
913274044416
913334400000
913512600000
913524480000
913711104000
913781250000
913790232576
914123822976
914227200000
914236637184
914303520000
914474407392
914550912000
914571907200
914608128000
914721075737
914742821250
914767425000
914820723648
914896078758
914999471500
915165352080
915219806760
915250380800
915259500000
915372057600
915379487568
915393013920
915458109440
916013661696
916070400000
916081279344
916132832000
916371537920
916388315136
916590306996
916636876974
916829767260
916839000000
917020912500
917070336000
917294284800
917314453125
917373600000
917411717952
917570247750
917593600000
917664930000
917676490752
917806252032
917867209728
917876551680
917894266380
917923702784
918292606560
918541099008
918732672000
918801350656
918843750000
918859396224
919054137040
919248378048
919385775000
919444500000
919496812500
919532839680
919690536960
920052224000
920066273280
920102198400
920319343250
920408997888
920415953925
920465178624
920543400000
920682301440
920877465600
920892370944
921263616000
921316032000
921488588800
921784050000
921849201000
921984000000
922043366400
922097096704
922109184000
922157332992
922319467272
922348983213
922397442048
922500956160
922542720000
922566012500
922581576000
922597479000
922861328125
923181600000
923406866208
923449190400
923478806250
923521000000
923738305815
923788800000
923801922000
923900313600
923964290080
923968040625
924246400000
924333742080
924392503125
924451968750
924479325000
924524409600
924526995860
924618240000
924844032000
925018380000
925028729856
925217523360
925394534400
925581384000
925761973500
925901881344
926090674000
926109800000
926325504000
926378268750
926604918981
926619264000
926825460435
926852787000
926990896050
927347097600
927437658840
927577018368
927646364736
927653760000
927853470720
928012800000
928110346240
928218076695
928225902240
928760463360
928840770000
928920604248
929628000000
929932640000
929936700000
929982178125
930000000000
930021750000
930069525000
930149335206
930156800000
930196594089
930206278125
930542313753
930611200000
930622252032
930646261760
930660185000
930824649216
930876209920
930940416000
930968750000
931006922720
931040000000
931044741120
931064150016
931143772125
931332390912
931440384000
931472583930
931576800000
931826073600
931838598735
931875000000
932015185920
932231040000
932329736128
932457738240
932617912320
932642135040
932646223872
932758659000
932779411200
933029703912
933045750000
933255056250
933295426560
933306350625
933368832000
933499399392
933508800000
933611633955
933689444058
933736108032
933912787500
934060701600
934074504000
934092000000
934161306624
934324844544
934327406250
934416440320
934459621875
934502400000
934529944320
934565216256
934874265600
934903627776
934921806336
934960693248
935009545050
935017316352
935019856875
935047898624
935140420000
935155200000
935163203625
935188889106
935439434496
935444495232
935475840000
935478964560
935559900000
935821365633
935859375000
935968929084
936000000000
936040976640
936384512000
936404582400
936450294000
936484274176
936500133888
936517140000
936568827558
936619200000
936694167552
936696648960
936721843200
936782949375
936794750976
936852835968
936874164051
936943605000
936959458816
936981675000
937097834400
937107630000
937157812500
937225728000
937333942272
937500000000
937666807425
937791848448
937890625000
938107872000
938120019968
938295366372
938416500000
938476562500
938624428224
938776456800
938938936320
938966492520
939153600000
939425850000
939495424000
939612960000
939672482364
939688888320
939721387500
939726562500
940012344288
940090624000
940118400000
940168218402
940273152000
940280906250
940369969152
940584960000
940896000000
940956702000
940979669760
940987884375
941146905600
941368944096
941421178880
941503500000
941511168000
941528140000
941564736000
941625000000
941673915000
941876100000
942013800000
942066892800
942206629248
942307031250
942352960332
942370910208
942387747840
942395586048
942512162544
942644509254
942647475000
942796800000
943259892120
943479680000
943523599095
943870144000
943941896352
943973581824
944113459968
944229629952
944239804416
944300161728
944486459136
944504995840
944655075000
944697600000
944718888960
944739818496
944761983000
944890103520
944961619392
945030924288
945093460480
945420302592
945480007680
945492590592
945685504000
945717248000
945740265750
945923832000
945984375000
946044921875
946183680000
946577923200
946638816000
946666828800
946671328512
946677909375
946703620352
946704665088
946829675250
947076510600
947161302750
947169288000
947172451617
947218821120
947345678125
947438370648
947572162560
947573752356
947625000000
947700000000
947878167600
947980260864
948225186750
948268288000
948316850176
948509911424
948557316096
948647700000
948669418125
948736800000
948781118712
949025194425
949057385895
949158000000
949218750000
949282431552
949310381250
949626519552
949750179840
949950787500
950006136096
950007064000
950071721984
950242752000
950303109000
950348051250
950482228500
950510080000
950518800000
950586390936
950803717500
950960640000
950984650000
950990049900
951021093750
951021840132
951118080000
951152025600
951289062500
951289225425
951372240000
951456891294
951489346374
951554331000
951586272000
951652520000
951664508928
951808120328
951951224000
952178976000
952327391652
952342272000
952391193600
952657200000
952817985000
952861411125
952938037500
952947303546
953297241750
953312000000
953536315680
953552250000
953613281250
953673828125
953971200000
954060800000
954075036096
954161657856
954204160000
954448195536
954491298640
954527472800
954637600000
954807750000
954836315136
954857349810
954919760850
954953550000
955050731250
955070335800
955087200000
955367208270
955620952416
955682477100
955705703040
955769683968
955807402914
955867002552
955924200000
955959675125
956227223808
956492292096
956510208000
956553097500
956703965184
956727562752
956966400000
957145204400
957232592082
957304939500
957444251400
957460333440
957607120512
957638246400
957905160192
957966843750
958096755000
958168673280
958169088000
958224384000
958320000000
958703630976
958719300000
958832640000
958849471800
958865710275
958926510080
958993551360
958997221875
959062500000
959099387904
959228156250
959480465625
959522070528
959628250000
959804246016
959961010176
960191718750
960436528128
960505796250
960599547648
960678573624
960688575000
960749445075
960753998880
960817987584
960920497152
960938496000
960996093750
961000000000
961180668000
961192330000
961368203250
961595712000
961882152300
962003637504
962120786400
962285156352
962285764608
962592768000
962671255623
962680950000
962695050240
962761606560
962779182750
962792452440
962876953125
962895403008
962948000000
962997536256
963327573000
963477504000
963571593600
963933750000
963962588160
964098730896
964099584000
964114969545
964124815360
964224000000
964296083520
964344528000
964350406656
964378800000
964382720000
964658362500
964850924375
964882071552
965006843892
965041087500
965595701952
965652480000
965727100800
965895840000
966069586944
966252478464
966280197960
966352896000
966367641600
966484979892
966770294784
966773847600
966893760000
967222620000
967251253500
967326796800
967428535808
967433878580
967436270592
967457920000
967518081432
967572000000
967578478592
967621165056
967659264000
967703869440
967861923840
968063072760
968204230980
968381956096
968438032128
968585393160
968658518016
968688000000
968717899776
968750000000
968759873536
968785920000
968932125000
968982458535
968994140625
969109519455
969358147584
969428587608
969475404960
969616327680
969870039606
969879825000
969893174016
969946565679
969986113200
969995536640
970090587648
970367580000
970557746400
970703291250
970753345653
970886237160
971097600000
971168000000
971256561912
971392837527
971423129664
971567529984
971591106816
971629148160
971645220000
971886034944
971905941575
972259200000
972287447040
972405000000
972409926852
972467613000
972504225000
972524879872
972807233536
972858037833
972994275000
973012500000
973078528000
973165050000
973207234125
973209600000
973293801984
973331251200
973346457600
973417921875
973476562500
973561680000
973860765696
973898437500
973908305760
973932134400
974131200000
974219400000
974284864000
974358550000
974391634944
974419015680
974424342528
974437482496
975018988125
975198486528
975243836160
975370429440
975662166006
975827865600
975839287500
975937600000
976176375552
976191488000
976221279000
976250000000
976271616000
976283098560
976299632280
976327515072
976481228800
976488431616
976495020605
976594348800
976748544000
976865984512
976875000000
976903200000
976983930000
977372568000
977407423720
977420020416
977428822500
977557268856
977723136000
977951751744
978007209984
978245100000
978447237120
978531840000
978538498560
978692618750
978870035250
979011575703
979163640000
979616000000
979620159375
979686400000
979693827849
979713294336
979776000000
979970400000
980018325000
980332031250
980750923776
980853719040
980995276800
981004440000
981113599872
981227520000
981256661056
981304450560
981347328000
981525600000
981585454080
981783502650
981828739584
981897441000
982066659328
982120480848
982249632000
982427737500
982524100608
982589454000
982622599200
982837380096
982953273600
982984766400
983236320000
983264448000
983398169600
983598876000
983782800000
983790785250
983848928832
983909541888
984034050048
984064000000
984250000000
984256000000
984312000000
984441040128
984470025000
984507300000
984560062500
985191548544
985793294304
985885883136
985955991552
986000202000
986018670000
986082100000
986183330580
986196036672
986401152000
986447434752
986492193750
986585600000
986600964096
986601616065
986606438400
986649741000
986807992320
986878023680
986919862500
987068160000
987097253688
987147405972
987365376000
987714984960
987737659776
987776778240
987840000000
987851562500
987881686848
987940800000
988152574500
988199429220
988202073600
988470411264
988480260000
988501517640
988647784448
988756875000
988769531250
988869000000
989036212500
989589725100
989683200000
989929687500
990000000000
990171000000
990435962880
990465283584
990495480000
990513562500
990546975000
990584000000
990610718720
990677827584
990736346880
990770229792
991078124400
991217181150
991328800000
991459872540
991531125000
991582632495
991818750000
991887828750
991928131250
991950484560
992000000000
992186496000
992231285760
992603083563
992644014375
993000060000
993037957065
993116551284
993156940800
993334453125
993602400000
993719302875
993795194880
993855272256
993937500000
993961171984
994000170240
994004122720
994033700352
994312876480
994402656000
994515637500
994547662848
994579762176
994606593750
994621587456
994929868800
994964705280
995076225000
995207675904
995240189520
995802336000
995806835712
995829120000
996121546875
996173640000
996346137600
996564207744
996572678472
996802560000
997003401408
997109798958
997319651328
997325125632
997343514720
997354514000
997507417200
997668654048
997812338688
997832204424
997844228864
998041294848
998156250000
998186112000
998325746572
998335800000
998343903375
998400000000
998419443840
998441641125
998587699200
998625206250
998831554560
999003777408
999095205888
999426097152
999480602250
999620083712
999623131136
999650589696
999822931380
999936000000
999998000000
1000000000000
1000177927920
1000188000000
1000216738598
1000355616000
1000376035344
1000386450000
1000431544320
1000529337500
1000741632000
1000748805120
1000829509632
1000836263250
1001211108975
1001519268750
1001699284068
1001726098875
1001866060800
1002150800000
1002215863572
1002252000000
1002377029632
1002392068608
1002581324199
1002642300000
1002995700000
1003153715200
1003428800000
1003622400000
1003749120000
1003956196875
1003996715904
1004143113792
1004188238784
1004217040896
1004316300000
1004327251200
1004349865617
1004372600000
1004400000000
1004501041152
1004653125000
1004663756250
1004818500000
1005112999800
1005320160000
1005513080832
1005523200000
1005716372472
1005815715840
1005823623168
1005888000000
1005911524800
1006006003200
1006182400000
1006341131250
1006372159488
1006435650000
1006560725625
1006681887288
1006757812500
1006806528000
1006813547520
1006833991680
1006951176000
1007052390400
1007229027168
1007242095600
1007310796800
1007401764096
1007402343750
1007632080000
1007681536000
1007726720000
1007872000000
1007915460750
1007996240296
1008033382400
1008126000000
1008189504000
1008512743986
1008556920000
1008675018000
1008783659520
1008785557728
1008815259375
1008889817012
1009031100000
1009262592000
1009470437500
1009664206848
1009810308654
1009821445425
1009870213500
1009916960000
1009951653600
1009976259915
1010009783250
1010163052800
1010223256644
1010301600000
1010446488000
1010594475000
1010625000000
1010728125000
1010757795840
1010782179238
1010880000000
1010917968750
1011130802500
1011313091124
1011440199200
1011659590656
1011890880000
1011902201856
1012000000000
1012065661152
1012219772928
1012327878288
1012391292416
1012500000000
1012680152019
1012857048000
1012907125440
1012921875000
1013061532014
1013156501760
1013168520000
1013428040625
1013533850112
1013629890000
1013935104000
1014182400000
1014285888000
1014320102400
1014476400000
1014487818500
1014655057920
1014904687500
1015023550464
1015025356800
1015063481250
1015071750000
1015086617600
1015327872000
1015367565312
1015517282304
1015808000000
1015873100000
1015997968000
1016064000000
1016235599382
1016265600000
1016398720512
1016438658048
1016551198620
1016767116288
1016850391200
1017333373959
1017432244224
1017546201000
1017568566144
1017569280000
1017711337500
1017955400000
1017974200320
1018014328125
1018037109375
1018107248895
1018132812500
1018145854600
1018268319744
1018288821725
1018387759104
1018395721728
1018487162880
1018495313472
1018595250000
1018699741400
1018813950000
1018958054400
1019058355488
1019200000000
1019310936000
1019391609600
1019398716864
1019491909632
1019652480000
1019663401250
1019832849945
1020028464000
1020121194258
1020148992000
1020227481000
1020768000000
1020791872800
1020937500000
1021025250000
1021054842756
1021227834375
1021291022336
1021417323696
1021429602000
1021484268750
1021620600000
1021628892375
1021643988750
1021680124416
1021878374400
1022144832000
1022211815625
1022304157056
1022400175104
1022412142125
1022571845856
1022761687500
1022934206970
1023010560000
1023023925000
1023038857045
1023516000000
1023626240000
1023744000000
1023942465000
1023997952000
1024177366296
1024179609375
1024256016000
1024297021440
1024377131250
1024382616320
1024397050446
1024428667500
1024511959800
1024533418671
1024645882932
1024799408080
1024828200000
1024878318750
1024950756375
1025140064256
1025156250000
1025377500000
1025583344856
1025752218750
1025806172160
1025946850500
1025956764056
1026007629120
1026103214080
1026418435497
1026550886400
1026925799328
1027037491200
1027049512500
1027099609375
1027207526400
1027244187648
1027403059375
1027458432000
1027706839236
1027713173760
1027784721600
1027798200000
1028003906250
1028254500000
1028320312500
1028582489088
1028624415000
1028693901312
1028852352000
1028934144000
1029105000000
1029250560000
1029331049292
1029501221784
1029561021090
1029666937500
1029851513856
1029874560000
1029890373120
1029965625000
1030052581250
1030134105000
1030288896000
1030370211090
1030511497392
1030540492800
1030579200000
1030649436000
1030726400000
1030788218880
1030792151040
1030814991360
1030818393000
1030858211328
1030865868396
1030881280000
1030889670624
1031043809280
1031184000000
1031349550000
1031494176000
1031694400000
1031791200000
1031834402816
1031865892864
1031941234688
1032060928000
1032105431808
1032137075268
1032192000000
1032292800000
1032321024000
1032373046250
1032396800000
1032600610944
1032727449600
1032751179712
1032828301890
1032873574400
1032883218432
1033014937500
1033031024640
1033239297024
1033394241600
1033418042419
1033468012500
1033484894208
1033604864523
1033657777152
1033697728000
1033697917485
1033716820752
1033798828125
1033824000000
1033935904170
1034035200000
1034039791512
1034039844000
1034157600000
1034172418048
1034249306112
1034822615040
1034985600000
1035350400000
1035539251200
1035611325000
1035698872320
1035787500000
1036003917312
1036713600000
1036800000000
1036853410320
1037007056250
1037132236800
1037232000000
1037426999616
1037429694000
1037437800000
1037609400681
1037836800000
1037897269248
1037904273000
1037922163875
1038033498112
1038087716400
1038229803576
1038269546496
1038367311872
1038502144125
1038628749312
1038768640000
1038832724484
1038874574848
1038899494500
1038961125000
1039070226250
1039600189440
1039690080000
1039713965836
1039889596416
1040039240625
1040123904000
1040187392000
1040202577920
1040449536000
1040644112256
1041012000000
1041048450000
1041301900800
1041356800000
1041533337600
1041624360000
1041784161660
1041873525000
1042034000000
1042038998325
1042264719360
1042296609375
1042311424000
1042378875000
1042446672000
1042764002784
1042920603648
1042930345275
1043002170000
1043167507200
1043188213716
1043224896000
1043339673600
1043399568750
1043504000000
1043661127680
1043677052928
1043982668750
1044014400000
1044075229184
1044098764800
1044287785216
1044440291804
1044557839962
1044712940544
1044854553600
1045046559375
1045072005120
1045078945200
1045094400000
1045266432000
1045303112700
1045373091840
1045395515128
1045664100000
1045965493440
1046089054890
1046147985792
1046163444480
1046178787500
1046328215625
1046513617200
1046739531250
1046950033536
1046992708125
1047125837232
1047235736160
1047307968000
1047339843750
1047382788060
1047531779424
1047576499200
1047585002256
1047816000000
1047858162930
1047920640000
1047996986400
1048023900000
1048064062500
1048156569600
1048261036032
1048359375000
1048448000000
1048643200000
1048759920000
1048773132288
1048838160384
1048856313375
1048870953144
1049014955520
1049022018720
1049075712000
1049156250000
1049203125000
1049477264640
1049658416901
1049723853750
1049766506250
1050039936000
1050186824316
1050197400000
1050411736935
1050569574912
1050577369380
1050634982250
1050853500000
1050924810240
1051030176768
1051066368000
1051214174208
1051504312320
1051538400000
1051715737600
1051846705152
1051928885952
1052049600000
1052061696000
1052109527040
1052191478520
1052319610125
1052338210560
1052401447500
1052504887500
1052615655000
1052841796875
1052859724840
1052873903088
1052932608000
1053020507175
1053506580750
1053696000000
1053721991168
1053752799825
1053894094848
1053906430500
1054061555625
1054077131250
1054079391168
1054104384375
1054378944000
1054508206550
1054599727104
1054698841350
1054721896704
1054734418980
1054888128056
1054965600000
1055142644400
1055404350000
1055558034432
1055650996512
1055718562500
1055754000000
1055760985845
1055952481752
1056503808000
1056547800000
1056706560000
1056854081250
1057096728576
1057208320000
1057524406848
1057807296000
1057899740625
1057985280000
1057996183552
1058013684000
1058018508800
1058080516864
1058158080000
1058281250000
1058293057536
1058411200000
1058576289750
1058706544000
1058712997888
1058820282000
1059051087500
1059074889840
1059102720000
1059167764480
1059219157500
1059229097640
1059260328000
1059328125000
1059383154375
1059825254400
1059855114240
1059866142720
1060076160000
1060167273984
1060207883424
1060326182862
1060478409375
1060588425195
1060720640000
1060736006250
1060757298882
1060780796712
1060820659080
1061034039296
1061036580240
1061392640000
1061412655616
1061519120300
1061589535488
1061623547712
1061662228480
1061683200000
1061782225000
1062070023168
1062127642464
1062130432000
1062286786080
1062494048070
1062500000000
1062568120320
1062609108992
1062784800000
1062836775000
1062857230875
1062882000000
1062908217756
1062936600000
1062996480000
1063027811664
1063081821816
1063256064000
1063402735360
1063426195584
1063451232360
1063469242305
1063833082368
1063896192000
1064000000000
1064007911680
1064164311000
1064204697600
1064296715625
1064540095920
1064659200000
1064679014400
1064700000000
1064968668000
1065000000000
1065109760000
1065151889408
1065160212480
1065252313125
1065313244160
1065355296768
1065443932476
1065540078720
1065740850720
1065988449792
1066033612800
1066078125000
1066112642400
1066125826080
1066162500000
1066225631232
1066338000000
1066346770902
1066354606080
1066406250000
1066407034880
1066623344640
1066811407200
1066856456448
1066867200000
1066984724520
1067073650352
1067328900000
1067395968000
1067558680800
1067612921856
1067664675000
1067705100000
1067802750000
1067821156250
1068074532864
1068205978125
1068492215296
1068531512832
1068578201600
1068748800000
1068756903108
1068757947000
1068950925000
1069200000000
1069510132152
1069634728470
1069678776096
1069830720000
1069857731250
1069874380800
1070180841366
1070364374352
1070609085000
1070622572544
1070784135369
1070945127000
1071037500000
1071153281250
1071219600000
1071242145792
1071355662720
1071544008704
1071674032128
1071721200000
1071739350000
1071762112512
1071817463808
1072240085520
1072337561568
1072440064800
1072476000000
1072646064000
1072693504000
1072710273024
1072746281250
1072802472000
1072854720000
1073004057216
1073216847105
1073234313216
1073318400000
1073664774000
1073911408416
1073930158080
1073967300000
1074048225705
1074123653120
1074589440000
1074954240000
1075110400000
1075309439418
1075414725000
1075495449600
1075579158528
1075625636400
1075648000000
1075850221824
1076004000000
1076039378484
1076053828608
1076073984000
1076151731712
1076165056512
1076223307500
1076436773280
1076587200000
1076788354950
1077142875120
1077308010576
1077311400000
1077326010880
1078008750000
1078041000960
1078155496242
1078211415645
1078298597376
1078312684680
1078474715136
1078527296875
1078559212500
1078926881760
1078963684960
1079200184832
1079211743883
1079395200000
1079489531250
1079581781250
1079605800000
1079611225056
1079654400000
1079888112000
1079930880000
1079956136448
1080000000000
1080576076800
1080653124600
1080670511250
1080774646875
1080800962560
1080846018000
1080900187500
1080953375370
1080994304000
1081055808000
1081125000000
1081142988800
1081363091200
1081413300000
1081632358400
1081796672880
1082015345664
1082132545536
1082432160000
1082470400000
1082680775000
1082687040512
1082738453125
1082749502706
1082786709312
1083000000000
1083027343750
1083289334400
1083399408000
1083406012416
1083720558258
1083720703125
1083751987500
1084033597440
1084049049600
1084107818750
1084168800000
1084231968768
1084321278528
1084363822080
1084388715648
1084428800000
1084600222200
1084611072258
1084640417280
1084673431296
1084752000000
1084763197440
1084777369200
1084894207488
1084910238720
1084926150000
1085081112500
1085115234375
1085117715000
1085136091875
1085203980000
1085442097152
1085460480000
1085522039784
1085774976000
1085965056000
1086060696000
1086265404000
1086384446784
1086546825000
1086632820000
1086676992000
1086839600000
1086881250000
1086882103008
1086913766400
1087029204030
1087100738250
1087154662500
1087163596800
1087187500000
1087187686200
1087214977024
1087257600000
1087351050240
1087379304336
1087490664000
1087602880000
1087616581632
1087846519221
1087866895500
1087876733112
1087895660544
1088205131520
1088225600000
1088344857600
1088374161888
1088391168000
1088457841611
1088593364992
1088676052992
1088746312500
1088819200000
1088844664320
1089082632624
1089188100000
1089304351401
1089426415068
1089601672500
1089704254464
1089774000000
1089808401024
1089817791840
1089843750000
1090003599360
1090048640625
1090355200000
1090492454400
1090605859794
1090607161059
1090710316800
1090747785888
1090870558500
1090938470400
1091014400000
1091019456000
1091038986240
1091126953125
1091145533016
1091384043750
1091486550000
1091508955200
1091587500000
1091750400000
1091835937500
1092021266700
1092351317616
1092355415136
1092484800000
1092525343000
1092660381540
1093100872500
1093203540000
1093350781250
1093448864000
1093500000000
1093578720000
1093955625000
1094026064625
1094048725000
1094195200000
1094222001600
1094408137728
1094474016768
1094526462750
1094618559375
1094800955040
1094819250000
1094918465979
1095199948800
1095216660480
1095576300000
1095593933629
1095679200000
1095759256200
1095996825000
1096227385344
1096260750000
1096293547008
1096300441600
1096318080000
1096341618750
1096347656250
1096361705472
1096554101760
1096596652032
1096640015625
1096704000000
1096742400000
1096816121856
1096931082240
1097098297344
1097166321792
1097238315008
1097365192704
1097517470720
1097664993436
1097712000000
1097720910000
1097737200000
1097830400000
1097918369856
1097929800000
1097999365800
1098198422496
1098215424000
1098248938875
1098281250000
1098299473920
1098330886170
1098389569536
1098437885952
1098492192000
1098604283040
1098606645000
1098706518000
1098984375000
1099106921250
1099432728576
1099510579200
1099597522968
1099751927463
1099755387500
1100119587840
1100120064000
1100195720712
1100206800000
1100215730250
1100319066000
1100348540928
1100474698752
1100525737500
1100736000000
1100855810880
1101004800000
1101224678400
1101236473350
1101580058124
1101656748465
1101660160000
1101845679480
1101996057600
1102052666880
1102147200000
1102363893504
1102466700000
1102638071808
1102864964448
1102904100000
1103071921875
1103072225625
1103628644352
1103629995000
1103691680000
1103715112500
1103789752320
1103806595072
1103823372288
1103913743688
1104132558750
1104320226240
1104610590720
1104846618624
1104865839000
1104880336896
1104885540954
1105100800000
1105101562500
1105199104000
1105373699766
1105392955680
1105397280000
1105516339200
1105525390625
1105805426688
1106039896416
1106113978125
1106301321216
1106606603520
1106786322432
1106841792000
1106954735040
1107002198016
1107038306304
1107072000000
1107168750000
1107210384000
1107293564160
1107351000000
1107421875000
1107528778125
1107991828125
1108029507273
1108159460800
1108288319040
1108510360776
1108674957312
1108707006825
1109019355136
1109200490496
1109213473500
1109271003750
1109375190000
1109384128512
1109432395032
1109516288000
1109524100000
1110007499328
1110163242888
1110288256000
1110369379616
1110451680000
1110496800000
1110547735500
1110786048000
1110916000000
1111147347968
1111160540160
1111179358080
1111320000000
1111366897704
1111433400000
1111452765696
1111491136800
1111590604800
1111761043750
1111771854137
1111800937500
1112231250000
1112335773696
1112351484375
1112446926848
1112477625000
1112548828125
1112712007680
1112965619220
1112983732224
1113101390880
1113289528125
1113351782400
1113393600000
1113627820032
1113678720000
1113750000000
1113959385000
1114013710080
1114125740000
1114214400000
1114225853125
1114272280576
1114273444032
1114307415000
1114407000000
1114876224000
1114967346570
1115231846400
1115244900000
1115300995200
1115503460352
1115592660000
1115687043072
1115752112640
1115771008320
1116000000000
1116152690688
1116281250000
1116297600000
1116395156250
1116448593624
1116460800000
1116491110875
1116529920000
1117037055680
1117051451904
1117162500000
1117208307264
1117331324928
1117386083625
1117388800000
1117502575000
1117627984375
1117784448000
1117799854080
1117875621114
1117984000000
1117994400000
1118179687500
1118206318482
1118382391296
1118505850000
1118601986040
1118740896000
1118745951232
1118870372232
1118949285888
1119044160000
1119440424960
1119641600000
1119691636736
1119869752320
1120102815744
1120210560000
1120569715540
1120803337500
1120904448000
1121134733712
1121137459200
1121162109375
1121356442052
1121402880000
1121452032000
1121523335168
1121870131200
1122011454060
1122023828250
1122089988096
1122144092160
1122168504000
1122195844350
1122413838336
1122442990592
1122444990625
1122571008000
1122574757472
1122669112500
1122834526464
1122959376000
1123127775000
1123170300000
1123182547200
1123219685376
1123496165376
1123693725000
1123740352800
1123829437500
1124048640000
1124082892800
1124136195000
1124139539250
1124323200000
1124332326000
1124398775808
1124428800000
1124606052864
1124665344000
1124856004608
1124908443036
1124928000000
1124972914688
1124973204480
1125075474432
1125108600000
1125211500000
1125402118191
1125434756250
1125516902400
1125541218750
1125605324025
1125621562500
1125696337920
1125841317874
1125867600000
1125933198336
1126620907776
1126726723584
1126806847488
1126960889076
1126984320000
1127081184768
1127100000000
1127419650000
1127458934784
1127599704000
1127626665984
1127691077184
1127760994304
1127784881664
1127923669257
1128111147072
1128168463968
1128271970304
1128337087500
1128355577856
1128442917888
1128541535550
1128660121600
1128684375000
1128771092480
1128865316040
1129075200000
1129148042400
1129150665980
1129211494400
1129294271875
1129317228000
1129321768960
1129373798400
1129501331800
1129537568250
1129716020160
1129718145924
1129833768000
1129890332808
1129919175000
1129991897088
1130008698000
1130117114880
1130136000000
1130420812500
1130476702500
1130654976000
1130768437500
1131133021200
1131218250000
1131624000000
1131836745312
1131926814720
1132009095168
1132015500000
1132023545856
1132240106250
1132296165000
1132323840000
1132464291840
1132534656000
1132660713600
1132819635600
1132849444608
1132933939200
1132941648384
1132947200000
1133360353125
1133586090000
1133641728000
1133799040000
1133900232300
1133927424000
1133995770333
1134043130880
1134114078720
1134213192000
1134900522360
1134910472192
1134921780000
1134945107968
1135061351424
1135151677440
1135158755328
1135159987500
1135239375000
1135607316480
1135680000000
1135834596864
1135852996608
1135885600000
1136000194560
1136038514688
1136080977920
1136184192000
1136226631680
1136589300000
1136609930225
1136693250000
1136918784375
1136953125000
1137239347672
1137262147749
1137702393009
1137713850000
1137977343750
1138424625000
1138479168750
1138484160000
1138868863074
1138940203968
1139228513280
1139276643750
1139312148480
1139362848000
1139399352000
1139464179000
1139554055952
1139558546875
1139814585000
1140008476800
1140111180000
1140213628125
1140400800000
1140483480332
1140552000000
1140645068750
1140754672512
1140943710368
1140955200000
1141050792960
1141187500000
1141285950000
1141402043250
1141415891875
1141718602752
1141784985600
1142624102400
1142654778720
1142659989504
1142784000000
1142810726400
1142876000000
1143188640000
1143286897536
1143298800000
1143328608000
1143359360000
1143462100000
1143525904560
1143597312000
1143695109375
1143749339375
1143751311360
1143828125000
1143952972800
1143956690100
1144224359460
1144241267400
1144340348928
1144409720832
1144489472000
1144593450000
1144756800000
1144799181792
1145101599180
1145199825000
1145285932284
1145315200000
1145578291200
1145807227656
1146037209075
1146065536000
1146165693750
1146246703875
1146304051200
1146440649924
1146724803000
1146764647440
1146992000000
1147081162500
1147095613440
1147334012160
1147345689600
1147367832975
1147487420625
1147489222656
1147500000000
1147605468750
1147618378368
1147854400000
1147865758200
1148036198400
1148175000000
1148187150000
1148316549120
1148364000000
1148420021760
1148548362500
1148554687500
1148574245280
1148582875500
1148622418944
1148669132800
1148740320000
1148817671300
1148903976352
1148952400128
1149007887360
1149108302250
1149308160000
1149390139968
1149613171200
1149853335552
1150020163152
1150065280000
1150104150000
1150156800000
1150166161440
1150290662400
1150318540800
1150355115000
1150375668750
1150801344000
1150907559375
1151118888192
1151181900000
1151316301824
1151401653792
1151415091200
1151579520000
1152000000000
1152028416000
1152216576000
1152307200000
1152554208000
1152636480000
1152899334090
1152960200000
1152963375264
1153016933728
1153161360000
1153178400000
1153200000000
1153433600000
1153549687500
1153680500000
1154064457728
1154258582760
1154447265625
1154630400000
1154656419840
1154682000384
1154736000000
1155000000000
1155037796352
1155417177600
1155464331264
1155578060000
1155602055168
1155635106318
1155658744825
1155996454548
1156446720000
1156464986112
1156949778432
1157018619904
1157128906752
1157202466875
1157478000000
1157485056000
1157550912000
1157784608016
1157791483625
1157845640625
1157906880000
1158049349632
1158145697324
1158203475000
1158235269984
1158508984320
1158626669760
1158782976000
1158850141120
1159065600000
1159183872000
1159388924148
1159401600000
1159480615500
1159557955920
1159567200000
1159574120800
1159680000000
1160082000000
1160207400960
1160207860878
1160268243750
1160556595200
1160623274967
1160805775360
1160840625000
1160920654296
1161141682176
1161150755310
1161216000000
1161329400000
1161446400000
1161462302208
1161535085568
1161675687312
1161699840000
1161732328911
1161745200000
1161845077176
1162001314656
1162527187500
1162578493440
1162612320000
1162909944000
1162931423346
1162984375000
1163114079777
1163595262400
1163758653400
1163994643968
1164082806432
1164249450000
1164533760000
1164713805696
1164942455625
1164952633166
1164974325760
1165009879040
1165018982400
1165045654080
1165062740625
1165447991680
1165479200000
1165746816000
1165807779840
1165964800000
1165971200000
1165974264000
1166287129890
1166325350400
1166359837500
1166400000000
1166592000000
1166619283200
1166824976625
1166886000000
1167022162944
1167083678124
1167105374568
1167117525000
1167328800000
1167494893600
1167566400000
1167575877000
1167593130000
1167634427904
1167701633280
1167872138496
1167945891840
1168081986708
1168162947072
1168347608064
1168516317184
1168554112000
1168614720000
1168809873280
1168831265625
1169019531250
1169026732800
1169170200000
1169251840834
1169304846336
1169532000000
1169625600000
1169796355596
1169858560000
1169961161355
1170210816000
1170219960000
1170446745600
1170488418624
1170625167360
1170629536986
1170739486224
1170772973568
1170870811200
1171023866208
1171183104000
1171199323520
1171280000000
1171282176000
1171291590000
1171372293000
1171532160000
1171794024726
1171860000000
1171973304320
1172095251264
1172107715625
1172187500000
1172239810560
1172288250000
1172297318400
1172363281250
1172514486528
1172636974080
1172752506000
1172842260480
1172869207965
1173049640568
1173109240692
1173165111296
1173470571000
1173573696000
1173611151360
1173683196972
1173738225664
1173828125000
1173866867712
1173884780544
1174174925000
1174281937500
1174550781250
1174590602955
1174611110400
1174837644288
1175148000000
1175336662500
1175412446208
1175570760000
1175924736000
1175997648000
1176000000000
1176069954519
1176120000000
1176286347264
1176378342048
1176539647878
1176598201317
1176619530240
1176750489600
1176879375000
1176888960000
1176910175000
1176975360000
1177202950000
1177296120000
1177679666688
1177731850752
1177804800000
1177941200415
1177967142144
1178000000000
1178132421024
1178140203180
1178181915750
1178213548032
1178221464000
1178296875000
1178643312000
1178650497024
1178679766374
1178685200000
1179026887500
1179090432000
1179195290625
1179382968036
1179404296875
1179464094072
1179813600000
1179854910000
1180139520000
1180203135804
1180215508992
1180259942400
1180299755520
1180300781250
1180375202160
1180588500000
1180664062500
1180818843750
1180965080064
1180980000000
1181021990400
1181049191336
1181113135104
1181262702312
1181316022272
1181346704384
1181368832000
1181472075000
1181484375000
1181759761728
1181856759552
1182210187500
1182600000000
1182815944704
1182924288000
1183222404000
1183311933440
1183419996696
1183555800000
1183613681250
1183851572736
1183941539172
1183952000000
1184004476928
1184308128000
1184467190445
1184481792000
1184627398656
1184847709500
1184975326080
1185257472000
1185441151950
1185556176000
1185630856704
1185633936000
1185643200000
1185696645120
1185839315064
1186072657920
1186168307712
1186176312000
1186248960000
1186380000000
1186548346944
1186662400000
1186749144063
1187004284928
1187250977792
1187471425536
1187508830000
1187546736640
1187723250000
1187910778880
1187946541971
1188102785625
1188244532384
1188316800000
1188616275000
1188700285500
1188794880000
1188940706250
1189085184000
1189322652672
1189335391218
1189478400000
1189524000000
1189581313536
1189645670400
1189792972800
1189976340168
1190109375000
1190112000000
1190155742208
1190340581472
1190350699286
1190400000000
1190427840000
1190566406250
1190604800000
1190701424640
1190712600000
1190896000000
1190956574720
1191115622400
1191196125000
1191667869000
1191744140625
1191864028320
1191907194597
1191909261312
1191920394600
1191987014400
1193029775136
1193060244420
1193114123300
1193159341000
1193195601920
1193220864000
1193262546294
1193284730880
1193780388528
1193803776000
1193829062400
1193837919750
1193957646336
1194137350000
1194338925000
1194496875000
1194590208000
1194603096375
1194632128800
1194893597772
1195007952600
1195142334375
1195236000000
1195342145536
1195389135360
1195597698048
1195615365120
1195627680000
1195632900000
1195700387840
1195742250000
1195803675000
1195806965760
1195834572800
1195946795736
1196273750000
1196386768512
1196431505500
1196650948500
1196710921875
1196805314250
1196812217664
1196825416800
1196883216000
1196979737600
1197008900640
1197281395800
1197301637504
1197504000000
1197566208000
1197687684375
1197741600000
1197787500000
1198089751500
1198125000000
1198224431250
1198489600000
1198561839750
1198579200000
1198597865472
1198799571024
1199111316480
1199179520000
1199356048800
1199372106240
1199485228032
1199642400000
1199959660800
1200061817500
1200213513504
1200357217332
1200457856646
1200517853184
1200577300000
1200725694000
1200745012500
1201278093750
1201387334400
1201420146304
1201633864704
1201658658816
1201719214080
1202042322432
1202165121024
1202342400000
1202352690375
1202419924992
1202464704000
1202466021120
1202650983000
1202749762500
1202989320000
1203060418560
1203255799200
1203286700000
1203351552000
1203452008200
1203491605536
1203559560000
1203922944000
1204242433875
1204346880000
1204424062875
1204435220625
1204450394112
1204464492000
1204494336000
1204525074816
1204550144000
1204640625000
1204702187520
1204917187500
1204947444480
1205023539200
1205156019200
1205305920000
1205370104400
1205601408000
1205686350000
1205706768750
1205712681250
1205807136768
1205852313600
1206007189504
1206176400000
1206258554865
1206301359375
1206362178560
1206535500000
1206562500000
1206632800000
1206655556547
1206779904000
1206902781000
1206929110023
1206994627440
1207207203840
1207483200000
1207664640000
1207922688000
1208163974787
1208213212500
1208467309500
1208822037500
1208899980288
1208922624000
1208949145600
1209028275000
1209064066875
1209139200000
1209158496000
1209292348225
1209612800000
1209841565625
1210000000000
1210078840950
1210255288725
1210335160320
1210344100000
1210350972600
1210398658560
1210532843520
1210535976276
1210547540160
1210583232000
1210914359109
1210937500000
1211219831250
1211619741696
1211785734510
1211935674880
1211971511898
1211975325000
1211986083840
1212121312500
1212162000000
1212257933568
1212349781250
1212366467520
1213197183000
1213255680000
1213284054528
1213639581024
1213872000000
1214009524224
1214070702390
1214261829536
1214269056000
1214278912080
1214638571520
1214670600000
1214752248864
1214888927616
1214950653504
1215301681152
1215402406750
1215512408565
1215519112500
1215922176000
1216009041920
1216122653928
1216187784000
1216265625000
1216425073500
1216617252480
1217097243648
1217124480000
1217143065600
1217431215000
1217650208544
1217814211250
1218015871875
1218086100000
1218210394500
1218314240000
1218324156192
1218375000000
1218452023008
1218672000000
1218952931328
1218998108160
1219041600000
1219372799392
1219413730304
1219479885792
1219548413952
1219662606240
1219788460800
1219861438344
1220188200000
1220220469440
1220312709000
1220346000000
1220409393840
1220496076800
1220541918750
1220700000000
1221107374080
1221197824000
1221229912500
1221427200000
1221520785408
1221591920640
1221665333616
1221715710000
1221795165184
1221818283000
1221946586070
1222041600000
1222095600000
1222297293888
1222439689680
1222490029824
1222694550000
1222909747200
1222981031250
1223063818704
1223085937500
1223137428480
1223229519598
1223244321750
1223273570688
1223553240000
1223568654336
1223628384160
1223822946304
1223880192000
1223974406625
1224015625000
1224112500000
1224263040000
1224333066240
1224502963200
1224635596800
1224870985728
1224950247360
1225145861632
1225217961702
1225451700000
1225528641792
1225715522400
1225758234624
1225783756800
1225995750000
1226074218750
1226389993472
1226534400000
1226616846336
1226756448000
1226804480000
1226833920000
1227078927360
1227160704000
1227327323904
1227391200000
1227538724643
1227600000000
1227646628454
1227650601060
1227801688750
1227922368750
1228034671875
1228278249000
1228724640000
1228800000000
1228927734375
1228972800000
1229020443750
1229045400000
1229091010875
1229137284375
1229312000000
1229543110656
1229759289696
1229798644284
1230129972000
1230146146017
1230311255040
1230511875840
1230551300160
1230730254336
1231209154944
1231269531250
1231320074400
1231514606592
1231556592000
1231567257600
1231626240000
1231632864000
1231671656250
1231718400000
1231957387500
1232241617880
1232357353920
1232500252500
1232602625000
1232626687094
1232639100000
1232729163225
1232905512960
1232974848000
1232996428125
1233127784448
1233251205120
1233371639808
1233384850152
1233835200000
1234235584512
1234285816500
1234419527250
1234828108800
1235032142400
1235079060111
1235085096960
1235171025000
1235218359375
1235249286525
1235252592000
1235469210624
1235473225308
1235482227000
1235492352000
1235566406250
1235626897050
1235882812500
1236048629760
1236357421875
1236396933120
1236987156375
1237132400000
1237224554496
1237470524928
1237720185801
1237750778880
1237954814208
1238008375296
1238044953600
1238076000000
1238081604480
1238139689472
1238141953125
1238178299904
1238183718750
1238282253306
1238462787240
1238566754304
1238573700000
1238847655500
1239300000000
1239324840675
1239482098176
1239682579200
1239871536000
1239879094272
1239915600000
1239920640000
1240092700000
1240171806720
1240275037500
1240562663424
1240582736250
1240723085004
1240811228664
1241131437000
1241212224000
1241226608640
1241245548544
1241395689105
1241446176000
1241582224896
1241583744375
1241866080000
1242070502400
1242071040000
1242102400000
1242126572544
1242169344000
1242313915392
1242319090320
1242344024064
1242451464980
1242500000000
1242500212800
1242974720000
1242990379008
1243088964000
1243253164824
1243276452000
1243341575168
1243461931713
1243500000000
1243528298496
1243836688896
1244007190179
1244039605216
1244050236900
1244160000000
1244190689280
1244239734375
1244340075000
1244393902080
1244665865856
1244919258744
1245197016000
1245418094592
1245456000000
1245504798720
1245548408832
1245705259680
1245769875000
1245873046875
1246254251760
1246269440000
1246524802614
1246678183296
1246679393400
1246693142500
1246848768000
1246873600000
1246884271500
1246918518808
1247114880000
1247290255530
1247296050000
1247407472640
1247413200000
1247615460000
1247666176000
1247805440000
1247812500000
1247850551808
1247907183215
1248024304800
1248111444411
1248167353125
1248197744640
1248307200000
1248413958000
1248600392000
1249009368750
1249043932500
1249165552068
1249258140000
1249308900000
1249543750000
1249634304000
1249778664225
1250083860480
1250287759917
1250341400000
1250346240000
1250362575000
1250389131264
1250470044180
1250539430400
1250709977088
1250961719296
1250961817000
1251036887040
1251222000000
1251264000000
1251377745408
1251537328125
1251630188172
1251714140160
1252087200000
1252204800000
1252329492427
1252332576000
1252340050464
1252454400000
1252567800000
1252651968000
1252769829465
1252817280000
1252961850000
1252968750000
1253253316608
1253302875000
1253401122816
1253557624536
1253595841875
1253707875000
1253826625536
1253949319168
1254000000000
1254553413750
1254608936000
1254635827200
1254650512500
1254763851264
1254932706048
1255016633472
1255235298480
1255379274898
1255419648000
1255475865600
1255500000000
1255520673792
1255565220000
1255621305600
1256079825000
1256104000125
1256391249750
1256391284736
1256409375000
1256454291456
1256470613776
1256494546944
1256666687640
1256682883392
1256772672000
1256859345672
1256863300000
1257292546048
1257379200000
1257389406000
1257437841408
1257719740200
1257756926976
1257805209375
1258041680000
1258319081250
1258352359110
1258481812500
1258542489600
1258707405824
1258766080000
1258817946624
1259006561280
1259036283960
1259248896000
1259252205120
1259268581376
1259596800000
1259631378432
1259682644000
1259712000000
1259976264096
1259995300370
1260336000000
1260653625000
1260748800000
1260843772500
1260894485088
1261112271265
1261276575426
1261388700000
1261474560000
1261568000000
1261691200000
1261745408000
1261888782336
1262038440960
1262080258560
1262185088000
1262237212500
1262345526351
1262439567000
1262548871424
1262703816000
1262720385024
1262896602156
1263094560000
1263210653250
1263284228304
1263431669808
1263447244800
1263507987456
1263808000000
1263820800000
1263827681280
1263966519816
1263970400000
1264082485248
1264141363905
1264300249000
1264369075200
1264595200000
1264726750000
1264783196160
1264877752320
1264898654208
1264962048000
1264982400000
1265091125760
1265254732800
1265409847860
1265472000000
1265544000000
1265625000000
1265659084800
1265747175000
1265781922272
1265795100000
1265907945960
1265986800000
1266081103872
1266674848128
1266868983744
1267017583104
1267130735000
1267348216680
1267360000000
1267650000000
1267728000000
1267738290000
1267857360000
1267900128000
1268028125000
1268280115200
1268321842944
1268347106250
1268467200000
1268579999232
1268652461832
1268757991872
1269497069568
1269684441036
1269948419712
1269998714880
1270080000000
1270145427642
1270209600000
1270584050000
1270596404728
1270688998275
1270890528768
1270932117003
1271040076800
1271062989000
1271240884224
1271241552000
1271343790080
1271403000000
1271484375000
1271708512256
1271763304448
1271900272500
1271960707680
1271981408256
1272061324800
1272348000000
1273096440000
1273119141840
1273374676750
1273400854362
1273400975000
1273417666560
1273642352640
1273808593750
1273822944360
1274048455680
1274101488000
1274204236800
1274248396080
1274352887808
1274465746944
1274550681600
1274565600000
1275035580000
1275179468800
1275269797494
1275284351250
1275297160192
1275346944000
1275458400000
1275755225472
1275776916480
1275955200000
1275989841000
1276299763200
1276318553445
1276613777920
1276771654620
1276809494016
1277144296875
1277156058750
1277289125000
1277488800000
1277627624064
1277880196320
1278005300640
1278170346880
1278292400000
1278600019968
1278662962500
1278797414400
1278934272000
1279052734375
1279065221875
1279240335360
1279307287500
1279394266131
1279590400000
1280138769000
1280400670080
1280451379200
1280535834375
1280763232256
1280822729004
1280918100000
1280999260100
1281189142016
1281290400000
1281307729464
1281328125000
1281350533120
1281412122588
1281445312500
1281520880640
1281550219488
1282038329754
1282209406560
1282433563125
1282509536400
1282915842879
1282920153088
1283382144000
1283561674164
1283574600000
1283835937500
1283898470400
1283946693750
1284211998720
1284376500000
1284633549045
1284636672000
1284659257986
1284681200000
1284730902000
1284817324032
1284940800000
1284976410624
1285027172352
1285051972932
1285089628160
1285213600000
1285464974528
1285609649184
1285632000000
1285698785280
1285800542208
1285838400000
1285956000000
1286211150000
1286394862500
1286544639744
1286617153536
1286675791856
1286806640625
1287274026168
1287345975552
1287566751744
1287687684096
1287711067500
1288092782592
1288139371740
1288143077760
1288154651875
1288234680320
1288349803125
1288480358400
1288522991250
1288563253164
1288582335495
1288678533120
1288685376000
1288934561187
1289033131113
1289269882368
1289308078080
1289335387392
1289565900000
1289668338000
1289769062400
1289817506250
1289925000000
1290083739648
1290084024320
1290131789760
1290171344085
1290900078000
1290938974640
1291104023040
1291282432000
1291336200000
1291401630000
1291501338624
1291559808000
1291584000000
1291909500000
1291967820000
1292146025940
1292571450144
1292738116608
1293063907464
1293093120000
1293233628141
1293550006112
1293732000000
1293944960000
1294337794204
1294465536000
1294468064253
1294643454976
1294734375000
1294781644800
1294796800000
1294866541416
1295113881600
1295268975000
1295526960000
1295552348160
1295619646464
1295648640000
1295917056000
1296066762900
1296526943600
1296623484000
1296876467250
1297080225000
1297144050444
1297306530000
1297325700000
1297555644609
1297612800000
1297787254470
1297890562500
1298034579968
1298179203750
1298285936640
1298329731072
1298378260480
1298531250000
1298540905605
1298624368125
1298900728125
1298959200000
1298994859008
1299047726625
1299078000000
1299354484736
1299375000000
1299505307373
1299516263136
1299619676160
1299728168856
1299769810794
1299844324800
1300025317500
1300091103693
1300231306296
1300311880448
1300317568000
1300372704000
1300500000000
1300574765056
1300760716437
1300914155520
1301119050000
1301310562500
1301425422336
1301568500736
1301628372000
1301645947392
1302030450000
1302049520640
1302230202075
1302244776000
1302320498688
1302500000000
1302645240000
1302904766464
1303058340000
1303163424000
1303238430000
1303322296320
1303409691808
1303455003480
1303456000000
1303462637568
1303706408760
1303935668992
1303948800000
1303985267145
1304061617502
1304326800000
1304327880704
1304390587500
1304444786463
1304527805952
1304556503040
1304821260288
1304972900000
1305175781250
1305198006000
1305576365184
1305600000000
1305665077248
1305670057984
1305698989056
1305870336000
1305891175680
1306035736083
1306495575000
1306509115392
1306613597184
1306627200000
1306628890875
1306798354944
1306800000000
1306885148226
1307056287537
1307075711823
1307080125000
1307264062500
1307603893750
1307684982240
1307704305600
1307812500000
1308005920000
1308106800000
1308157344000
1308273687000
1308275324928
1308303360000
1308341922048
1308521840640
1308687541920
1308897646875
1308907296540
1309016540000
1309044670200
1309228485075
1309268400000
1309493974464
1309903650000
1309996233000
1310400000000
1310457367296
1310720000000
1310775312384
1310949900000
1310966415360
1310981760000
1311071104512
1311236259840
1311268694400
1311277523400
1311410580480
1311795678375
1311833600000
1311885238272
1311936968160
1312200000000
1312416000000
1312500000000
1312626700000
1312710624000
1312733530395
1312746750000
1313007215625
1313131421875
1313211968640
1313221711725
1313588731392
1313700833280
1313985134592
1314075443200
1314514510848
1314649440000
1314691560000
1314715050000
1314911107440
1315201536000
1315239348150
1315293593600
1315322925000
1315564443648
1315779379200
1315840000000
1315844352000
1316061030375
1316074656050
1316087688960
1316090880000
1316092378860
1316165760000
1316487168000
1316609959000
1316818944000
1317383038125
1317466208422
1317599238960
1317621093750
1317989650432
1318342500000
1318418023725
1318492000000
1318563638294
1318610160070
1318714950000
1318824281250
1318893649920
1318928305500
1318997174859
1319231278080
1319342846976
1319346569250
1319447543040
1319452966800
1319535360000
1319577600000
1319637630976
1319804928000
1319863248000
1320000000000
1320201977856
1320556640625
1320620378112
1320660640000
1320725835792
1320742526976
1320903770112
1320933038733
1320946790625
1321592000000
1321905508560
1322059200000
1322306994176
1322463200256
1322517105000
1322606444544
1322846144928
1322915328000
1322975047680
1323130844672
1323571000320
1323672010752
1323686306250
1323772764192
1323843612300
1324023946875
1324036372050
1324353318750
1324445937500
1324646400000
1324657152000
1324863550125
1324889625024
1324896963840
1324948838400
1324980633600
1325250000000
1325333560320
1325499147000
1325808000000
1325858111592
1325907114840
1326020850000
1326025823850
1326106349568
1326162116608
1326601027584
1326644232192
1326780000000
1326781587456
1326898900375
1327029434640
1327104000000
1327227781250
1327290624000
1327336773750
1327640234375
1327656960000
1327659553080
1327694090184
1328225696875
1328540369760
1328635272195
1328680340253
1328744587500
1328752276992
1329039936000
1329125000000
1329169921875
1329282744480
1329314040450
1329316992192
1329374875500
1329468000000
1329631200000
1329650251776
1329791352960
1329825680352
1330009889600
1330085141658
1330092638208
1330255872000
1330604064768
1330675119900
1330714112000
1330726320000
1331008339968
1331164800000
1331255521500
1331347496283
1331500275000
1331612835840
1331804915595
1332089978880
1332340432920
1332447770880
1332542016000
1332640803000
1332964307961
1333050566400
1333248000000
1333279180800
1333347671040
1333514259000
1333584759375
1333614357504
1333730905650
1333809917856
1333834713792
1333848600000
1334069229447
1334361600000
1334439346176
1334448351000
1334950841952
1335093166080
1335244331520
1335254409216
1335559680000
1335840000000
1335885824000
1335947433750
1336012177500
1336027125888
1336188656250
1336287818096
1336500000000
1336522758144
1336775098932
1336887665190
1337098470120
1337193309375
1337394240000
1337609946112
1337701049856
1337851468800
1337955467940
1337971001472
1337987984256
1338101943750
1338163200000
1338312989952
1338444000000
1338450048000
1338540353280
1338608262500
1338711192000
1339114291200
1339133154156
1339425871875
1339537430016
1339551675000
1339700050962
1339743006250
1339758000000
1339822964736
1339843750000
1339914335232
1339944320000
1340114688000
1340300106900
1340419325952
1340421951960
1340550081000
1340981059968
1341224124416
1341289152000
1341436142592
1341436723200
1341542891520
1341648000000
1341678800000
1341710571520
1341914200000
1341991453125
1342267578125
1342304258625
1342343750000
1342366023680
1342389260520
1342412697600
1342497114112
1342536081120
1342590971904
1342773437500
1343203125000
1343241900000
1343509440000
1343692800000
1343913984000
1343932611840
1344268406250
1344432390912
1344683658648
1344691712000
1344812777280
1345005000000
1345049223105
1345055598432
1345076311040
1345087012500
1345092480000
1345210031250
1345279134375
1345374800000
1345481280000
1345652935200
1345721145209
1345807968750
1345970995200
1346233996800
1346360970240
1346413744872
1346428593900
1346493618000
1346625000000
1346635013220
1346756331375
1346883399680
1346884070400
1346964342192
1346969100960
1347068800000
1347318063000
1347459300000
1347525196875
1347629875200
1347773070336
1347866249184
1347890625000
1347890855850
1347909433416
1348401600000
1348423557632
1348506206208
1348593418240
1348630291200
1348662530306
1348803583776
1348868505600
1348937039268
1349000231040
1349231178240
1349244000000
1349507250000
1349547623424
1349739417600
1349760957363
1349770504384
1350014516928
1350135808000
1350240202692
1350373939200
1350416351232
1350582584832
1351041120000
1351057522500
1351242880000
1351365120000
1351539965952
1352000000000
1352017941120
1352245841100
1352254176000
1352635200000
1352650752000
1352701350000
1352772792000
1352792277144
1352859375000
1353147973632
1353646284375
1353651264000
1353770496000
1354004505000
1354111668000
1354257515520
1354574612160
1354752000000
1354785417216
1354980799176
1355006693376
1355020800000
1355160156250
1355220703125
1355401598160
1355689488384
1355775671250
1355790840768
1355800521600
1356019550424
1356071010048
1356300288000
1356397143750
1356444498612
1356576325632
1356902549730
1357352437500
1357462858752
1357627392000
1357831755000
1357980558480
1357993751296
1358183531250
1358418600000
1358514612000
1358685014400
1358706960000
1358744473984
1358984607750
1359124365312
1359204721875
1359467366400
1359594720000
1359761184000
1359960576000
1359988807680
1360125000000
1360195655000
1360280807424
1360457255520
1360488960000
1360851041907
1361024000000
1361194128000
1361202425856
1361250000000
1361367000000
1361612720000
1361637112500
1361787125760
1361906136000
1361979025000
1362002090625
1362179650968
1362215611809
1362272239800
1362309939200
1362514813092
1362663751680
1362685040640
1363159895040
1363355494137
1363383840000
1363393118208
1363472240625
1363588198125
1363682250000
1363728624336
1363783680000
1363931916270
1364186621952
1364320444032
1364386194000
1364523024384
1364624182272
1364647680000
1364994293760
1365026583375
1365245952000
1365439147020
1365518601216
1365648943743
1365825476925
1365904890000
1366020703125
1366044558228
1366058598400
1366159011840
1366180992000
1366266839040
1366437600000
1366475111424
1366542296064
1366696611478
1366709760000
1366796337984
1366819485192
1366877767680
1366953679728
1367073720320
1367093028847
1367170000000
1367180205160
1367232088320
1367444531250
1367601084000
1367669625000
1367777502000
1368000000000
1368010172160
1368137985669
1368211257000
1368229809375
1368298828125
1368321595200
1368370393208
1368501193800
1368576000000
1368748800000
1368785925000
1368900000000
1369399350000
1369405440000
1369470375000
1369699070250
1369738755000
1369742524416
1369826131968
1369944576000
1370671875000
1371093750000
1371168000000
1371462400000
1371499220000
1371581332875
1371686400000
1372019281083
1372081241795
1372308000000
1372334080000
1372344118137
1372499207250
1372572864000
1372711725000
1372723282944
1372748028120
1372763700000
1372889250000
1372971600000
1373195206656
1373258306250
1373393387520
1373826230784
1373886259200
1374090576768
1374105600000
1374190800000
1374199248000
1374219635712
1374590976000
1374983424000
1375237500000
1375244650890
1375398832500
1375531368750
1375646227200
1375941427200
1376134583040
1376140575744
1376497395000
1376514736128
1376530848000
1376757437440
1376800814592
1377193826304
1377200000000
1377285120000
1377307099350
1377441406250
1377495072000
1377565833600
1377866612736
1377957350000
1377958400000
1378022922912
1378069028280
1378249009632
1378289094336
1378398437500
1378425262500
1378581205560
1378630125000
1378786216418
1379245218750
1379347554312
1379537493750
1379570400000
1379980800000
1380188160000
1380479014875
1380556210176
1380815100000
1380961612800
1381012325000
1381242262491
1381625856000
1381629233152
1381746600000
1381895424000
1382284800000
1382676075000
1382887489536
1382976000000
1382979469312
1383250400000
1383258254400
1383479200908
1383482903040
1383793632000
1383849018750
1383896218500
1383902124696
1384187595021
1384209024000
1384557867000
1384705200200
1384708276224
1384980480000
1385011200000
1385110299312
1385199326000
1385281500000
1385360398800
1385562112000
1385703193000
1386052715520
1386516841875
1386610348032
1386677953125
1386718987500
1386765765000
1386790493790
1386855006208
1387080141876
1387097490625
1387407605760
1387412784576
1387509374160
1387704053610
1388022272000
1388288284416
1388444488704
1388482560000
1388515032576
1388950675200
1388974197600
1389034237500
1389061094400
1389123800064
1389164700000
1389363921000
1389567403125
1389609375000
1389751171875
1389928896000
1390040985600
1390200084000
1390253139891
1390323974400
1390411776000
1390419717120
1391199425000
1391207024025
1391313272832
1391349960000
1391558787072
1391569403904
1391600238336
1391605771808
1391699197952
1391787670000
1392109699500
1392163718400
1392211206400
1392248300625
1392678441000
1392768000000
1392841805040
1392884268750
1392901816320
1392950587392
1393912111176
1394160768000
1394214062976
1394417360448
1394500800000
1394643096000
1394666521600
1394690140800
1394713760400
1394831360000
1394884592640
1394905050000
1395104287500
1395568410624
1395723656250
1395776225280
1395990277500
1396314314880
1396363752000
1396453125000
1396510384080
1396540569600
1396584431616
1396878218750
1397365200000
1397401632000
1397418750000
1397460556800
1397787221376
1397812500000
1397928503125
1398022778880
1398039142500
1398346560000
1398364176384
1398587965290
1398722992128
1398875000000
1399018432500
1399137988500
1399147200000
1399544555868
1399620040704
1399688675000
1399752103932
1399882584375
1399910400000
1400000000000
1400143572576
1400249099088
1400263200000
1400340889600
1400353362720
1400534166087
1400568468750
1400604162048
1400712144425
1400734992384
1400819233086
1400846643000
1400893440000
1401095356416
1401138000000
1401249857536
1401421824000
1401491109375
1401695552565
1402184000000
1402337664000
1402500000000
1402514317575
1402571847936
1402732800000
1402783333659
1402828399000
1403201930000
1403336390625
1403339850000
1403699220000
1403789062500
1403831870784
1403909718750
1404342973440
1404415201280
1404448820082
1404540000000
1404675441000
1404728325000
1404786693114
1405192126464
1405415407500
1405439188224
1405462500000
1405472512500
1405689075840
1405715742720
1405736718750
1405758641760
1405838592000
1405910809600
1406058151680
1406216505600
1406514375000
1406634075000
1406657896875
1406723489792
1406822400000
1407000100000
1407026953125
1407303007200
1407416497920
1407486080000
1407494133760
1407497504400
1407624750000
1407714843750
1407899390625
1408276134720
1408408404480
1408498144000
1408701111345
1408730400000
1408868398080
1408925696000
1409138775000
1409529139200
1409538966528
1409567588352
1409582081250
1409582685888
1409589843750
1409613846480
1409873346560
1410048000000
1410138933840
1410235115520
1410252327603
1410339962880
1410421359375
1410765174000
1411246735360
1411344000000
1411376400000
1411435053000
1411438332475
1411465305600
1411678125000
1411712862208
1411717248000
1411788000000
1411876664750
1411932448800
1411979688000
1412145025200
1412292210000
1412297123328
1412362916010
1412402511872
1412437500000
1412510872500
1412646393600
1412703038250
1412967628800
1413222525000
1413457205248
1413460546875
1413529440498
1413737863200
1413768243816
1413966763881
1413971212500
1414141531250
1414908518400
1414961662500
1415019375000
1415060914176
1415232000000
1415252300000
1415512800000
1415577600000
1415825892000
1415860300800
1415892804480
1415955425280
1416024544500
1416170189952
1416647147520
1416700669293
1417004679168
1417046400000
1417142974500
1417248800000
1417375290375
1417501696000
1417759200000
1418031267840
1418069975616
1418105631250
1418419102464
1418435928000
1418444109824
1418458060800
1418501686272
1418528256000
1418625652950
1419032160000
1419144968736
1419201478656
1419275520000
1419402600000
1419545600000
1419591422872
1419793246080
1419910800000
1419958224000
1420000000000
1420000243200
1420244512875
1420458496002
1420517081088
1420560433152
1420823997056
1421041729536
1421107200000
1421121264640
1421360628534
1421382516736
1421431537500
1421795694536
1422142312500
1422337780125
1422380641500
1422475275264
1422708655104
1422764867136
1423105200000
1423319040000
1423556208000
1423737000000
1423965571875
1424158654464
1424442569940
1424588211200
1424998400000
1425009204144
1425010596000
1425163880448
1425350148453
1425389322240
1425404196440
1425481200000
1425522076875
1425604350415
1425882028032
1426106250000
1426179637960
1426194432000
1426313491200
1426360421376
1426476975000
1426531640625
1426732175232
1426735200000
1426880000000
1426933593750
1426940214336
1427148253440
1427234019561
1427478780000
1427513472000
1427712180492
1427754713088
1427804820000
1428050000000
1428318473400
1428618018816
1428810451200
1428961600000
1428985800000
1429108621920
1429145457561
1429150367744
1429407056250
1429420955319
1429542400000
1429670648000
1429945862625
1429968000000
1430254187040
1430280449325
1430301584250
1430328375000
1430396098560
1430419921875
1430434500768
1430546022400
1430629724160
1430944745472
1430979084288
1430998977240
1431002764800
1431091200000
1431107371521
1431148953600
1431376998975
1431441618750
1431525021264
1431567104000
1431872640000
1431956400000
1432107889758
1432254399863
1432447380000
1432576096875
1433050812405
1433272320000
1433473873920
1433775330000
1433851453125
1433857184375
1433869516800
1433886300000
1433958422400
1434015830016
1434182112000
1434316743720
1434333420000
1434391700000
1434669798912
1434719171312
1434765312000
1434832197750
1435053459456
1435519800000
1435693359375
1435717806600
1435993767936
1436022089125
1436128641024
1436190500160
1436410680768
1436415200000
1436950265625
1437004800000
1437016464000
1437171240960
1437408000000
1437477371904
1437522198528
1437525203940
1437871909792
1438003200000
1438078950000
1438387651584
1438419840000
1438441804800
1438782345000
1438898610240
1439145377280
1439442375000
1439493868904
1439539200000
1439556300000
1439709600000
1439798026194
1439825920000
1439837639136
1440284944896
1440290439168
1440580737024
1440600000000
1440747000000
1440774814752
1440795600000
1440950784000
1441032862500
1441200250000
1441271167160
1441284489216
1441471195647
1441494140625
1441500000000
1441677234375
1442404454400
1442421337500
1442458631250
1442518295526
1442707200000
1442753901036
1442756689920
1442823228450
1442840576000
1443103506432
1443109011456
1443110404096
1443140987904
1443145750200
1443461332992
1443520593252
1443666003608
1443669318000
1443694203250
1443753403776
1444000000000
1444021425000
1444076100000
1444271472000
1444533165504
1444960937500
1445249433600
1445309494272
1445519520000
1445526051840
1445598461952
1445652380250
1445761704704
1445804288000
1445818429440
1445874883200
1445959622646
1446148096344
1446187223040
1446243434496
1446336000000
1446411133440
1446510592000
1446568200000
1446751938240
1446987543750
1447010179200
1447139865600
1447177084479
1447230760020
1447323863040
1447383600000
1447510265838
1447682121655
1447693668064
1447850267136
1448261100000
1448494488000
1448751661056
1448979840000
1449007098880
1449467651000
1449539550000
1449540687000
1449805713408
1449859840000
1449978421248
1450009133568
1450352972250
1450727583669
1450800000000
1451061411840
1451065835520
1451150817870
1451180981250
1451188224000
1451353964544
1451392297344
1451478036492
1451520000000
1451594774448
1451985131520
1452110176832
1452129120000
1452306346470
1452387200000
1452388284711
1452405801868
1452516826500
1452616790625
1452699878400
1452701426904
1452753225000
1453032000000
1453125000000
1453158984375
1453320300000
1453398187500
1453500000000
1453648674816
1454142881412
1454191411200
1454276096000
1454494078000
1454634796032
1454698316750
1454860710688
1454967360000
1455136718750
1455315400000
1455440265216
1455781250000
1456273728000
1456520714496
1456591207500
1456629350400
1456646400000
1456965216000
1457167656960
1457217921250
1457259724800
1457451197136
1457467830000
1457899520000
1458146672640
1458274104000
1458381056000
1458403854336
1458701419500
1458854597655
1459093504000
1459170607104
1459210850304
1459215138816
1459235993600
1459342310400
1459368617000
1459469846250
1459474329600
1459491412500
1459759000000
1460008727424
1460102483385
1460160000000
1460203038000
1460277739520
1460434510080
1460675543040
1460862812160
1460905600000
1461012341600
1461125578752
1461156906250
1461329100000
1461400565625
1461516392448
1461738270720
1461788825000
1461796875000
1462245444495
1462324865400
1462724448768
1462968864000
1463015736000
1463100807168
1463110523280
1463132160000
1463281459200
1463424357780
1463522328576
1463588514000
1463692032000
1463758931250
1463760709632
1463797404576
1463848329600
1463906400000
1463999154400
1464264563328
1464287232000
1464331918500
1464351690816
1464375000000
1464420074383
1464524676846
1464628822272
1464732975104
1464843750000
1465025373000
1465085749248
1465119064080
1465312500000
1465475895000
1465836552192
1465926025216
1466147737600
1466229600000
1466335903284
1466350859375
1466424000000
1466607098880
1466838213750
1466927627616
1466942400000
1467001428102
1467103996215
1467195780960
1467299598336
1467355975680
1467367650000
1467379815552
1467419197440
1467542568960
1467577237500
1467593781696
1467827200000
1467967767552
1468038928125
1468224755712
1468263888000
1468630826208
1469011307400
1469187293184
1469268170496
1469328076800
1469412000000
1469481540163
1469486333952
1469529600000
1469664000000
1469955600000
1470150000000
1470486619264
1470541737600
1470808317132
1471137718750
1471294734336
1471492915200
1471504859136
1471506660000
1471807897875
1472106037248
1472176745000
1472610081250
1472665526280
1472675253975
1472831360000
1472886374400
1472953337856
1473068069928
1473180721272
1473273494784
1473512832000
1473548544000
1473819494400
1473900000000
1473975820800
1474077150000
1474200000000
1474228710045
1474330117590
1474814250000
1474953216000
1475177281200
1475253919755
1475343286272
1475374694400
1475469002700
1475475471360
1475812800000
1476046540800
1476096000000
1476101981250
1476311489170
1476390786750
1476395008000
1476468000000
1476578377890
1476656250000
1476705037500
1476840093750
1476951840000
1477362729024
1477487992500
1477681920000
1477787322816
1477836800000
1477981289304
1478111791104
1478248704000
1478568418614
1478655360000
1478656000000
1478933987328
1479028005000
1479243193376
1479274995870
1479680000000
1479738290625
1479926923965
1480307400000
1480602240000
1480612700000
1480662400000
1480730314000
1480781250000
1480895032320
1480907349504
1481048064000
1481059636875
1481179392000
1481219157600
1481225912320
1481343839712
1481421312000
1481777343750
1481973099040
1482042420000
1482120806400
1482144534000
1482299143830
1482440960000
1482710384640
1482795724800
1482834870272
1482920736696
1483135312500
1483185433680
1483303500000
1483398437500
1483498598400
1483554318750
1483755356160
1483797159936
1483812599808
1483900254144
1484063516832
1484254874624
1484386037500
1484457975000
1484524800000
1484558254080
1485000000000
1485008896000
1485148922712
1485451212336
1485697925376
1485743220000
1485876000000
1485949696000
1486238208000
1486327119872
1486497065625
1486583675928
1486853550000
1486993200000
1487201500512
1487470425210
1487491667298
1487563297792
1487595368448
1487694677760
1487831743125
1487892196875
1488000000000
1488034800000
1488186000000
1488195072000
1488279744000
1488558489600
1488686065625
1488763829504
1488831725304
1488920592384
1489011474432
1489401935872
1489504665600
1489522100000
1489611076352
1489831360512
1489848111500
1489900493250
1489936032000
1490227200000
1490319600000
1490356134288
1490362879488
1490400000000
1490500828152
1490550620160
1490559172608
1490659200000
1490732100000
1490794041672
1490902050625
1490906250000
1490941757976
1491224297472
1491325305525
1491392654125
1491756110208
1491773456250
1491932381184
1492037191008
1492058853859
1492155924480
1492225485660
1492447057920
1492525168750
1492969848832
1493272682496
1493290161000
1493535970080
1493614080000
1493672400000
1493778614328
1494088931944
1494097312500
1494393463808
1494404450000
1494497122560
1494519206400
1494843392000
1494846311616
1494882812500
1494945745920
1494979200000
1495038689280
1495169928000
1495247910912
1495265625000
1495481616216
1495539381875
1495703910400
1495883025000
1496009482240
1496015272080
1496031771000
1496104020000
1496224672000
1496261125800
1496407080960
1496614732800
1496766343296
1496931494816
1497138552000
1497207144448
1497488619858
1497681603756
1497774300000
1497824133120
1497869844480
1497899081250
1497937809375
1498433132160
1498486210560
1498499463780
1499097600000
1499195061000
1499220903375
1499238400000
1499332608000
1499561164800
1499897927808
1499904000000
1500144800000
1500178226850
1500201600000
1500266891880
1500325107897
1500400000000
1500564053016
1500579675000
1500625000000
1500721625000
1500794006250
1500824813400
1500965240832
1501178123250
1501244264448
1501254394875
1501549892352
1501562500000
1501644718080
1501996608000
1502042330880
1502054400000
1502092011000
1502346388032
1502400000000
1502503585947
1502504640000
1503130683600
1503154867500
1503226200000
1503323795358
1503502221312
1503588102912
1503773114368
1503898225676
1504069749000
1504315010250
1504935936000
1505201280000
1505433600000
1505580615000
1505693629440
1505907200000
1506146484375
1506239843328
1506290861232
1506417412500
1506417868800
1506445024000
1506635235000
1506712630500
1506822819840
1506848000000
1506995634375
1507186272000
1507195019520
1507227750000
1507425342696
1507533520896
1508256415232
1508263815168
1508574558708
1509212250000
1509215827392
1509257401344
1509366251250
1509495981903
1509637758552
1509653475000
1509949440000
1510136718750
1510497634464
1510584136875
1510784256000
1510788300800
1511078976000
1511103515625
1511207993344
1511285343750
1511448120000
1511493992448
1511522304000
1511843356800
1511903232000
1511994360444
1511996976000
1512000000000
1512368160768
1512466022400
1512769115979
1512774351360
1512784350000
1512913502208
1512914374440
1512964915200
1513169970345
1513184425200
1513334725518
1513546650000
1513600184320
1513652500000
1513881600000
1513908327680
1514205656250
1514285301760
1514325091500
1514358720000
1514524677120
1514715462981
1514805320250
1515322416960
1515331584000
1515334884966
1515431395328
1515452400000
1515458084400
1515618026000
1515891712500
1516173268857
1516199343750
1516240896000
1516376953125
1516493137500
1516605068160
1516696203750
1516903200000
1517303125000
1517364674496
1517571158400
1517848640100
1517972225000
1518109350912
1518383674368
1518440311080
1518491817432
1518668476416
1518688316880
1518874334208
1518902784000
1519000000000
1519164801000
1519285572000
1519334129664
1519644672000
1519867920384
1519887247776
1520011302400
1520084966400
1520097304752
1520351078400
1520547545088
1520771565600
1520902656000
1521401057280
1521537024000
1521679272960
1521714600000
1521731727750
1521840352500
1521840885642
1521869391000
1522062760680
1522094879232
1522224000000
1522291470336
1522533358125
1522851840000
1523362163328
1523487184128
1523682800640
1523712000000
1523747635200
1523902464000
1523926272000
1524016296000
1524251520000
1524346880000
1524353399073
1524382530048
1524398400000
1524508776000
1524826797930
1525275586800
1525432500000
1525511742300
1525658105088
1525708800000
1525763174400
1526005039104
1526537390625
1526689436160
1526836892256
1526871060000
1526933100000
1527144637500
1527186077824
1527199218750
1527313858560
1527454580736
1527742970208
1527771759696
1527775232000
1527871617360
1528049612100
1528101199872
1528112537280
1528200960000
1528220925000
1528374400000
1528450560000
1528587533232
1528823808000
1528829773380
1529091963360
1529129124864
1529388000000
1529495101875
1529520537600
1529724534156
1529815040000
1529955648000
1529983227500
1530144000000
1530772425000
1530777600000
1530901831680
1530916200000
1531085772528
1531152000000
1531186854912
1531221120000
1531406250000
1531432327040
1531687903200
1531910802240
1531934705664
1531936533504
1532134064128
1532144403000
1532226403125
1532875134375
1532954808000
1533193795584
1533634560000
1534108631040
1534142531250
1534159154880
1534184372448
1534470502400
1534543412500
1534563251325
1534795776000
1534820618240
1535072000000
1535133600000
1535175742464
1535357140992
1535439360000
1535703515136
1535901696000
1536121027584
1536306750000
1536326400000
1536732000000
1536738944000
1536868472832
1537199112120
1537329070080
1537501593600
1537571200000
1537663240638
1538049303000
1538066250000
1538189125200
1538555268096
1538628328125
1538846539776
1539000000000
1539011443680
1539081984000
1539150093000
1539507200000
1539833856000
1539998656000
1540167422976
1540289986560
1540302022350
1540418570496
1540446692400
1540467923904
1540574268750
1540625315625
1540915200000
1541030400000
1541328606064
1541406720000
1541430315360
1541552512500
1541564006400
1541642330592
1541662800480
1541714549760
1541731062690
1541802240000
1542005859375
1542294000000
1542319447851
1542324224000
1542559334400
1542583951272
1542599704576
1542873733632
1542936622500
1543012352000
1543434407424
1543759971156
1543875840000
1544065740000
1544341531635
1544365440000
1544400000000
1544500406250
1544683045248
1544686848000
1544989704192
1545078871875
1545081993000
1545311040000
1545482985984
1545640869888
1545868800000
1545944400000
1545974154000
1546048316736
1546089600000
1546125000000
1546143565824
1546422451200
1546454827008
1546812174600
1546838156160
1547024325000
1547082900000
1547349766144
1547428165654
1547550137952
1547556192000
1547602005600
1547722874880
1547799009022
1547894205728
1547900928000
1547934105600
1548067950000
1548078484050
1548559569375
1548579078144
1548595200000
1548675096192
1548900916416
1549126769568
1549457910000
1549736629056
1550000000000
1550202018750
1550348800000
1550371933656
1550390625000
1550411528448
1550449593000
1550575231128
1550903856255
1551037086720
1551420000000
1551562593750
1551807720000
1551992858624
1552588128000
1552898862900
1553043456000
1553064331225
1553125266000
1553131441750
1553183576000
1553376825000
1553416987500
1553417979456
1553656032432
1553754150000
1554066456030
1554096230400
1554192192000
1554329088000
1554363187200
1554403558400
1555011993600
1555049506520
1555062796125
1555456000000
1555510584375
1555848000000
1555994140625
1556156700000
1556226846720
1556521312500
1556772618240
1557131574600
1557233664000
1557796810752
1558123776000
1558151866908
1558152960000
1558172712960
1558249086726
1558267822080
1558349241750
1558366428125
1558441687500
1558605339375
1558893600000
1559065724160
1559131607600
1559150208000
1559223364608
1559450880000
1559543139000
1559570948754
1559900160000
1560000000000
1560030381000
1560281088000
1560869388288
1560954285198
1561032000000
1561161081600
1561324584960
1561375200000
1561680316416
1561918585500
1562052957696
1562079411648
1562392032968
1562480000000
1562500000000
1562514251648
1562793750000
1562810287500
1562911054848
1562953218750
1563051000000
1563087555225
1563174288000
1563328512000
1563513120000
1563515965440
1563670008000
1563796108800
1563851877952
1564356543750
1564411137792
1564537735215
1564898227200
1564919795712
1565099353125
1565179707392
1565403240492
1565407306125
1565415720000
1565661597696
1565709250000
1565848627200
1565974003125
1566660437706
1566687240480
1566947030670
1566970704000
1567216594944
1567283281920
1567339200000
1567427680000
1567817653248
1567887360000
1568093272692
1568578176000
1568636685000
1568719530504
1568797601756
1568813400000
1568915868672
1569044123100
1569268181250
1569592442880
1570109296875
1570111488000
1570332284928
1570334512500
1570406400000
1570526724096
1570588267220
1570618183680
1570853604240
1570909221000
1571001729024
1571009765625
1571074182090
1571736757500
1571884380000
1572035850000
1572260387500
1572272621568
1572378885000
1572455566080
1572539062500
1572763671875
1572775626240
1573139880000
1573159698432
1573178112000
1573236493920
1573522433280
1573734375000
1573795354950
1574052480000
1574065256400
1574218750000
1574304000000
1574514703125
1574531481600
1574566364160
1574649759375
1574778567375
1574808400000
1574817513472
1575051540480
1575280236474
1575312500000
1575700504320
1575800012800
1575820984320
1575870187500
1575916992000
1575974873088
1576054715625
1576089695232
1576136100000
1576232275968
1576280250000
1576397204928
1576737500000
1576787134464
1576972800000
1577600323200
1577676800000
1577778048000
1577846710752
1577893328928
1578074400000
1578299800000
1578379770000
1578562585704
1578602171250
1578620752695
1578684672000
1578757331250
1579289587260
1579309056000
1579310854632
1579432877568
1580013253632
1580259871125
1580279529472
1580411442456
1580857600000
1581044119200
1581050476544
1581119086752
1581123317760
1581301864520
1581393206250
1581465600000
1581557743616
1581568416000
1581602428224
1581762309825
1581879721984
1582031250000
1582332192084
1582351848000
1582426344898
1582523744256
1582916966400
1583075812500
1583343560160
1583439556608
1583570560000
1583577843750
1583586229680
1584697540608
1584821700000
1584875160000
1584934400000
1585196800000
1585253376000
1585254275000
1585281121875
1585320275000
1585380300000
1585450008576
1585504577536
1585724999040
1585947489840
1585971200000
1585977120000
1586335796064
1586532211992
1586793701376
1586874322944
1587093750000
1587105551295
1587120775296
1587318656000
1587406897664
1587421875000
1587467700000
1587616800000
1587759710208
1587864434625
1588125000000
1588185076608
1588576631250
1588800096000
1588828736250
1588860731304
1588992187500
1589051105280
1589648287500
1589850243072
1589950884600
1589952000000
1590114240000
1590269429760
1590400272384
1590489274293
1590513369088
1590598800000
1590657868800
1590717284352
1590805945344
1590900602368
1591140915000
1591153873920
1591393858560
1591632504000
1591812000000
1591893886464
1592042235264
1592278680450
1592384303232
1592529778125
1592626860000
1592799390000
1592810495100
1592949473280
1593191463696
1593523112500
1593585472512
1593715200000
1593877824000
1594130264064
1594177200000
1594183680000
1594404900000
1594506608640
1594977286144
1594987301250
1595009138688
1595037007872
1595107987200
1595112750000
1595179837440
1595614562500
1595749623552
1595767222400
1595844288000
1595896473600
1595964568275
1596011867520
1596063744000
1596300000000
1596508600320
1596684960000
1596827925000
1596948480000
1596988800000
1597200000000
1597304070054
1597350245400
1597453002000
1597471110144
1597500000000
1597632575000
1597759020000
1598054400000
1598124390912
1598130487296
1598348173500
1598382618750
1598462623744
1598582025216
1599243750000
1599520156353
1599673743360
1599716690208
1599935016960
1600284684672
1600336134144
1600610475528
1600690470912
1600842993750
1600936266384
1600993350000
1601036236800
1601249075125
1601251835904
1601419382784
1601534161920
1601704125000
1601704255734
1601731734375
1601765153235
1601806640625
1601914103244
1601937774360
1602178486272
1603123200000
1603135354662
1603136920500
1603142238852
1603232456000
1603447310529
1603809607680
1603985760000
1604033037243
1604077020000
1604321280000
1604369531250
1604452092705
1604468250000
1604491750400
1604578000896
1604786596875
1604825671680
1605009669120
1605403800000
1605470506416
1605691181250
1605801834000
1605913627500
1605933858816
1606187500000
1606314966165
1606556250000
1606793760000
1606831218160
1607250677760
1607445000000
1607581800000
1607609025000
1607643168768
1607788030464
1607813120160
1608180799680
1608254208000
1608344739820
1608379479000
1608665038848
1608714000000
1608874075396
1608874085000
1608914244096
1609027875000
1609092532710
1609119421875
1609130914560
1609458439680
1609609605120
1609878259712
1609977600000
1610001623412
1610174214675
1610232626016
1610588160000
1610612736000
1610934386688
1610950950000
1611238078125
1611283824640
1611547951104
1612220553216
1612303056000
1612393784320
1612664737200
1612765440000
1612839782400
1613103206400
1613122087500
1613673718300
1613691072000
1613880028800
1613928832512
1614059067726
1614110976000
1614430863360
1614490521875
1614517758000
1614529832960
1614577536000
1614816000000
1615089207006
1615148437500
1615182532425
1615360223232
1615596912640
1615714312680
1615792341600
1615962015864
1615967100000
1616161750000
1616216000000
1616270962176
1616343911424
1616518987776
1616519848608
1616653363500
1617165000000
1617212473344
1617495588864
1617838818750
1617922242755
1617926289408
1618143728600
1618251490625
1618782165000
1618806714144
1618944000000
1619025408000
1619279216640
1619372671875
1619381913600
1619526057984
1620000000000
1620083453625
1620130527288
1620432000000
1620479078400
1620651400704
1620675000000
1620692150000
1621069632000
1621078971875
1621123372800
1621350281250
1621430063055
1621496871904
1621687500000
1621763129349
1622016000000
1622244096000
1622295675000
1622300501250
1622390197568
1622857420800
1622912163840
1622927149164
1623180509600
1623220224000
1623257494677
1623381138288
1623497637888
1623552000000
1624021162500
1624031692800
1624124254059
1624319364096
1624430965248
1624500000000
1624541015625
1624660211070
1624896000000
1625104800000
1625128085504
1625577876000
1625611057434
1625617382400
1626161728125
1626379776000
1626481917792
1626638203125
1626916608387
1626931298304
1626960625920
1626979200000
1627128000000
1627144796160
1627389225000
1627456050000
1627538062500
1627609890816
1627621668750
1627657248000
1627866240000
1628551794688
1628569600000
1628971598232
1629033367360
1629262114760
1629318754350
1629919586240
1629936000000
1629949230000
1630259400000
1630651107375
1630745395200
1630781250000
1630886400000
1630897497600
1630964056064
1631013830656
1631404320000
1631566430208
1631627188352
1631651364864
1631732559912
1631965875500
1632045542400
1632363969600
1632790825344
1632830062500
1632855490560
1632960000000
1633266996480
1633463304192
1633623948936
1633909312000
1634002108416
1634070403072
1634347378125
1634453424000
1634606227800
1634630382000
1634661000000
1634765625000
1634782286592
1635124248576
1635166130418
1635507417600
1635578880000
1635859427400
1635975756800
1636105236480
1636134120675
1636217467731
1636305837750
1636521600000
1636694731152
1636718299524
1636862171272
1636867468080
1637229825000
1637540167680
1637753906250
1637945625897
1638255456000
1638570312500
1638687375000
1638693925000
1638727200000
1638788014500
1638875234304
1638904995000
1639085868000
1639096904250
1639219135680
1639276531308
1639331460000
1639651308750
1639679052928
1639731525712
1639792000000
1639808226000
1640026171875
1640056750080
1640173296000
1640594093875
1640762626048
1641135734784
1641216245760
1641514960800
1641566079252
1641612206592
1641691763712
1641789694125
1641938856250
1642016891151
1642216021875
1642228875000
1642291200000
1642333984375
1642433203125
1642485600000
1642609850000
1642642884558
1642729144320
1643055611904
1643259985920
1643518800000
1643638884300
1643995237500
1644001920000
1644322680000
1644341078016
1644426844137
1644455554560
1644474646528
1644512428125
1644679987200
1645115473575
1645608960000
1646191641600
1646294630400
1646313900000
1646400000000
1646497490154
1646568000000
1646827260000
1646894700000
1646999048700
1647243182592
1647267342336
1647297633744
1647323136000
1647395652168
1647421875000
1647450685440
1647467100000
1647552681684
1647631125000
1647765504000
1647824596992
1648349410158
1648476562500
1648524150000
1648592337744
1648660381875
1648861601184
1648864813056
1649066115072
1649309428800
1649468768256
1649615625000
1649633081250
1649907792000
1650000000000
1650293581068
1650310200000
1650726604800
1650788606250
1650907294740
1651043004408
1651129712640
1651227244800
1651739040000
1652200243200
1652363919360
1652381885700
1652525283024
1652555520000
1653036263424
1653146381250
1653220800000
1653239808000
1653250807600
1653372000000
1653430786560
1653700050000
1653916667976
1654297446672
1654686019584
1654804515375
1654894395000
1655444992500
1655640000000
1655976960000
1656198838125
1656617928000
1656636706816
1657228142592
1657328311431
1657420123392
1657423265792
1657460998144
1657546254000
1657579438080
1657702645760
1658013300000
1658274508800
1658492550000
1658574717696
1658679459840
1658786793300
1658880000000
1658935821312
1658965456512
1659023437500
1659078180864
1659120100000
1659554487808
1659574441350
1659617612730
1659678059520
1659823103250
1659892344992
1660133475000
1660230202176
1660289400000
1660501721088
1660576896000
1660608000000
1660753125000
1660932000000
1660954464120
1661026500000
1661164062500
1661603430600
1662208542720
1662239191200
1662413878125
1662510738168
1662512362000
1662781090080
1662819840000
1663020564480
1663075090432
1663086264000
1663135722144
1663217600000
1663343899875
1663526184138
1663643520000
1663750000000
1663906505625
1664021055488
1664148592548
1664188416000
1664223137500
1664288220231
1664312832000
1664719257600
1664755859375
1665146419200
1665220079250
1665391910000
1665554069424
1665664210574
1665677520000
1665710161920
1665745200000
1665821603250
1666084316160
1666179072000
1666494000000
1666560000000
1666572935391
1666598976000
1666854658656
1666963213200
1666981994496
1667200188416
1667262397320
1667339204608
1667641565625
1667674575000
1667902720000
1667914675200
1667952000000
1668146126625
1668296000000
1668609639648
1668665650176
1668688552440
1668716437500
1668781820160
1669004034048
1669606400000
1669776768000
1670090400000
1670136247296
1670172075000
1670359772620
1670371885056
1670420000000
1670473842688
1670598623232
1670615800000
1670625000000
1670628382720
1670711049728
1670913562500
1671168712500
1671373087650
1671410166048
1671461122500
1671610500000
1671768834048
1672017984000
1672167555072
1672444334925
1672484980320
1672867350000
1672915200000
1673544789504
1673694140625
1673695068160
1673742487824
1673861511168
1673916442695
1673967920625
1673980542976
1674000000000
1674086960000
1674129752064
1674168401920
1674314712000
1674343573000
1674791838720
1675124706816
1675163271168
1675212500000
1675375133625
1675527439950
1675533600000
1675577177856
1675812460896
1675872000000
1676193954120
1676498250000
1676505600000
1676573060688
1677269531250
1677286932480
1677309477723
1677758775000
1677822300000
1677975992784
1677986575650
1678010880000
1678015872000
1678022579200
1678423928832
1678435229952
1678712242176
1678755843072
1678851328000
1679098468320
1679120948736
1679163623424
1679412953088
1679462400000
1679616000000
1679789833722
1679943525120
1680199614072
1680315840000
1680535296000
1680656279328
1680658779096
1680854573310
1680923791008
1681015971600
1681205006250
1681256250000
1681702100568
1681932458250
1681949592576
1682066169000
1682104320000
1682406899712
1682643200000
1682773678080
1682982950000
1683017181090
1683035742375
1683236898816
1683252756000
1683293766525
1683452429568
1683506365632
1683672000000
1683862136208
1684059144192
1684059193344
1684284585984
1684558118880
1684575559744
1684659600000
1684691662500
1684692172800
1684800000000
1684832811480
1685502000000
1685818874376
1685823252750
1685880757750
1686004479720
1686053968128
1686250288800
1686583062528
1686643200000
1686884062500
1686926422272
1687032954880
1687213130480
1687392000000
1687500000000
1687518146160
1687575070368
1687603650084
1687662900000
1687817250000
1687999040000
1688152134375
1688203125000
1688228231040
1688311828125
1688761976811
1688821903125
1688882592375
1688899797504
1688907049984
1689217577352
1689223083520
1689459200000
1689792478416
1690090085376
1690307301375
1690468116480
1691091763200
1691116517376
1691129475000
1691536615776
1691650448640
1691708928000
1692213120000
1692279275520
1692328360320
1692528803840
1692639585000
1692821894400
1693157904000
1693612800000
1693725998970
1693912662016
1694064430080
1694251997700
1694491361640
1694491504524
1694519823744
1694558121984
1694738550960
1694745980928
1694750652000
1694766556224
1694828609375
1695204000000
1695312500000
1695504327552
1695626569728
1695631218750
1695720407040
1695825344160
1696523400000
1696676954112
1696709944832
1696780517376
1696883277824
1696941480312
1697034240000
1697248512000
1697289693750
1697313054528
1697478604800
1697658528384
1698360159375
1698430592480
1698640969662
1698693120000
1698851560000
1699375422528
1699420800000
1699698983346
1699790400000
1699950720000
1699976678400
1699990476912
1700108992512
1700214406016
1700379135000
1700462592000
1700494000128
1700611200000
1700613376000
1700891136000
1701168228864
1701351794016
1701521971776
1701550787688
1701579485502
1701735372288
1701864013824
1702239141564
1702325628666
1702412658688
1702504507392
1702739981250
1702840299750
1702859062500
1703038837500
1703116800000
1703130624000
1703143516365
1703264153472
1703336214528
1703583984375
1704000291840
1704256339968
1704660780420
1704883950000
1705482742500
1705653780480
1705743050000
1705859021508
1706489856000
1706597351424
1706798933775
1706882918400
1706966015625
1707175559232
1707703845120
1707718753125
1707890800000
1708303294611
1708437500000
1708437792600
1708511920128
1708593750000
1708658000000
1708668416000
1708692099660
1708694507520
1708711937408
1708765632000
1708854755328
1708875000000
1709505121500
1709550323712
1709580600000
1709676953600
1709721877500
1710012715200
1710068800000
1710210205440
1710228688896
1710256204800
1710321480000
1710500439375
1710554457172
1710626492250
1710646716416
1710667296000
1710725220498
1710918144000
1710920092518
1710967603125
1711001600000
1711015488000
1711415565552
1711497600000
1711581300000
1711729152000
1711781250000
1711837968750
1711928925000
1712012544000
1712073646080
1712392399872
1712470032000
1713079737824
1713216061440
1713365784000
1713432268800
1713470720000
1713601921024
1714176000000
1714304148480
1714451200000
1714489835520
1714753920000
1714930346304
1714948200000
1715032068750
1715193150000
1715417600000
1715584136832
1715742187500
1715935035150
1716419189760
1716483955200
1716569192250
1716676584000
1717146955368
1717148160000
1717567488000
1717749060000
1717799737500
1717910498304
1717986918400
1718024985600
1718084337552
1718097018880
1718149451040
1718288252928
1718406348800
1718477161128
1718710841484
1718936856000
1719156960000
1719248540625
1719449600000
1719531544500
1719660974886
1719707031250
1720248430464
1720663560000
1721298033000
1721619900000
1721718374400
1721868840000
1721957292000
1722112000000
1722166362112
1722328005024
1722435757056
1722546000000
1722656250000
1722716626176
1722771820224
1722822543750
1722832031250
1722861367920
1722980109375
1723040000000
1723226506950
1723287656250
1723291453125
1723396276224
1723428600192
1723568191488
1723662453375
1723748843520
1723768794657
1723848104160
1724085209952
1724254531584
1724286009600
1724514624000
1724704358400
1724976000000
1725015600000
1725138265032
1725300295488
1725898752000
1726067718144
1726164787200
1727017760000
1727094849536
1727109759375
1727176493250
1727183250000
1727276783616
1727369280000
1727420193954
1727507960451
1727647093942
1727889408000
1728553728000
1728740234375
1728759352320
1728831312000
1728896400000
1729044999360
1729072818000
1729119135744
1729267005375
1729349001135
1729353628800
1729386486784
1729397587500
1729525400592
1729675117800
1729767600000
1729817856000
1729877655870
1730146194000
1730150400000
1730324531250
1730355200000
1730520750000
1730574085500
1730723296599
1730755714500
1730874676608
1730955706368
1731387874140
1731499157500
1731700498500
1731945600000
1732063635500
1732304620800
1732514062500
1732666982400
1732799250000
1732851090432
1733149327360
1733262935040
1733367090000
1733398734375
1733670963200
1733793693696
1733850177345
1733994681822
1734265980720
1734386717700
1734409462500
1734825400000
1734870998016
1735020000000
1735174711296
1735179468750
1735360355520
1735424667648
1735503168000
1735504496000
1735555610880
1735726727168
1735888896000
1735996528000
1736000000000
1736188344000
1736217747000
1736240529408
1736283354624
1736326368000
1736460730368
1736716800000
1736860320000
1736908800000
1737107865600
1737218545986
1737450000000
1737584011800
1737953964747
1738024646400
1738474920000
1738669549500
1738898703360
1738899456000
1738988151849
1739037081600
1739102400000
1739220923250
1739246726448
1739390625000
1739435212800
1739461754880
1739500297920
1739869552512
1740164608000
1740402365625
1740587032800
1740587778048
1741380981444
1741425868800
1741824000000
1741866964992
1742151462912
1742169600000
1742390138970
1742513530968
1742767615764
1743329403904
1743362676000
1743392200500
1743631592976
1743706718208
1743708466944
1743743738880
1744005758976
1744397135019
1744713421875
1745055728928
1745392893600
1745637980100
1745991965952
1746206357742
1746221568000
1746250000000
1746370461696
1746538200000
1746800640000
1746927616000
1747053068750
1747070056501
1747234026720
1747331523000
1747428949749
1747445612544
1747476842496
1747595226888
1747630080000
1748118255240
1748256610464
1748932466688
1749287092224
1749430694835
1749454200000
1749665792000
1749690129915
1749888000000
1750066560000
1750106736000
1750117404672
1750148674560
1750329000000
1750361928000
1750507605000
1750529387520
1750658061852
1750676287500
1750755202560
1750796236512
1750926340625
1751422500000
1751541350400
1751681528064
1751777280000
1751889546000
1752023623680
1752238888875
1752399796224
1752691078125
1752922080000
1752973747119
1753034950368
1753077841920
1753079517000
1753214809920
1753436160000
1753529296875
1753569312768
1753763900000
1753877761251
1753954228224
1754368240716
1754438400000
1754787840000
1755316224000
1755624106080
1755666772992
1755964000000
1756234109952
1756490158080
1756769259375
1756798985280
1756832000000
1757329417872
1757339338104
1757450338560
1757666211840
1757691037089
1757770632000
1757790000000
1757869827840
1757935828992
1758029351936
1758103895808
1758286600000
1758432375000
1758544921875
1759128759000
1759333362696
1759436800000
1759481740800
1759527788032
1760000000000
1760330880000
1760345168400
1760510505600
1760534770176
1760742187500
1760827170816
1761037460000
1761097531392
1761205026816
1761262387500
1761369297408
1761422906250
1761470946144
1761774300000
1761826171875
1761876949248
1761959485440
1761978357360
1762017308100
1762172928000
1762650797544
1762924953600
1762953087168
1763284267008
1763316286875
1763356140000
1763442688000
1763596800000
1763973314649
1764396000000
1764477750000
1764646560000
1764650448000
1764700470000
1764771411942
1764848631000
1764915075000
1764981900000
1765048320000
1765181281500
1765365262500
1765374726024
1765557179771
1765638590625
1765804425000
1765807992000
1766017687500
1766064384000
1766183417388
1766348011008
1766366400000
1766425190400
1766443571200
1766489381888
1766573265625
1766746080000
1766793600000
1766853817344
1766912361984
1766941154048
1766991369546
1767000000000
1767013139040
1767136000000
1767172329000
1767210304770
1767376945152
1767785342400
1767799691307
1768027800000
1768162500000
1768332384000
1768481095680
1768540331250
1768608013068
1768635648000
1768774218750
1768826142720
1769315892480
1769478904375
1769782365000
1769804660736
1770030680625
1770116705280
1770451171875
1770570565632
1770696474624
1770809040000
1770946867200
1770996093750
1771127576064
1771573787004
1771659450000
1771660800000
1771669702656
1771875000000
1771942392000
1772093440000
1772226562500
1772233385472
1772271124344
1773055137280
1773160320000
1773200000000
1773261310464
1773315281250
1773529344000
1773877067776
1773931210920
1774304000000
1774386432000
1774465024000
1774741557600
1774947780000
1775000304000
1775007362000
1775070891126
1775129995044
1775287800000
1775333700000
1775522073600
1775587275000
1775592161280
1776254386176
1776375562500
1776380442624
1776455752500
1776834920448
1776854404000
1776876376800
1777042718720
1777219584000
1777248239616
1777257676800
1777664000000
1777677890625
1777856864256
1777886972928
1777998200832
1778094094080
1778112000000
1778456083920
1778464800000
1778758972596
1778881500000
1778984681472
1779015680000
1779252461568
1779264468000
1779456107520
1779881306112
1780259765625
1780449600384
1780553212425
1780744990752
1780885854720
1780994840625
1781263245000
1781423718750
1781969559552
1782000000000
1782030344192
1782335016000
1782366798576
1782724547450
1782784733184
1782891864000
1782924412500
1783051200000
1783099293696
1783123968000
1783325424384
1783352122104
1783411059375
1783485169664
1783667837952
1783675267920
1783796478750
1783801958400
1783947754512
1784217600000
1784224260000
1784370954240
1784376262656
1784572436556
1784600064000
1785049812000
1785203380224
1785235798125
1785398091750
1785403576320
1785510872208
1785526048929
1785793904896
1785849609375
1786068900000
1786232250000
1786297812992
1786344000000
1786385777400
1786586544000
1786640625000
1786819668480
1787259289088
1787501803500
1787531250000
1787818046157
1787836050000
1788004120000
1788407625216
1788748721550
1788831350784
1788956928000
1789032274848
1789207420896
1789321937500
1789441290000
1789671184950
1789739011500
1789763177664
1789866223875
1790100000000
1790291868750
1790316380160
1790470656000
1790507980800
1790936469504
1790937500000
1790982400000
1790996480000
1791137205000
1791345920000
1792058400000
1792310391018
1792336896000
1792340396658
1792560938112
1792579600000
1792631930880
1792709394000
1792727640000
1792911544864
1792929600000
1793130295131
1793398964140
1793423047680
1793449350000
1793586219520
1793705512500
1793806560000
1793890746368
1794129232896
1794300680875
1794410625000
1794453433344
1794468888576
1794647258250
1794755664000
1794770853498
1794932736000
1794992209920
1795218326496
1795238125200
1795324824000
1795513350960
1795659840000
1795952456256
1796270580000
1796431415625
1796612400000
1796681250000
1796735001600
1796906504925
1797004440000
1797010735104
1797120000000
1797134627250
1797187500000
1797336646875
1797457858560
1797896798208
1798623262800
1798931721600
1799029260288
1799125479424
1799445375000
1799560546875
1799884800000
1799957127168
1799996335704
1800000000000
1800092726250
1800320270256
1800686784969
1800960128000
1800968518440
1800994500000
1801117518750
1801329336261
1801334937600
1801347849216
1801388160000
1801588958950
1801596805632
1801702932480
1801917140625
1802556112500
1802734683750
1803197349888
1803358909440
1803395120436
1803400308864
1803513600000
1803636513000
1803751953125
1803771200000
1804015269693
1804053600000
1804400741565
1804582504510
1804861712500
1805339340000
1805666456880
1805676687360
1806055680000
1806117634048
1806184505664
1806239881719
1806641065568
1806694400000
1806722662400
1806748416000
1806960937500
1806998077440
1807202130880
1807245440000
1807273534464
1807375781250
1807545632256
1807733193750
1807734028800
1807776140625
1807920000000
1808013916800
1808043120000
1808183731200
1808187383808
1808402112000
1808529525000
1808560153125
1808569021875
1808592664816
1808598564864
1809038450025
1809229500000
1809569727000
1809576288000
1809584464896
1809624960000
1809769351500
1809803250000
1809941760000
1810694346552
1811082903552
1811128320000
1811224800000
1811522944000
1811655303584
1811794600000
1812251750400
1812257141760
1812264385536
1812319818750
1812511416960
1812694302720
1813159434240
1813233056250
1813773287424
1814228964639
1814240371680
1814248800000
1814347545615
1814460088320
1814493468060
1814741107200
1815000000000
1815137721040
1815156000000
1815358951456
1815501964500
1815516150000
1815589486144
1815840835776
1815874848000
1816123200000
1816740900000
1816902156258
1817487424000
1817600311296
1817678601765
1817912976480
1817957267847
1817962987500
1818117597500
1818164354877
1818181968750
1818230784000
1818243000000
1818292589568
1818398310400
1818446760000
1818575888360
1819008576000
1819467546624
1819499440213
1819584000000
1819610100000
1820105728000
1820342160000
1820521785600
1820592358560
1821388800000
1821392744304
1821574656000
1821600000000
1821813996420
1821834787500
1821843942282
1821916800000
1822279680000
1822500000000
1822842630000
1822986000000
1823038963200
1823103610125
1823259375000
1823278668750
1823559500000
1824013562880
1824123361280
1824163031250
1824177888000
1824183980892
1824364265625
1824398437500
1824469920000
1824533802000
1824651214848
1825188972264
1825333248000
1825361100800
1825528872960
1825579374003
1825599600000
1825681268736
1825865800000
1825896923136
1826265427000
1826377287680
1826379104256
1826434842624
1826721316875
1827045642240
1827155911680
1827260577792
1827269509120
1827408771072
1827562500000
1827636000000
1827904000000
1828247645952
1828941987840
1829101824000
1829280447225
1829442151474
1829485642500
1829534850000
1829562000000
1829605324800
1829641447296
1829792157516
1829998943000
1830330704160
1830359040000
1830499123200
1830519000000
1830729809920
1830758975136
1830786027840
1830812878125
1831624704000
1832140800000
1832162558688
1832230400000
1832265664000
1832517632000
1832662538280
1832919879105
1833166494720
1833180613992
1833273753948
1833276893184
1833659534520
1833678000000
1834041825000
1834112109375
1834560000000
1834628906250
1834747200000
1834759684800
1834823435904
1834844279397
1835008000000
1835140495500
1835329860000
1835352981504
1835374464000
1835730763776
1835734419456
1835788532760
1835974812672
1836585213120
1836711755424
1836918750000
1837080000000
1837687500000
1837718792448
1837732600800
1837826942553
1838016724992
1838108274080
1838147976000
1838510396415
1838713240000
1838889000000
1838993625000
1839111328125
1839181166592
1839381073920
1839649587200
1839705620480
1839856239480
1839974400000
1839981268125
1840638686500
1840831907850
1841086800000
1841411031040
1841469942681
1841702533125
1841718060000
1841883553125
1842091130880
1842176000000
1842632064000
1843530665625
1843546521600
1843568100000
1843698402000
1843888709376
1843968000000
1844148075000
1844218368000
1844336253375
1844575455744
1844638934544
1844697966426
1844736320000
1844966538513
1845132025000
1845163152000
1845194958000
1845281250000
1845489273600
1845722656250
1846173441024
1846451109888
1846703411280
1846813732416
1846904296875
1846957612500
1846985785344
1847042000000
1847076701184
1847476611630
1847507484375
1847603844000
1847726899200
1847791595520
1847808547200
1847936081250
1848096000000
1848185192448
1848449974272
1848667484160
1848785006250
1848903937500
1848940030641
1848958650000
1848973547520
1849053991720
1849467634560
1849940015625
1850036760000
1850189021184
1850548377600
1851055200000
1851318899199
1851523947000
1851801993216
1851934233600
1852153776000
1852165066752
1852173029376
1852219600000
1852651008000
1852756537500
1852971750000
1853209837962
1853238528000
1853339403125
1853349609375
1853650920870
1853718750000
1853774208000
1853802671616
1853981792100
1853992800000
1854048000000
1854052200000
1854160225792
1854520012800
1854694195200
1854855749376
1854972887040
1855168984800
1855292729472
1855418793984
1855425871872
1855466984448
1855482546875
1855802268672
1855878856704
1856131562799
1856269960776
1856436153390
1856598975000
1856689516800
1857345000000
1857492000000
1857616347136
1857681540000
1857841208496
1858730983424
1858834992000
1859172433920
1859279734375
1859455844352
1859478405120
1859873400000
1859964356250
1860043500000
1860089381073
1860139050000
1860298670412
1860393188178
1860412556250
1860496000000
1860883200000
1861084627506
1861222400000
1861263360000
1861320370000
1861424547840
1861752419840
1861937500000
1862013845440
1862287544250
1862333890560
1862540091720
1862680707072
1862945167860
1862974080000
1862999756800
1863016848000
1863153600000
1863677197470
1863695169000
1863750000000
1863970652160
1864030371840
1864073046528
1864257970176
1864336643400
1864462080000
1864526881833
1864755200000
1865179180800
1865281857075
1865292447744
1865357910000
1865558822400
1865784375000
1866059407824
1866091500000
1866270792960
1866348988416
1866449587200
1866510112500
1866590853120
1866612701250
1866686739456
1866737664000
1866838026240
1866998798784
1867223267910
1867324928000
1867378888116
1867802089023
1867825575000
1867958157312
1868121403200
1868149008000
1868184000000
1868322613248
1868557889520
1868654812500
1868919243750
1869342064128
1869783552000
1870019090100
1870039713750
1870095797248
1870176000000
1870240153600
1870310400000
1870326407250
1870377778212
1870888990464
1870950400000
1870972047000
1871119800000
1871280340992
1871390877440
1871408000000
1871492480000
1871642731266
1871718750000
1871937858168
1872032808960
1872102004695
1872364640256
1872900588000
1872997020081
1873000267776
1873034280000
1873124329725
1873137655116
1873377492992
1873471488000
1873489533696
1873565898750
1873748328102
1873887210000
1873918917632
1873963350000
1874315625000
1874343421440
1874442240000
1874451456000
1874760007680
1874882820096
1875333614850
1875457867776
1875583696896
1876076494848
1876160563200
1876590732744
1876594672000
1876833000000
1876953125000
1877093646336
1877552913600
1878011412480
1878307200000
1878394800128
1878590029824
1878851700000
1879098224640
1879225920000
1879344964728
1879377776640
1879442775000
1879453125000
1879550513568
1879836721152
1879872782095
1880336436804
1880456438784
1880561812500
1880959968000
1881792000000
1881913404000
1881975768750
1882080646875
1882195380000
1882455510000
1882737888192
1883007000000
1883022336000
1883022944423
1883056280000
1883068912347
1883250000000
1883340800000
1883347830000
1883390788125
1883481600000
1883604051000
1883914109280
1884027600000
1884359393280
1884413258496
1884424960000
1884614062500
1884673828125
1884705920664
1884727595520
1884876177408
1884905358336
1885024325088
1885289018508
1885294950000
1885363750000
1885756741344
1886068800000
1886257152000
1886615550000
1886681825280
1886705909760
1887047198190
1887206400000
1887270229824
1887478621875
1887557760000
1887597623808
1887600000000
1887950592000
1888030785536
1888082407680
1888223232000
1888226919936
1888320749568
1888415907840
1888479608832
1888576351872
1888600323456
1888923649536
1889116618752
1889244000000
1889310150000
1889395200000
1889402880000
1889523966000
1889635184640
1889992950555
1890071884800
1890190131200
1890355320000
1890455119872
1890523514880
1890879100000
1891371008000
1891480531500
1891536300000
1891664658432
1891914863139
1891919462400
1892089843750
1892800000000
1892825117568
1893088327680
1893155846400
1893277632000
1893355818750
1893640320000
1893659350500
1893711052800
1893767040000
1894153021200
1894322605500
1894338576000
1894344903234
1894691356250
1895111769600
1895147504712
1895756335200
1895960521728
1896292435968
1896450373500
1896565978125
1896633700352
1896705843120
1896778591488
1897014297600
1897019822848
1897114632192
1897295400000
1897310800125
1897338836250
1897405945344
1897473600000
1897872021504
1898039392128
1898050388850
1898114771790
1898316000000
1898543388951
1898620762500
1898799169536
1898820403200
1898891946875
1898938080000
1898998920000
1899292999968
1899901575000
1900012272192
1900014128000
1900696102500
1900964457000
1901128320000
1901172781872
1901607435000
1901920456800
1901969300000
1901980099800
1902042187500
1902043680264
1902265896960
1902520659375
1902536294400
1902578125000
1902578450850
1902913782588
1902974976000
1902978692748
1903108662000
1903254312960
1903305040000
1903447031808
1903616240656
1903644900000
1903767067125
1903984330752
1904051608704
1904433315840
1904654783304
1904684544000
1904914464768
1905314400000
1905722822250
1905876075000
1905894607092
1905913800000
1905995520000
1906205665923
1906496226369
1906501976064
1906588288000
1906594483500
1906624000000
1906889677875
1907072631360
1907104500000
1907181135720
1907226562500
1907233914880
1907347656250
1907470703125
1907729252352
1907739205632
1907759056896
1908121600000
1908137088000
1908896391072
1908930796875
1908982597280
1909275200000
1909297152000
1909615500000
1909714699620
1909839521700
1910062015125
1910101462500
1910140671600
1910375391375
1910506752000
1910712890625
1910734416540
1910877696000
1910992011264
1911037216725
1911208005000
1911364954200
1911411406080
1911614805828
1911848400000
1911919350250
1912012724160
1912223353600
1912312800000
1912445599744
1912482037760
1912500000000
1912622616576
1912653388800
1912773574656
1912899209375
1912926526875
1912984584192
1913020416000
1913106195000
1913382000000
1913393664000
1913502528000
1913535512000
1913860915200
1913903208448
1914124923648
1914135300000
1914290408800
1914465184164
1914609879000
1914641517600
1914888502800
1914920666880
1915013145600
1915056000000
1915214241024
1915636800000
1915650233280
1915901671320
1915933687500
1916006400000
1916125200000
1916180845056
1916422225920
1916462292992
1916629152867
1916943602400
1917151104000
1917438600000
1917563839488
1917634257000
1917698943600
1917726720000
1917731420550
1917922406400
1917994443750
1918256560128
1918434803712
1918456312500
1918960931250
1919002756320
1919025152000
1919026486944
1919044141056
1919196426240
1919256500000
1919295014912
1919385600000
1919438290944
1919532662784
1920000000000
1920047360000
1920228130368
1920360960000
1920383437500
1920913738513
1921011592500
1921055761152
1921244921856
1921336934400
1921377150000
1921498890150
1921605625440
1921666537472
1921992187500
1922000000000
1922361336000
1922484375000
1922736406500
1922750742528
1922997469419
1923440762880
1923764304600
1923841920000
1924007275008
1924141678592
1924427366400
1924470000640
1924560000000
1924571928125
1925062993920
1925342511246
1925361900000
1925523213120
1925558365500
1925695296000
1925753906250
1925773885440
1925920040625
1926003425280
1926588416256
1926650142144
1926655146000
1926955008000
1927143187200
1927184275456
1927411200000
1927441643520
1927460412416
1927540758528
1927867500000
1928197461792
1928214872064
1928229939090
1928249630720
1928448000000
1928592167040
1928757600000
1929093750000
1929141760000
1929296639592
1929316725000
1929503488000
1929701848750
1930013687784
1930082175000
1930414354048
1930848307200
1931044449600
1931191403904
1931212800000
1931261157000
1931501446875
1932374370875
1932719400000
1932800000000
1933346257920
1933422575616
1933547695200
1933927734375
1934260992000
1934276198400
1934445240000
1934502507000
1934653593600
1934734375000
1934867757160
1935423072000
1936126145520
1936166400000
1936408461960
1936561556160
1936876064256
1937004030000
1937376000000
1937500000000
1937590976512
1937687200000
1937864250000
1937964917070
1937988281250
1938219038910
1938857175216
1939186819584
1939740079212
1939759650000
1939786348032
1939893131358
1940181175296
1940473801728
1940800753125
1940889600000
1940925525000
1941057421875
1941123578625
1941406582500
1941472071000
1941506691306
1942134632928
1942195200000
1942513123824
1942785675054
1942846259328
1942911360000
1942981705728
1943180971875
1943290440000
1943811883150
1943875584000
1943931335247
1943996112000
1944000000000
1944065200000
1944685532160
1944819853704
1944935226000
1945036938240
1945441732608
1945499212800
1945614467072
1945716075666
1945988550000
1946057379840
1946280117600
1946330100000
1946414468250
1946453564160
1946576486400
1946587603968
1946770495488
1946835843750
1946938245120
1946953125000
1947283488768
1947689833635
1947721531392
1947796875000
1948377888000
1948438800000
1948692736000
1948717100000
1948841410560
1948848685056
1949029205760
1949136631200
1950037976250
1950062542848
1950351360000
1950396973056
1950599196875
1950744576000
1951260475392
1951288289280
1951324332012
1951678575000
1951825075200
1951875200000
1951971840000
1952352751104
1952382976000
1952442558000
1952500000000
1952500334400
1952553600000
1952655030144
1952838429696
1952875008000
1952976863232
1952990041210
1953000000000
1953177600000
1953408800000
1953750000000
1953806400000
1953967860000
1954307847375
1954342391040
1954737100800
1954745136000
1954857645000
1955114537712
1955446272000
1955784285000
1955903503488
1956018585600
1956386250000
1956444779520
1956490200000
1956517756200
1956596678656
1956769650000
1957063680000
1957231890432
1957385237500
1957703401071
1957740070500
1958023151406
1958542350336
1959240318750
1959303168000
1959372800000
1959387655698
1959482016000
1959874560000
1959920395776
1959940800000
1960000000000
1960036650000
1960327722339
1960368480000
1960477245440
1960494707808
1960538580000
1960560516096
1960664062500
1960997002195
1961250816000
1961405840625
1961625600000
1961916096000
1962008880000
1962373773591
1962455040000
1962886417920
1963235334025
1963567005300
1963689246720
1963870175232
1964209201920
1964240961696
1964499264000
1964646976512
1964670946875
1965052800000
1965150720000
1965178908000
1965318656000
1965644032000
1966181281792
1966356000000
1966472640000
1966701515625
1966899200000
1967025848320
1967197752000
1967328000000
1967565600000
1967581570500
1967933843712
1967964706176
1968128000000
1968275133440
1968300000000
1968441696000
1968481412352
1968521891840
1968589775313
1968624000000
1968882080256
1968940050000
1969120125000
1969157169000
1969459903125
1969598400000
1969909760000
1970383097088
1970491787264
1970496506160
1971157760000
1971359907840
1971389988864
1971586588608
1971771766272
1972000404000
1972037340000
1972181555883
1972366661160
1972415757312
1972961058816
1972973730000
1972974712500
1972984387500
1973201928192
1973203232130
1973340794880
1973452800000
1973528296875
1973664000000
1973723813376
1973822685184
1973839725000
1974111984075
1974136320000
1974194507376
1974294811944
1974329161728
1974378997760
1974730752000
1974857306400
1975276800000
1975531447296
1975703125000
1975745429504
1975881600000
1975926960000
1976000000000
1976051427840
1976199312633
1976305149000
1976371488000
1976398858440
1976404147200
1976771563200
1976787763200
1976939053056
1977003035280
1977006755367
1977300000000
1977412500000
1977513750000
1977539062500
1977652893125
1977677807616
1977738000000
1977845457441
1977915240105
1978072425000
1978154680320
1978236421875
1979019853875
1979119042560
1979179450200
1979366400000
1979859375000
1979998272000
1980000000000
1980342000000
1980468750000
1980528000000
1980871925760
1980930567168
1980990960000
1981027125000
1981093950000
1981168000000
1981324800000
1981540459584
1981587456000
1981638400000
1981808640000
1982156248800
1982204421120
1982274837309
1982434362300
1982464000000
1982657600000
1982742784000
1982919745080
1982988288000
1983062250000
1983165264990
1983775657500
1983856262500
1983873024000
1984000000000
1984372992000
1984502374400
1985192704000
1985206167126
1985288028750
1985810299200
1986021058176
1986075914130
1986087168000
1986233102568
1986239200000
1986313881600
1986529978125
1986668906250
1986821554176
1987049553408
1987438605750
1987545600000
1987569204291
1987710544512
1987875000000
1987922343968
1988000340480
1988701440000
1988807884800
1989031275000
1989213187500
1989243174912
1989569770496
1989672960000
1990152450000
1990158336000
1990415351808
1990480379040
1990518147072
1990841671875
1991005160625
1991013118875
1991030243328
1991153695104
1992144000000
1992243093750
1992315225600
1992444480000
1992903750000
1993128415488
1993305600000
1994006802816
1994219597916
1994453125000
1994687029440
1994709028000
1994918974272
1995014834400
1995565875016
1995664408848
1995688457728
1995846090581
1996633600000
1996651493144
1996687806750
1996838887680
1996857454527
1996883282250
1996928833536
1997078125000
1997113688064
1997250412500
1997632000000
1997825955840
1998007554816
1998247104000
1998518860800
1998542253125
1998592247808
1998961204500
1999404000000
1999645862760
1999872000000
2000088972288
2000433477196
2000527360000
2000580120000
2000752070688
2000772900000
2000863088640
2001058675000
2001554880000
2001659019264
2001672526500
2002016250000
2002076144640
2002157568000
2002392629055
2002422217950
2002554537984
2002764431360
2002881613824
2002884065000
2003038537500
2003398568136
2003403870720
2003452197750
2003582503584
2003608535040
2003721351840
2003732121600
2003921150625
2003927798565
2004301600000
2004431727144
2004784137216
2005162648398
2005224678144
2005585920000
2005613913600
2005932600000
2006832070656
2007244800000
2007392034375
2007482400000
2007541791360
2007836979200
2007912393750
2008043441208
2008245740800
2008387814976
2008699731234
2009327512500
2009335680000
2009381808000
2009614509375
2009637000000
2009674727424
2009753856000
2009959634375
2010020032125
2010225999600
2010285361152
2010430924775
2010666700224
2010892500000
2011092594245
2011100000000
2011299840000
2011504635000
2011823049600
2011932131328
2012012006400
2012027472000
2012039737344
2012351584320
2012502029265
2012682262500
2012871300000
2013121451250
2013204480000
2013363774576
2013483574872
2013515625000
2013570900000
2013667983360
2013818526720
2014341277696
2014393515264
2014458054336
2014586542800
2014803528192
2014804687500
2015150400000
2015232000000
2015264160000
2015363072000
2015378820000
2015716566240
2015765554176
2015830921500
2015992480592
2016664128000
2016881613648
2016969864000
2017025487972
2017045800000
2017092147875
2017331097600
2017350036000
2017571115456
2017630518750
2017779634024
2018062200000
2018711953125
2018940875000
2019328413696
2019366236160
2019620617308
2019642890850
2019740427000
2019859365888
2019952519830
2019976806400
2020019566500
2020326105600
2020404050280
2020446513288
2020603200000
2020892976000
2021188950000
2021211878400
2021456250000
2021515591680
2021564358476
2021673392128
2021835937500
2022261605000
2022626182248
2022633897984
2022732635040
2022777900000
2022993795459
2023120000000
2023235584000
2023287552000
2023349207040
2023445151000
2023727328000
2023736472576
2023781760000
2023804403712
2024145801216
2024224836480
2024397619200
2024655756576
2025360304038
2025452713536
2025569871875
2025610438656
2025623491749
2025788000000
2026123064028
2026253408256
2026460700000
2026856081250
2027703552000
2027757146688
2027870208000
2028441600000
2028495406080
2028571776000
2028609938432
2028640204800
2028658936455
2028780000000
2028952800000
2028975637000
2029242600000
2029809375000
2030112500000
2030126962500
2030143500000
2030624000000
2030655744000
2031258320000
2031588218880
2031616000000
2031787966464
2032128000000
2032466476320
2032471198764
2032531200000
2032580689920
2032740234375
2032779184128
2033102397240
2033700782400
2033953701120
2034422578125
2034595715625
2034666747918
2035137132288
2035178956800
2035422675000
2035478551392
2035867975680
2035910800000
2035986534400
2036028656250
2036074218750
2036192850000
2036214497790
2036265625000
2036274432000
2036536639488
2036577643450
2036944226304
2036954304000
2036990626944
2037157724160
2037399482800
2037627900000
2038116710976
2038182912000
2038268925000
2038346100000
2038435725312
2038562380800
2038797433728
2039146202880
2039281090560
2039326802500
2039665699890
2040056928000
2040242388516
2040362849448
2040454962000
2040555110400
2040838272000
2041059328000
2041129715625
2041221600000
2041277635584
2041405341696
2041536000000
2041583745600
2041875000000
2042109685512
2042396436717
2042455668750
2042537967616
2042538171912
2042582044672
2042834647392
2042859204000
2042930391040
2042968537500
2043241200000
2043257784750
2043273019392
2043287977500
2043504433152
2044031255371
2044143476739
2044224000000
2044284253200
2044423631250
2044594080000
2044608314112
2044723200000
2044824284250
2044945760256
2045055600000
2045207937024
2045267840000
2045523375000
2045868413940
2045897874405
2046000000000
2046047850000
2046077714090
2046433579008
2046515625000
2046720711168
2047143622293
2047252480000
2047412989440
2047756419072
2048000000000
2048288000000
2048354732592
2048359218750
2048385024000
2048553780000
2048754262500
2048794100892
2048857335000
2049062400000
2049066837342
2049095664135
2049291765864
2049365622241
2049387661440
2049598816160
2049756637500
2049901512750
2049957691392
2050017361920
2050044917217
2050216620000
2050312500000
2050671700000
2050726035456
2050755000000
2051166689712
2051217090560
2051464296375
2051504437500
2051893701000
2051957599065
2052015258240
2052612096000
2052836870994
2052941171211
2053249938432
2053719360000
2053945594701
2053987584000
2054074093344
2054099025000
2054199218750
2054386876416
2054487904625
2054548605375
2054559596544
2054739197952
2054806118750
2054842521600
2054958080000
2054966558179
2055166230528
2055212974080
2055413678472
2055569443200
2055596400000
2055716168704
2056007812500
2056509000000
2056640625000
2056839159375
2057059307520
2057138669376
2057248830000
2058501120000
2058662098584
2058748810875
2058752360448
2058758432640
2059115351040
2059122042180
2059333875000
2059440852105
2059931250000
2060081049600
2060090081280
2060105162500
2060268210000
2060661555200
2060740422180
2060788055040
2061022994784
2061107182080
2061158400000
2061176597088
2061187430400
2061298872000
2061452800000
2061560250477
2061636786000
2061731736792
2062040924160
2062384740000
2062699100000
2062866976335
2062917964800
2063297053125
2063347292160
2063359375000
2063437500000
2063634118425
2063920194063
2064104645400
2064210863616
2064274150536
2064746092500
2064793600000
2065201221888
2065355487657
2065477357125
2065500000000
2065502359424
2065656603780
2065726283544
2065766436864
2066029875000
2066162109375
2066465157120
2066534400000
2066836084838
2066936025000
2066953011200
2066969788416
2067209729046
2067395834970
2067433641504
2067597656250
2067604439040
2067732576000
2067871808340
2067916473000
2068079688000
2068165951488
2068179324627
2068214197248
2068260480000
2068552395000
2068711014400
2068754688000
2068781715000
2068867828125
2069548185600
2070118400000
2070282240000
2070299090592
2070523192320
2070622400000
2071222650000
2071239821952
2071552000000
2071814940000
2072504516608
2072547164160
2072854996992
2073093750000
2073253045248
2073427200000
2073483491625
2073600000000
2073651148800
2073706820640
2073716277248
2073989836800
2074014112500
2074414848000
2074464000000
2074859388000
2074875600000
2075043889152
2075218801362
2075328360000
2075760000000
2075773528125
2075844327750
2075914014720
2076459607152
2076891715584
2077004288250
2077257498624
2077405216768
2077521600000
2077537280000
2077661664000
2077665448968
2077671052288
2077798989000
2077922250000
2078140452500
2078381555712
2078524800000
2078866944000
2079012454400
2079427931672
2079750919680
2080078481250
2080185740685
2080225499625
2080329574400
2080374784000
2080739681280
2080747998208
2081462648832
2081587200000
2082096900000
2083248720000
2083473100800
2083568323320
2083747050000
2083881406464
2083981885440
2084068000000
2084077996650
2084593218750
2084757750000
2084893344000
2085223948416
2085316171776
2085440000000
2085528005568
2085832062720
2085860690550
2085887700000
2085910444800
2085930254016
2086083072000
2086190233600
2086334889984
2086376427432
2086770868224
2086799137500
2087233417440
2087424000000
2087949715775
2087965337500
2087972640000
2088028800000
2088281250000
2088373321728
2088880583608
2089001871360
2089018294272
2089115679924
2089152000000
2089425881088
2089450395648
2089513125000
2090093118750
2090578913280
2090606225400
2090791030256
2090950358112
2091059712000
2091114046800
2091141360000
2091554510080
2091830400000
2092178109780
2092295971584
2092326888960
2092357575000
2092656431250
2092702176000
2092970880000
2093479062500
2093875200000
2093900067072
2093985416250
2094139159875
2094251674464
2094413275136
2094444479400
2094471472320
2094679687500
2094765576120
2095063558848
2095170004512
2095317328125
2095600000000
2095632000000
2095649010000
2095716325860
2096047800000
2096128125000
2096160768000
2096718750000
2096953786368
2097017782272
2097519840000
2097546264576
2097712626750
2097806385024
2098029911040
2098044037440
2098312500000
2098406250000
2098748160000
2099302489728
2099316833802
2099385630720
2099447707500
2099520000000
2099533012500
2099960440160
2100108180625
2100373648632
2100675610800
2100740544000
2100823473870
2101139149824
2101154738760
2101191840000
2101269964500
2101386560000
2101490808480
2101570312500
2101707000000
2102302605312
2102530993803
2102795251200
2103397401600
2103857771904
2103875654552
2104034489856
2104099200000
2104248119040
2104322457600
2104382957040
2104639220250
2104802895000
2104812084375
2105009775000
2105683593750
2105719449680
2105747806176
2105865216000
2106041014350
2106379468800
2106804142080
2106910310400
2107013161500
2107230580000
2107281792000
2107505599650
2107812861000
2107821242375
2107971081216
2108123111250
2108129587200
2108154262500
2108158782336
2108208768750
2108270080000
2108304000000
2108352400000
2108605078125
2108757888000
2108985016320
2109016413100
2109120000000
2109289329000
2109397682700
2109468837960
2109504562605
2109551947776
2109776256112
2109785812992
2110285288800
2110808700000
2111116068864
2111437125000
2111484375000
2111508000000
2111521971690
2111572265625
2111767200000
2112500072448
2112875872731
2112897150000
2113095600000
2113708162500
2114324545536
2114373121875
2114384765625
2114565180000
2115048813696
2115510566400
2115799481250
2115832430592
2116027368000
2116161033728
2116562500000
2116580699520
2116664524800
2116689300000
2116800000000
2116822400000
2117152579500
2117814997125
2117884091904
2118080124216
2118102175000
2118114380655
2118149779680
2118150881280
2118437958483
2118438315000
2118458195280
2118544391808
2118656250000
2118766308750
2118916800000
2119040258048
2119471658752
2119650508800
2119999422464
2120294160747
2120334547968
2120652365724
2120717693952
2120956818750
2121176850390
2121212296875
2121451383744
2121472012500
2121514597764
2121641318160
2121827400000
2121865236400
2121888000000
2122242504704
2122362777600
2122737254400
2123038240600
2123055309375
2123179008552
2123247095424
2123673728000
2124005203125
2124251136000
2124255284928
2124599621760
2124714240000
2124988096140
2125569600000
2125673550000
2125714461750
2125764000000
2125816435512
2125873200000
2125917031680
2126055623328
2126163643632
2126294860800
2126649735000
2126830721400
2126852391168
2126902464720
2126938484610
2126999800800
2127117824000
2127158446875
2127502540800
2127666164736
2127792384000
2127798926955
2128015823360
2128118952960
2128328622000
2128409395200
2128491509760
2128593431250
2128743878625
2128850380800
2129080191840
2129318400000
2129937336000
2129961480192
2130000000000
2130008834400
2130350982144
2130504626250
2130825975525
2130887864952
2130972770304
2131744692672
2131868190375
2132040942801
2132067225600
2132325000000
2132676000000
2132693541804
2133155920896
2133246689280
2133712912896
2133969449040
2134001116800
2134085632000
2134147300704
2134429440000
2134657800000
2134791936000
2134930784256
2135225843712
2135227042080
2135605500000
2135642312500
2135865124575
2136068444160
2136373785000
2136411956250
2137152346875
2137365210624
2137497600000
2137513806216
2137515894000
2137584125952
2138104768608
2138193071465
2138239401984
2138390625000
2138400000000
2138970240000
2139020264304
2139269456940
2139357552192
2139715462500
2139830784000
2140353331200
2140361682732
2140400390625
2140728748704
2141061120000
2141218170000
2141328752640
2141362206720
2141547921408
2141568270738
2141627351040
2142075000000
2142306562500
2142720000000
2142831308800
2143262564352
2143442400000
2143478700000
2143524225024
2143543099392
2143721834496
2144110584375
2144480171040
2144652797952
2144675123136
2144952000000
2145492562500
2145536439552
2145738817536
2146008114432
2146433694210
2146468626432
2146636800000
2147088384000
2147467264000
2147605421940
2147620995072
2147752083456
2147797555200
2147822816832
2147859191016
2147860316160
2147912515584
2147934600000
2148096451410
2148153091000
2148388551855
2148714086400
2148748865536
2148846796800
2149447230000
2149615104000
2149908480000
2149929713664
2150139566080
2150618878836
2150829450000
2151700443648
2152008000000
2152078756968
2152147968000
2152260698112
2152336050000
2152446615000
2152502231040
2152599680000
2152690344000
2152727451000
2152770048000
2152945640664
2153174400000
2153269024200
2153464775280
2153576709900
2154013753344
2154090400000
2154285750240
2154563527680
2154616021152
2154622800000
2155155200000
2155507200000
2156310992484
2156405981184
2156422831290
2156625369360
2157054593750
2157118425000
2157200100000
2157442560000
2157526800000
2157878181888
2157969408000
2158110902360
2158189608960
2158327920672
2158400369664
2158423487766
2158523136000
2158979062500
2159074344960
2159163562500
2159211600000
2159222450112
2159253913600
2159583068160
2159620704000
2160569548800
2161039140000
2161341022500
2161549293750
2161632000000
2161692036000
2161769718240
2161800375000
2161906750740
2162177550000
2162184192000
2162250000000
2162656503000
2162794921875
2163114790200
2163398400000
2163593345760
2164234842675
2164287188064
2164373946875
2164625623125
2165361550000
2165363200000
2165476906250
2165499005412
2165537044440
2165541304875
2166000000000
2166054687500
2166407208000
2166578668800
2166748046875
2166812024832
2166820089251
2167319379456
2167441116516
2167441406250
2167500000000
2167503975000
2167646976000
2167983397125
2168148060000
2168190259200
2168215637500
2168337600000
2168463937536
2168588747520
2168642557056
2168905400064
2169042370560
2169132000000
2169200444400
2169222144516
2169280834560
2169380620000
2169504000000
2169852300000
2170050750000
2170082534400
2170162225000
2170230468750
2170235430000
2170243422464
2170272183750
2170481315625
2170534164480
2170546875000
2171044079568
2171131652096
2171265398757
2171451921408
2171687124992
2171763900000
2171939040000
2171988000000
2172192292864
2172203827200
2172425005800
2172530808000
2172768893568
2172844014600
2172972966912
2173253451776
2173265640000
2173679200000
2173764206016
2174058408060
2174201476500
2174260838400
2174314610688
2174327193600
2174375000000
2174375372400
2174515200000
2174758608672
2174981328000
2175205760000
2175255810000
2175330010000
2175405687000
2175693038442
2175733791000
2175753466224
2176000000000
2176108462080
2176164981760
2176450560000
2176726226805
2176748323776
2176915683222
2177069309128
2177492625000
2178000000000
2178165265248
2178187200000
2178393881625
2178459519705
2178608702802
2178717585408
2178852830136
2179203345000
2179240250625
2179284800000
2179548000000
2179635583680
2179687500000
2179934623104
2180097281250
2180710400000
2180869734400
2181038080000
2181211719588
2181214322118
2181441798144
2181484214784
2181574950912
2181707071488
2181741117000
2181841339392
2182028800000
2182047475125
2182253906250
2182291066032
2182705078125
2182768087500
2182776960000
2182810291200
2182908828672
2182973100000
2183017910400
2183360394600
2183671875000
2183860224000
2184000000000
2184042533400
2184433862656
2184702635232
2184945269760
2184969600000
2185050686000
2185150556160
2185320763080
2185444800000
2185826881875
2185854418944
2185989950592
2186201745000
2186349428736
2186407080000
2186475397120
2186502912000
2186701562500
2186860032000
2186897728000
2187407040000
2187488328256
2187911250000
2188052129250
2188322577315
2188444003200
2188494693000
2188816275456
2188922351616
2189052925500
2189237118750
2189314552320
2189391852375
2189501388800
2189601910080
2189638500000
2189721600000
2189836931958
2190293600000
2190352829301
2190824064000
2190857518080
2191082400000
2191152600000
2191187867258
2191358400000
2191518512400
2191582008000
2191735359375
2191993650000
2192306737500
2192521500000
2192683237500
2192695312500
2193193304064
2193280031250
2193758985600
2193970688000
2194876839168
2195292637440
2195329986872
2195441820000
2195638396875
2195859600000
2195968320000
2195998731600
2196091359000
2196396844992
2196430848000
2196497877750
2196562500000
2196661772340
2196846000000
2196859392000
2196984384000
2197125000000
2197213290000
2197429420032
2197968750000
2197993273344
2198156083200
2198213842500
2198255787000
2198718796800
2198865457152
2199088278000
2199225600000
2199503854926
2199510775000
2199674880000
2199859200000
2200067460864
2200336629760
2200391441424
2200413600000
2200431460500
2200638132000
2200679531424
2201051475000
2201237544960
2201330439000
2201437792512
2201506283520
2201631590400
2201647371264
2201696640000
2201885876736
2202343171875
2202449356800
2202472946700
2202521635125
2202531091488
2203160116248
2203202469888
2203313496930
2203326707232
2203656192000
2203673472000
2203691358960
2203799519232
2203992115200
2204105333760
2204294400000
2204344074240
2204444627000
2204910445248
2204933400000
2204954400000
2205729928896
2205808200000
2205813060000
2206120017920
2206143843750
2206144451250
2206287940320
2206476601875
2206706578125
2207075890176
2207155608000
2207259990000
2207296875000
2207430225000
2207761920000
2208161606400
2208248064000
2208265117500
2208301056000
2208889267200
2208915121875
2209680000000
2209771081908
2210203125000
2210317939375
2210747399532
2210794560000
2210983488000
2211032678400
2211050781250
2211073720320
2211125000000
2211302645760
2211763840000
2211840000000
2212151040000
2212227956250
2212761600000
2212794574848
2213213207040
2213461766880
2213541932823
2213572644864
2213822610328
2214144000000
2214233949600
2214283123304
2214467233755
2214702000000
2214843750000
2215057556250
2215260140625
2215528320320
2215795212288
2215983656250
2216059014546
2216083752960
2216318921600
2216463264000
2216576638080
2216821063680
2217020721552
2217233088000
2217349914624
2217373921000
2217414013650
2217487075328
2217673441280
2217877200000
2218426947000
2218542007500
2218750380000
2218825224000
2218864790064
2218912493805
2219229923328
2219354726400
2220014998656
2220149964800
2220326485776
2220414989184
2220550520832
2220738759232
2220818176000
2220903360000
2220993600000
2221095471000
2221572096000
2221947771813
2222246118400
2222321080320
2222358716160
2222666015625
2223448715745
2223522087500
2223543708274
2223601875000
2223936000000
2224277128125
2224462500000
2224671547392
2224702968750
2224742400000
2224887533568
2224955250000
2225097656250
2225331478125
2225389359375
2225514479616
2225931238440
2225932800000
2225967464448
2226105600000
2226377201664
2226400000000
2226579056250
2226787200000
2226921016320
2227047680000
2227375519200
2227500000000
2227951401984
2228451706250
2228546888064
2228614830000
2228814000000
2229025112064
2229233017032
2229919146000
2229934693140
2230489800000
2230715545695
2230740000000
2230750080000
2230800000000
2231288400000
2231428953600
2231504225280
2231857152000
2231995536000
2232000000000
2232309252096
2232790312500
2232921600000
2232982221750
2233151182080
2233190558720
2233233180000
2233251772416
2233524480000
2233721318400
2234102903808
2234207895552
2234255063040
2234416614528
2234772167250
2235255968750
2235727872000
2235751242228
2236080000000
2236359375000
2236412636964
2237011700000
2237026464000
2237354496000
2237660184375
2237668416000
2237740744464
2237898571776
2238088320000
2238425280000
2238620781600
2238787753125
2239283200000
2239488000000
2239543240704
2239909023744
2240336101376
2240421120000
2240909550000
2241139431080
2241354628800
2241439775757
2241450731520
2241606675000
2241707719680
2241748705175
2241820800000
2242147826688
2242189824000
2242269467424
2242274918400
2242324218750
2242471214529
2242712884104
2242805760000
2242865777760
2243444580000
2243740262400
2244022908120
2244047656500
2244283846056
2244337008000
2244391688700
2244806784000
2244889981250
2244940570320
2245099963392
2245142016000
2245149514944
2245333450752
2245338225000
2245918752000
2246049792000
2246232929787
2246288450560
2246755940352
2246994251264
2247658875000
2247717152000
2248132423680
2248279078500
2248432156672
2248646400000
2248664652000
2248840952631
2248857600000
2249570304000
2249816886072
2249856000000
2249946408960
2250137232000
2250150948864
2250217200000
2250423000000
2250804236382
2250869512500
2251082437500
2251191009375
2251210648050
2251243125000
2251391500288
2251682635748
2251735200000
2251866396672
2252275200000
2253085452288
2253189120000
2253241815552
2253453447168
2253756960000
2253921778152
2254243900545
2254417920000
2254545774936
2254839300000
2254985693037
2255071104000
2255239622688
2255382154368
2255788749312
2255797354496
2255847338514
2256222294144
2256336927936
2256674175000
2257083071100
2257668000000
2257975695360
2258150400000
2258301331960
2258344488960
2258407840000
2258588543750
2258634456000
2258747596800
2258784000000
2259002663600
2259075136500
2259091918080
2259167500800
2259432040320
2259667536000
2259780665616
2260017396000
2260118350080
2260203208704
2260234229760
2260272000000
2260341766144
2260408550400
2260841625000
2260884157000
2260943685000
2260953405000
2261511196672
2261536875000
2261835677696
2262000037752
2262159900000
2262400800000
2263000000000
2263248000000
2263853629440
2264031000000
2264191020000
2264475024000
2264480212500
2265091139857
2265107180661
2265169021731
2265205078125
2265321427200
2265639271200
2265894400000
2265928210728
2265991200000
2266635571200
2266648012800
2266720706250
2267134679040
2267172180000
2267283456000
2267428759200
2267481600000
2267800464600
2267854848000
2267991540666
2268116835075
2268670709760
2269091097000
2269176525000
2269497484800
2269572721920
2269645209600
2269801044720
2270002088277
2270319975000
2270478750000
2270667112448
2271018871296
2271141734400
2271308484375
2271669193728
2271933158400
2272000389120
2272207980375
2272321863680
2272646996875
2272865736960
2272972800000
2273002327449
2273178600000
2273219860450
2273242371840
2273386500000
2273644369920
2273837568750
2274373637120
2274401762304
2274478695344
2274524295498
2274889826304
2274941740681
2274990489600
2275044305625
2275155968000
2275404786018
2275427700000
2275463135232
2275809026400
2275864335360
2275954687500
2276508150000
2276779954176
2276849250000
2276931686400
2276958337500
2276968320000
2277267495525
2277293484375
2277458519040
2277581416448
2277737726148
2277849600000
2277849651000
2278002714624
2278129612800
2278553287500
2278720147200
2278732500000
2278788424992
2279108111904
2279117093750
2279375000000
2280016953600
2280427256250
2280646714304
2280966960664
2281248000000
2281290137500
2281500000000
2281887420736
2281928922000
2282016823296
2282101585920
2282375000000
2282571900000
2282597591625
2282683528125
2282804086500
2282831783750
2282897925000
2283437205504
2284863759360
2284996608000
2285309557440
2285568000000
2285997686784
2286144000000
2286377280000
2286573795072
2286597600000
2286924200000
2287190470656
2287240196895
2287390218750
2287498678750
2287656250000
2287913380200
2288040099840
2288445671424
2288448718920
2288482534800
2289010360000
2289186900000
2289598363584
2289810432000
2290094456832
2290203198360
2290366059520
2290399650000
2290547331072
2290571864568
2290630400000
2290779116736
2290798828125
2290984960000
2291028766560
2291094029000
2291273324544
2291614455312
2291925155652
2292074418150
2292151799808
2292331387500
2292392656896
2292493407750
2292556234752
2292743712000
2292881299848
2293376193024
2293567626240
2293976953125
2294162325000
2294191226880
2294225567744
2294283712000
2294632415232
2294691379200
2294735665950
2294906789952
2294974841250
2295210937500
2295323043840
2295731516400
2295822216576
2295825120000
2296398449664
2296486603125
2296704871520
2296728000000
2296781713800
2297096725000
2297109375000
2297148490560
2297165751000
2297183700000
2297635342600
2297702744064
2297904800256
2298216604500
2298316111872
2298680017920
2298773504000
2299058940672
2299158411264
2299226342400
2299402280448
2299473985536
2299820802048
2300040326304
2300208300000
2300409541152
2300706624384
2300710230000
2300751337500
2301213796875
2301815118750
2302237776384
2302632603648
2302709760000
2303159040000
2303902089216
2304668298240
2304721206144
2304745200000
2304812482560
2304960000000
2305108416000
2305195200000
2305272960000
2305798668180
2305863450000
2306033867456
2306083654176
2306322720000
2306356800000
2306430959616
2306453940000
2306585600000
2306683575000
2306703360000
2306734334541
2306867200000
2306871705600
2307015040000
2307099375000
2307361000000
2307495168000
2308401897984
2308410703872
2308500000000
2308517165520
2308802500000
2308894531250
2309033200320
2309260800000
2310018750000
2310087859200
2310834355200
2310861403125
2311017246720
2311156120000
2311270212636
2311317489650
2311581597696
2311877700000
2311992909096
2312346009600
2312434656000
2312893440000
2312919318528
2313161330688
2313309487104
2313577728000
2313899556864
2314137600000
2314243750000
2314257813504
2314397488128
2314404933750
2314535731200
2314640959488
2314803101184
2315216286720
2315259483264
2315429184000
2315569216032
2315582967250
2315691281250
2315813760000
2316291394648
2316406950000
2316734976000
2316750609375
2316868320000
2317206624000
2317352960000
2317477240125
2317565952000
2317591180800
2317780390625
2317896000000
2318367744000
2318405600000
2318777848296
2318803200000
2318822424576
2318961231000
2319264645120
2319621359616
2320164000000
2320415721756
2320536487500
2320581250000
2320754540544
2321142248481
2321246549934
2321403008400
2321584312320
2321698513533
2321841308592
2322151243776
2322301510620
2322432000000
2322674168859
2322892800000
2323351374624
2323464657822
2323601280000
2323627278336
2323690154352
2324026922400
2324522934000
2324807654400
2325054375000
2325303028125
2325336249768
2325373338015
2325862846692
2325872640000
2326228159554
2326244802840
2326293708800
2326405120000
2326406032125
2326677100000
2327190524800
2327517306800
2327567616000
2327640719360
2327947776000
2327989287936
2328681459825
2328717600000
2328763021312
2329100928000
2329450200000
2329550080000
2329697162625
2329863782400
2329884911250
2329905266332
2330037964800
2330125481250
2330484570008
2330606960640
2331204986880
2331493632000
2331615559680
2331681251328
2331948528000
2331994226688
2332574259780
2332700067840
2332719675000
2333091600000
2333184000000
2333238566400
2333415112704
2333572620960
2333649953250
2333748498480
2333772000000
2333922271200
2334167356248
2334235050000
2334562560000
2334744405000
2334822400000
2335132800000
2335151754000
2335186260000
2336163973416
2336294548224
2336641205976
2336695216128
2337080868864
2337229440000
2337373630089
2337523862625
2337619746560
2337662531250
2338021310625
2338039062500
2338503681668
2338588000000
2338875000000
2338958868480
2339177536969
2339356423131
2339498700000
2339592711192
2339632333071
2339717120000
2339719784640
2339922322710
2340135936000
2340323300000
2340421632000
2340571622400
2340900000000
2340975000000
2340976837248
2341250334720
2341259073972
2341422068895
2341478972448
2341645479936
2341741622400
2341785600000
2341930800000
2342047732416
2342398647040
2342564459375
2342744586000
2342815126400
2342859571200
2342931069600
2343173095424
2343507738624
2343588049452
2343689137152
2343720000000
2343835762688
2344190502528
2344215431250
2344535795712
2344576500000
2344726562500
2345505012000
2345694163200
2345738415930
2345747040000
2345980133376
2346095476736
2346099281136
2346218481384
2346219006264
2346671535768
2346941142000
2347072000000
2347107840000
2347366393944
2347656250000
2347769561088
2348201705472
2348271129600
2348273369088
2348349850000
2348478125000
2348563875000
2349101562500
2349181205910
2349215232000
2349222220800
2349231610880
2349356410800
2349600000000
2349990656559
2350080000000
2350296000000
2350391859200
2350418091840
2350566604800
2350673325000
2350737855648
2351015622144
2351141520000
2351920935168
2352139909038
2352240000000
2352297729024
2352756684096
2353032654336
2353079295756
2353196402634
2353422360240
2353820350000
2353902271875
2354062500000
2354405900000
2354592240000
2355339313152
2355521126400
2355724800000
2355882400830
2356000000000
2356264842048
2356280406360
2356363831500
2356442928000
2356611273135
2357359532748
2357370400000
2357637414912
2358053775000
2358125000000
2358381366432
2358390581250
2358569041920
2358720000000
2358765936072
2358808593750
2358928188144
2359296000000
2359709820000
2359767168000
2359925708800
2360371200000
2360406271608
2360599511040
2360601562500
2360639818719
2360750404320
2361078579200
2361177000000
2361328125000
2361637687500
2361846136832
2362098382672
2362212600000
2362226270208
2362525404624
2362920354711
2362968750000
2363333112000
2363385446400
2364059880000
2364096768000
2364169477120
2364321960000
2364350664375
2364420375000
2364661499904
2364932920320
2365136410000
2365335797760
2366089989120
2366368992000
2366425600000
2366444808000
2366839993392
2367111600000
2367208800000
2367227362500
2367528468480
2367691276500
2367883078344
2367903256875
2367923220000
2368135996875
2368512000000
2368934380890
2369190985728
2369259704448
2369540325376
2369695419000
2369851485507
2369950652160
2370421065600
2370882303900
2371267872000
2371286400000
2371393290240
2371500000000
2371597014528
2371678630128
2371690202112
2372287906296
2372336615424
2372352624000
2372479200000
2373096693888
2373498288126
2373639517347
2373720106912
2374008569856
2374155481824
2374168333824
2374274469000
2374328320000
2374616300544
2374669440000
2375015340240
2375017660000
2375163648000
2375366765625
2375847936000
2375893083942
2376205571250
2376238104576
2376470046720
2376489064768
2376990720000
2377232550000
2377267368960
2377400571000
2377881412500
2378670782436
2378814455808
2378956800000
2379189120000
2379591188480
2379952680336
2379967349760
2380191084544
2380681162944
2380701398572
2380855680000
2380888276992
2381030031360
2381132812500
2381425200000
2381792000000
2382392250000
2382565998592
2382864946875
2383243104375
2383280000000
2383488281250
2383756978400
2383776000000
2383814389194
2383840789200
2383920290304
2384004960000
2384382873600
2384814534912
2384839895256
2384873914368
2384907909120
2384965140480
2385384925000
2385463392000
2385538449408
2385600408576
2386120488840
2386228246600
2386318682000
2386454400000
2386479034368
2386525092588
2387055825000
2387143374525
2387560777056
2387675839500
2387915292672
2388418020675
2388677850000
2388704947200
2388736000000
2388787200000
2388993750000
2389085798400
2389123123200
2389206192750
2389264257600
2389494601728
2389518507285
2389782528000
2389787195544
2389827485696
2390284668750
2390555700000
2390785383168
2391116331520
2391195396096
2391230730240
2391265800000
2391372665568
2391607350000
2391812909640
2392172310528
2392547500000
2392863011000
2393081480205
2393301897000
2393421843750
2393547735040
2393610628500
2393624435328
2393650833600
2393766432000
2394017801280
2394294287616
2394358686720
2394603275008
2394908100000
2395008000000
2395285401600
2395375368750
2395483200000
2395575000000
2395870330880
2396179503000
2396250000000
2396448862500
2396672000000
2396903104512
2397123679500
2397195730944
2397312752640
2397542400000
2397599142048
2397761961984
2398502486016
2398656000000
2398805176320
2400025807872
2400123635000
2400285162960
2400285769728
2400427027008
2400479296875
2400714434664
2400846336000
2400915713292
2401000000000
2401016957217
2401319701440
2401490025000
2401584640000
2401731200000
2402307154208
2402556187500
2402732128000
2403040640000
2403267729408
2403420508125
2404007424000
2404512000000
2404594483200
2404684800000
2404703031993
2404705380750
2405181685760
2405211494400
2405234979840
2405301966000
2405499525000
2405565560736
2405768888320
2405978640000
2406096000000
2406703104000
2406904016400
2406947956875
2407512800000
2407897497600
2408448000000
2408484867750
2408586330112
2408693760000
2408848125750
2408849157120
2408870441250
2408928984000
2409199200000
2409281250000
2409834375000
2410312038400
2410405724160
2410616376000
2410740208800
2411372700000
2411413537500
2411425362500
2412197265625
2412206438400
2412256000000
2412352800000
2412419023872
2412517109730
2412544000000
2412602718750
2413034400000
2413071000000
2413125000000
2413248380928
2413311113094
2413387345824
2413858220046
2414000413440
2414227200000
2414538435584
2414586101760
2414966400000
2415079028736
2415698473383
2415817600000
2416258252800
2416258842624
2416327949574
2416342855680
2416426425000
2416630702080
2416929422688
2416934619000
2417644075000
2418056550000
2418128133750
2418316992000
2418435686400
2418443059200
2418584696450
2418647040000
2418802043625
2418923274240
2419225600000
2419683131250
2419975219200
2420000000000
2420157681900
2420263093248
2420510577450
2420662999104
2420688200000
2420716326912
2421071952552
2421088601589
2421095080320
2421137359872
2421166464000
2421545164920
2421619200000
2421670348800
2421760294912
2421776637000
2421828718218
2422439662500
2422540317717
2422920146400
2423239483392
2423412228096
2423571469020
2423652352000
2423943023796
2423950650000
2424242625000
2424324000000
2424390119424
2424391326720
2424675099015
2424699562500
2424732935040
2424806572032
2424945600000
2425226469120
2425733775360
2426394366000
2426568109056
2426758228125
2426955776000
2427122880000
2427468152832
2427534524160
2428141404780
2428169595264
2428178300928
2428275360000
2428523659072
2428557824160
2429028000000
2429222400000
2429341200000
2429504497728
2429706240000
2429777855232
2429901307008
2430244454400
2430272900000
2430663681600
2430704845800
2430804813500
2430809915625
2431024817130
2431038225000
2431951011840
2432000000000
2432018083840
2432025231360
2432025421875
2432245307856
2432375568000
2432457216000
2432531250000
2432617616520
2432850147000
2433234504960
2433600000000
2434191424000
2434458184704
2434459238400
2434534527744
2434651914240
2434771353600
2434862430000
2435300417088
2435476792320
2435628422500
2436031743750
2436191974125
2436230451200
2436262400000
2436420789000
2436750000000
2436821845920
2437208109000
2437344000000
2437500000000
2437996216320
2438413125632
2438672640625
2438955008000
2439080467200
2439155415015
2439214041600
2439541424128
2439604338688
2439722876688
2440440938880
2440692000000
2440818787680
2441083837500
2441241234432
2441406250000
2441432503125
2441570040000
2441809582080
2442459825000
2442854400000
2443330667232
2443431420000
2443893172140
2444307840000
2444879379360
2444980059648
2445280500960
2445389100000
2445593292800
2445633025920
2445698662400
2445962062500
2446127637408
2446171875000
2446459039196
2446488643500
2446547141376
2446568499375
2446682112000
2447068471875
2447106480000
2447289040896
2447645892608
2447948813250
2447979853824
2448823059936
2448880128000
2449175740416
2449373921280
2449566181881
2449741971456
2449903173120
2450093184000
2450208144384
2450291723264
2450408078125
2450435923404
2450710647000
2450741142528
2451057283584
2451216826368
2451695400000
2451991500000
2452148437500
2452157890560
2452727692800
2452784051816
2452833073152
2453299200000
2453589600000
2453687811072
2454090912000
2454458756625
2454654647808
2454696218304
2454782400000
2454810624000
2455077449286
2455293256908
2455301202120
2455603377500
2455844737500
2455854720000
2456069343750
2456500000000
2456556498000
2456626368000
2456630859375
2456842752000
2456989728768
2457242997248
2457855468750
2457873748512
2458040887500
2458090800000
2458182021750
2458248019968
2458255360000
2458274568750
2458624000000
2458628802000
2458898926848
2458905477120
2459086221312
2459125785600
2459476963125
2459518579392
2459597288568
2460077568000
2460160000000
2460217536000
2460259944000
2460292292034
2460379981824
2460732696576
2460878884800
2460924369288
2461017758976
2461031100000
2461102600320
2461646702592
2462418309888
2462539062500
2462768934912
2462813656875
2462908284375
2462961600000
2463274437120
2463343312500
2463747840000
2463914775000
2464020000000
2464463232000
2464483235760
2464714707840
2465000505000
2465175552000
2465205250000
2465253374188
2465278200000
2465458326450
2465902608384
2465992856250
2466121777152
2466218390625
2466241344000
2466502410240
2466559033344
2466743279616
2466769700304
2467670400000
2468094935040
2468571633000
2468632320000
2468839054500
2469035520000
2469746235231
2470158120222
2470342050000
2470436718750
2470498573050
2470505184000
2470881105000
2470881785400
2470946450616
2470984704000
2471067648000
2471132812500
2471183974400
2471239680000
2471253794100
2471326208000
2471348880000
2471607432000
2471765625000
2472131188800
2472163200000
2472490137600
2472497664000
2472714843750
2472995266560
2473020999680
2473439194720
2473511040000
2473818394656
2473896443904
2473901162496
2473974312750
2474263756800
2474272954368
2474449621875
2474899479360
2474941049856
2475427500000
2475440371602
2475665337600
2476089907200
2476137185280
2476163208960
2476182909375
2476283906250
2476356599808
2476367437500
2476564506612
2476785300000
2476925574480
2477147400000
2477695311000
2478042952875
2478163387392
2478649681350
2479206400000
2479325614080
2479491129600
2479564512000
2479831200000
2480185400000
2480325120000
2480524250904
2480550075000
2480625000000
2480930816000
2481165472500
2481446170008
2481685790720
2482507776000
2482791378210
2482892352000
2483050059000
2483052267520
2483164449792
2483167488750
2483226720000
2483473417216
2483503695288
2483732160000
2484168046920
2484204800000
2484251033600
2484265287680
2484300000000
2484638180640
2484803288448
2484902929960
2485000000000
2485000425600
2485829025792
2485949440000
2486177928000
2486257652736
2486506329648
2486552904000
2486923863426
2487356424000
2487440947200
2487505190625
2487515625000
2487721248000
2487859806208
2488014380358
2488079210432
2488100473800
2488281250000
2488479468750
2488680150000
2489166122625
2489331731712
2489356800000
2489838517488
2490836189184
2490912000000
2490965568000
2491217575000
2491238550528
2491311900000
2491410519360
2491539750000
2491576243200
2491731148800
2491746093750
2491857421875
2492469360360
2492774497395
2493049605228
2493240196608
2493358786800
2493383233536
2493386285000
2493506700000
2493723443200
2493747200000
2493768543000
2493837037616
2493889380352
2494011801600
2494357888000
2494580511060
2494592100000
2494826400000
2494894887936
2495269022400
2495625000000
2495814366430
2495840256000
2496048609600
2496222888822
2496334706250
2496373555200
2496449740800
2496827916000
2497200784000
2497333690368
2497388553600
2497420252800
2497960397088
2498018737500
2498087865000
2498119335936
2498331104136
2498496315861
2498516280000
2498617800000
2498732404875
2498887680000
2499069736800
2499087500000
2499268608000
2499512400000
2499557328450
2500541846495
2500572741632
2500575519834
2500940088360
2501078860800
2501118901125
2501136792000
2501514044640
2501547535872
2502073774080
2502444000000
2502583153920
2502741196800
2502998475264
2503074656250
2503260376344
2504368668672
2504409600000
2504658984854
2505135600000
2505539658930
2505923700000
2505937500000
2505980171520
2506227750000
2506302729216
2506442932224
2506486726656
2506506633216
2506605750000
2506658918400
2506711173120
2506724519936
2507115249072
2507191683750
2507415750000
2508668800000
2509106827500
2509217872000
2509301025000
2509684703232
2509818696000
2510311744512
2510399738880
2510484768720
2510758549796
2510792266752
2510839296000
2511000000000
2511020707328
2511025920000
2511130440000
2511329184000
2511347908608
2511371366400
2511525600000
2512208000250
2512397205504
2512517529600
2512782499500
2512818750000
2512941227552
2512989093888
2513365766784
2513718691344
2513726600000
2513773025280
2514758400000
2514778812000
2515015008000
2515429002240
2515487400000
2515610418750
2515806216000
2515904296875
2515914086400
2515968000000
2516441001984
2516467200000
2516582400000
2516638162500
2516704718220
2516963625000
2517084979200
2517635893248
2518072567920
2518504410240
2519156654080
2519193600000
2519365288000
2519788651875
2519838720000
2519897651712
2519990600740
2520000000000
2520613601280
2520636052896
2520776704000
2521102017060
2521281859965
2521307250000
2521327564800
2521522503680
2521523957400
2521608192000
2521687545000
2521807509375
2521963894320
2522224542530
2522384105472
2522463552000
2522507520000
2522553150852
2522625000000
2522777400000
2523931200000
2524088107008
2524160517120
2524237340625
2524370176000
2524474425000
2524525771635
2524691052702
2524819326813
2524879134000
2524975939584
2525793204312
2526116220000
2526161038191
2526421306500
2526568456608
2526820312500
2526863339616
2526894489600
2526955448095
2527000000000
2527068160000
2527817352192
2527873920000
2527947362304
2528172000000
2528282727810
2528600498000
2528681640625
2528821136625
2529797308416
2529964800000
2530082983232
2530240336512
2530288336896
2530344960000
2530365555168
2530639457280
2530700789760
2530819695720
2531088000000
2531250000000
2531457223680
2531494350000
2532161594976
2532340800000
2532653830035
2532698226688
2532741120000
2533113200640
2533145412960
2533349696256
2533406803200
2533489440768
2533737967488
2534141624000
2534261470000
2535300000000
2535456768000
2535668428800
2535714720000
2535800256000
2535895040000
2536056250000
2536132121600
2536694212500
2537040000000
2537056534375
2537152450560
2537159998464
2537304923664
2537515983744
2537568000000
2537644474368
2537772023808
2538086400000
2538423207936
2538611933184
2539368882072
2539520000000
2540086563861
2540244123648
2540290855284
2540419200000
2540588998455
2540682650880
2541168100000
2541192809456
2541377996550
2541710153269
2541864234006
2542125978000
2542387500000
2542481768448
2542620639232
2542806000000
2542968750000
2543446828125
2543800545000
2543921415360
2543962816512
2544182784000
2544482393600
2544750042471
2545523097600
2545712064000
2546749353500
2546801708724
2546801950000
2547417600000
2547617187500
2547645888720
2547820800000
2548039680000
2548202976000
2548496792160
2548548541440
2548719765504
2548730499840
2549011790000
2549131200000
2549247787008
2549321775000
2549804400000
2549964865536
2550204518400
2550219669504
2550302985645
2550539594988
2550568702500
2550693888000
2551500000000
2551503052800
2551910400000
2551979682000
2552456282112
2552637106890
2553224509440
2553227555840
2553543309240
2553618988032
2553772705792
2554012500000
2554109971875
2554288593750
2554312117500
2554347322800
2554578250000
2555678511360
2555760392640
2556584800000
2556681600000
2556847718400
2557325925000
2557335517425
2557357077600
2557992960000
2558018276352
2558105468750
2558130443750
2558614575000
2558788532262
2558976000000
2559065600000
2559180800000
2559896027136
2560054750848
2560992626115
2561071668750
2561328000000
2561447454720
2561645458008
2561836200000
2561998520200
2562215116800
2562502656000
2562656250000
2562824245176
2563021733888
2563100438976
2563813460000
2564076659508
2564258780160
2564274585600
2564296875000
2564642995200
2564777115648
2564867126250
2565019072800
2565136640000
2565164201769
2565176739840
2565727553592
2565814154112
2565831685758
2566087830747
2566186399744
2566389760000
2566433092608
2566764288000
2566946816000
2567123348328
2567671875000
2567893387500
2568260165625
2568384000000
2568437792000
2568753000000
2569011200000
2569174848000
2569267098090
2569318515972
2569461804000
2569524249600
2569881600000
2570103945864
2570929949056
2571219298368
2571264000000
2571601084416
2571676800000
2571750000000
2571912000000
2572422300000
2572825641120
2573089279488
2573351583712
2573613281250
2573902552725
2573914554981
2573942400000
2574177340416
2574457536672
2574548052336
2574982840320
2575133503488
2575136655000
2575181765099
2575422135000
2575587868672
2575806740000
2575925527725
2576278743480
2576309303750
2576699606250
2576816000000
2576959200000
2577045982500
2577164670990
2577370752000
2577755648000
2577869122374
2577975443456
2578054119424
2578066262226
2578114844487
2578539764736
2578670774784
2578927583232
2579491462329
2579560546875
2579635012500
2579684889600
2579801342976
2579890176000
2580048217152
2580212662272
2580252973056
2580263579520
2580301301760
2580342688170
2580965130240
2581048800000
2581800156000
2581877949280
2581905715200
2582070754725
2582208046080
2583168000000
2583421087500
2583490896000
2583819000000
2583935640000
2584019214080
2584233815625
2584248046875
2584292051880
2584485792000
2584839760425
2585061811200
2585142900288
2585446905600
2585700000000
2586017415168
2586467256282
2586645381600
2586817658880
2586908233728
2586931966080
2587464000000
2588405760000
2588562966528
2588675588408
2588936128506
2589029965760
2589155712000
2589254688384
2589345792000
2589468750000
2589593600000
2589730486272
2590160384000
2590537950000
2590605312000
2590767728640
2591053920000
2591470640913
2591795784096
2591834112000
2592000000000
2592133525800
2593080000000
2593246968000
2593344600000
2593711411200
2593752934500
2594288100888
2594651400000
2595111289218
2595283891200
2595353770656
2595486796875
2595574508940
2595781125000
2595947265625
2596328017920
2596358407500
2596571873280
2596659462144
2596872960000
2596962041856
2597081811210
2597113036800
2597248736250
2597559736320
2597628413952
2597675565625
2597801456250
2597918400000
2598095453250
2598156000000
2598442873600
2599010614746
2599456337712
2599539621588
2600000000000
2600050635000
2600182207386
2600462612592
2600488800000
2600529297408
2600992022733
2601521432874
2601935136000
2602005120000
2602238100000
2602621125000
2602800527360
2603049540000
2603137001472
2603256744000
2604060900000
2604356278272
2604460404150
2605000000000
2605182953472
2605290480000
2605827818979
2606453387776
2606819383616
2606869980000
2606910006960
2607047424000
2607351896320
2607871337984
2607970534290
2608123235004
2608163712000
2608199659520
2608212777984
2608223587200
2608653600000
2608781175000
2608831384875
2608889572926
2609026200000
2609359847424
2609435996160
2609642520576
2610351562500
2611145400800
2611152730368
2611617840000
2611782351360
2611910541312
2611918503936
2612071472166
2612138803200
2612364665625
2612602820608
2612779110144
2612898000000
2612991150000
2613029422080
2613227194368
2613254400000
2613257781750
2613573236736
2613770296452
2613902720000
2614112575074
2614151423646
2614160250000
2614296960000
2614360320000
2614528125000
2614532550840
2614670296875
2614859781120
2615120861184
2615207787500
2615222637225
2615369964480
2615408611200
2616011840000
2616044921875
2616074240000
2616213600000
2616683844096
2616753758112
2616852480000
2617220474880
2617375083840
2617544540160
2617696972800
2617795293750
2617814593080
2618089340400
2618336215040
2618393176000
2618456970150
2618588603125
2618829448560
2618965622784
2618987948928
2619645407325
2619992466000
2620104464384
2620454369280
2620579603125
2620631475000
2620730700000
2620845932544
2620942806573
2621242308608
2621899800000
2622060823200
2622537388800
2622555046800
2622750617088
2622837514752
2623514624000
2623591356750
2624082739200
2624090800128
2624219136000
2624277273600
2624400000000
2624664010752
2624732537724
2624832000000
2625085900800
2625253400000
2625467060790
2625493500000
2625874299360
2626014431250
2626122262500
2626167507200
2626262843750
2626368307200
2626423937280
2626443423450
2626587455625
2626624788480
2626962890625
2627053793280
2627125616547
2627368662231
2627970269184
2628288000000
2628499931136
2629017495720
2629215977472
2629357200000
2629383120000
2629430100000
2629553061888
2629630080000
2629744517920
2629822214880
2630403072000
2630478696300
2630521018125
2630632950000
2630645850000
2630775324672
2631128887296
2631200000000
2631498057216
2632122060750
2632149312100
2632181760000
2632184757720
2632712106843
2632974336000
2633355422720
2633472000000
2633596875000
2634206904576
2634351164928
2634508800000
2634766076250
2634932416844
2635198477920
2635242187500
2636209800000
2636230471875
2636270516375
2636478075000
2636577900000
2636605627392
2636647759872
2636685000000
2636718750000
2636747103375
2636836047450
2636984000000
2637127276588
2637220320140
2637429900000
2637479752992
2637648562500
2637851443200
2637856611000
2637994349718
2638103150592
2638183661568
2638194944000
2638618633728
2638693138500
2638895086080
2638988967936
2639065927680
2639155200000
2639385000000
2639509250000
2639852467200
2640000000000
2640005477739
2641113281250
2641210954656
2641240756224
2641321280000
2641354555392
2641451671584
2641866077466
2641893581250
2642088960000
2642134359375
2643052135680
2643315370752
2643498250875
2643782270976
2643811017120
2644153600000
2644790538240
2645034210000
2645489258496
2646266183680
2646732920832
2646967320576
2647372612500
2647687224600
2647831032000
2648047893750
2648072744100
2648706637500
2648891875000
2649346304000
2649563136000
2649645468288
2649727100250
2649920000000
2650060800000
2650068910125
2650418184960
2650449049600
2650500000000
2650791015625
2650815457155
2651195473920
2651343242240
2651616000000
2652041700000
2652051647700
2652323097600
2652324233216
2652810496875
2652890625000
2653020000000
2653156477440
2653797800750
2653862990625
2654058869280
2654208000000
2654378100000
2654455562500
2654673547500
2654704368000
2654915788800
2655280468750
2655319106160
2655388180368
2655820016640
2655855848448
2655975787520
2656235120175
2656451393750
2656494140625
2656883773440
2656972800000
2657205000000
2657270544390
2657317134051
2657360680506
2657504553984
2657511014400
2657527142592
2658339843750
2658348564480
2658565488960
2658628080900
2658749751000
2658897280000
2659567365000
2659582705920
2659972921875
2660019779200
2660106240000
2660170283316
2660847667200
2660935200000
2661141600000
2661288000000
2661350239800
2661580800000
2661996648960
2662000000000
2662228800000
2662511043000
2662688639520
2662694992566
2662737352704
2662772139720
2663000550000
2663163297792
2663172255744
2663220616875
2663424000000
2663550812160
2663609831190
2664303375360
2664556038144
2665084032000
2665281606000
2665928615922
2666122905600
2666206642176
2666496000000
2666558361600
2667028518000
2667169518750
2667461811300
2667551578272
2667619835712
2667697200000
2667766752000
2668138458894
2668279320000
2668723200000
2668878692352
2668896702000
2669032304640
2669223603200
2669901683904
2670053590008
2670127480832
2670289348608
2670297477120
2670508818432
2671099200000
2671391923200
2671894867500
2672024355000
2672054251776
2672204857344
2672377312500
2672392448000
2672575636192
2673016012800
2673045516288
2673461700000
2673550197864
2673775330380
2673868800000
2674086821175
2674196940240
2674386618750
2674709452800
2675402099712
2675452103415
2675607552000
2675910935880
2675975968512
2676203887500
2676326400000
2676336390000
2676625979904
2676900096000
2677017934773
2677060546875
2677216525000
2677237920000
2677422384000
2677474852864
2677714744320
2677850419968
2677924655616
2678266308312
2678751129600
2678851743750
2679074860032
2679103350000
2679400101924
2679405281280
2679486012500
2679516000000
2680059592704
2680394080000
2680498124640
2680600213800
2680713904128
2680843903920
2681100162000
2681108398080
2681719040000
2681910326592
2682262339848
2682408960000
2682991116288
2683823694125
2683828400000
2683982906250
2684313600000
2684354560000
2684506777425
2684535156250
2684608517250
2684687500000
2684687959800
2684778521040
2684825395200
2685091368960
2685450971875
2685546875000
2686091100000
2686406250000
2686483800000
2686874996736
2687018880000
2687614585461
2688066304000
2688273598545
2688505344000
2688510594987
2688536812500
2688716800000
2688864781824
2689367317296
2689625554560
2689871708160
2689881387520
2690098446210
2690174025000
2690247875616
2690420062500
2690558268750
2690718105600
2690749600000
2690902342656
2690962560000
2691069640704
2691442290418
2691615937500
2691970887375
2692267038720
2692817068032
2692827489744
2692857187800
2692987236000
2693270026440
2693512662750
2693532745728
2693906519040
2693928684384
2694137600000
2694198312960
2694384000000
2694405870000
2694918600000
2695000000000
2695050393750
2695088191488
2695388740605
2695701940875
2695732498368
2695781250000
2695781711700
2696083439616
2696165720064
2696404795392
2696675328000
2697179637888
2697325060612
2697607167552
2697716896875
2697874078536
2698000462080
2698011190240
2698488000000
2698723828125
2698798694400
2698969856000
2699014500000
2699028062640
2699210096640
2699521914726
2699541008768
2700029033856
2700139089375
2700480405384
2700720000000
2700782000000
2700798464000
2700952128000
2701125000000
2701165169664
2701676278125
2701782720000
2702082240000
2702115045000
2702383438425
2702812500000
2702960492544
2703360000000
2703380473856
2703740160000
2704486400000
2704491682200
2705270400000
2705367040000
2705402700000
2705920000000
2706684761088
2706719488000
2706725970000
2706873756765
2707292568750
2707527680000
2707986677760
2708223336000
2708515031040
2708814860024
2709281250000
2709296460000
2709301395645
2709362304000
2709951552000
2709961598352
2710041600000
2710320312500
2710441406250
2710632960000
2710738800000
2710803196320
2711063671875
2711186178624
2711500555500
2711551342500
2711581681536
2711601043200
2711805642000
2712281075712
2712762080000
2712794287500
2712888997224
2713456536000
2713518931968
2713805099460
2714029621875
2714704875000
2715254784000
2715663510000
2715858450432
2715987502592
2716367062500
2716411576320
2716621839360
2716837200000
2716942176000
2717029224000
2717187213312
2717205257520
2717245440000
2717488947968
2717573010075
2717908992000
2717969215500
2718060899400
2718162496000
2718409443750
2718417272832
2718479728125
2718726660000
2719129600000
2719418941440
2719849584375
2720250000000
2720761407000
2720935404720
2720977920000
2721425817600
2721600000000
2721628800000
2721702083814
2722048000000
2722438840320
2722500000000
2722559745024
2722734000000
2722993832448
2723245873992
2723274225000
2723336847360
2723698897920
2723812272000
2723912296875
2723958050000
2724004181250
2724359301936
2724364025856
2724431223618
2724480331776
2724544479600
2724792164640
2725029626184
2725034989824
2725207080960
2725713543168
2725845696000
2725964800000
2726411308032
2726472320000
2726514649485
2726710988274
2726765767089
2726944481250
2727039744000
2727176396250
2727272953125
2727364500000
2727457248672
2727729043200
2727863832540
2728063800000
2728112446800
2728377974784
2728597506048
2728640888064
2728791283680
2729046048768
2729126400000
2729233612800
2730053166750
2730425760000
2730513240000
2730878294040
2731070516031
2731297887486
2731650953850
2732041406250
2732089116456
2732404506624
2732555105280
2732772556800
2733050160000
2733357524625
2733393222956
2733427916800
2733500468160
2733907359456
2734186057694
2734340000000
2734889062500
2734918003125
2735202168000
2735208194400
2735258240000
2735339250000
2735484770304
2735555004000
2735697844152
2736020344320
2736079347456
2736275971338
2736459618750
2736514368000
2736597656250
2736928000000
2737002387600
2737152000000
2737571850000
2737800000000
2738338624000
2738521903104
2738618368000
2738766643200
2738798700000
2738940750000
2739022691328
2739398140500
2739455670861
2739652263936
2739822133248
2740003200000
2740573440000
2741133312000
2741343750000
2742681600000
2742910560000
2742998440000
2743162665750
2743652736000
2743824384000
2743994512000
2744000000000
2744038562166
2744162483590
2744163227211
2744515872000
2744668143616
2744668160000
2744688236274
2744998414500
2745336591424
2745395803073
2745496056240
2745500000000
2745751142400
2745778500000
2745827215425
2746374328320
2746516612500
2748040985088
2748085396875
2748108021760
2748181153536
2748211200000
2748398496000
2748443525120
2749114613760
2749164945408
2750000000000
2750489301780
2750539325625
2750761728000
2750797665000
2751062737500
2751211008000
2751250471200
2751455678125
2751738340680
2751882854400
2751943359375
2752045408000
2752780800000
2752932733200
2752985956352
2752994790000
2753061696000
2753091183375
2753104640000
2753418756096
2753601629184
2753836187648
2754570240000
2754614198700
2754882812500
2755131667200
2755585186816
2755623297024
2755914700000
2756404051968
2756578188672
2756768175000
2756796875000
2756850525000
2757162411120
2757260250000
2757572432836
2757772828125
2758157325000
2758490437500
2758695108624
2758844862720
2759028480000
2759074987500
2760156672000
2760376320000
2760633785000
2760736000000
2760958029750
2761226993664
2761395535872
2761517656656
2761630200000
2761922358819
2761945643808
2762046904320
2762320336384
2762484524982
2762632396800
2762677112832
2763251712000
2763493200000
2763774000000
2763790848000
2764465766400
2765352150000
2765600768000
2765952000000
2766130099200
2766234240000
2766291290112
2766297744000
2766471998976
2766500800000
2766516508800
2766958401816
2766965806080
2766983428440
2767046949639
2767192326144
2767480188480
2767502868480
2767564800000
2767628160000
2767698037500
2767726051328
2767744728000
2767792437000
2767804249392
2768257440200
2768375190042
2768377500000
2768583984375
2768613100000
2768918536800
2769209143200
2769416552448
2769544800000
2769814434816
2770220598624
2770347571200
2770382671875
2770398652000
2770563000000
2770720797600
2770851230280
2771301816800
2771366400000
2771700940800
2771892870240
2771904121875
2772739200000
2773033683750
2773220696064
2773355906250
2773437975000
2773580987580
2773854720000
2774160283752
2774194981250
2774532096000
2774825569152
2775018748320
2775086189568
2775408107220
2775556000000
2775889769184
2775923449040
2776087643112
2776183603200
2776778962560
2776807193600
2776888977408
2776928000000
2777030065152
2777600000000
2777901350400
2777948395200
2778068475000
2778272022000
2778303324160
2778329400000
2778727842000
2779134806250
2779272405000
2779502343750
2779814756943
2779857792000
2780134418880
2780400168000
2780420898816
2780506279782
2780558361000
2780839434240
2781559872000
2781871279200
2781884503125
2782398850000
2782414048050
2782523031552
2782699920000
2782961280000
2783200476672
2783560412160
2784038400000
2784219399000
2784331038720
2784449986560
2784496601250
2785536000000
2785768537500
2786281390080
2787377152000
2787418366425
2787824222352
2788192000000
2788344168480
2788665446875
2788884000000
2789380281600
2789427520800
2789797920000
2789810100000
2790000000000
2790065250000
2790208575000
2790365760000
2790618834375
2790987890625
2791447312500
2791626941259
2791833600000
2791866756096
2791938785280
2791980555000
2792325484375
2792525386833
2792628629760
2792821248000
2792906250000
2793020768160
2793120000000
2793272391000
2793756437500
2794262925312
2794730400000
2795478220800
2795515796205
2795574442752
2795625000000
2795857006250
2796078285000
2796288168960
2796684800000
2796693120000
2796956338176
2796989208384
2797109303625
2797175930580
2797373214720
2797750000000
2797853736960
2797926405120
2798036865000
2798275977000
2798643363840
2798706178125
2799089111736
2799377350000
2799504207864
2799765168750
2800498198176
2800526400000
2800812168000
2801068332174
2801136937500
2801208324096
2801424288850
2801638466172
2802276000000
2802421571040
2802822750000
2802906602496
2802982218750
2803249320960
2803349680677
2803391105130
2803870203904
2804550729728
2804622796800
2804675328000
2804710883328
2804765419008
2804882079744
2804927227200
2805028635150
2805051949056
2805059570625
2805143695872
2805209892576
2805394831360
2805421260000
2805465600000
2805489610875
2805498917991
2805566667318
2806318303488
2806403860000
2806427520000
2806436893680
2806672781250
2806679700000
2806765322240
2807578125000
2807709091200
2807819437500
2807859479040
2807994384000
2808000000000
2808897640164
2809153536000
2809350882000
2809392696288
2809452822528
2809456650000
2809573386228
2809857600000
2810089946880
2810348848125
2810384252928
2810558507904
2810622492153
2810828125000
2810830815000
2810878376448
2810945025000
2810971770880
2811473437500
2811544037120
2811677184000
2812433011200
2812500000000
2813315793750
2813354311680
2813655398400
2813671875000
2814053906250
2814360059904
2814603294685
2815249500000
2815429687500
2815798781250
2815873284672
2816552269440
2816816808960
2816910800000
2817402222690
2817460800000
2818082276125
2818277550000
2818486272000
2819135176704
2819164162500
2819165371776
2819179687500
2819227692960
2819345937408
2819514880000
2819807337373
2820037032864
2820271872000
2820384313344
2820421159920
2820465459200
2820504655206
2820819456000
2820842718750
2821029120000
2821109907456
2821353838875
2821530348000
2822003192736
2822197248000
2822870106000
2822876664950
2822963653125
2823014937600
2823329779200
2823356250000
2823434496000
2823440716800
2823509145600
2823753329500
2823864120000
2823864897600
2824263536640
2824290050400
2824533504000
2824584420000
2824694208000
2824725832020
2824875000000
2825021745000
2825292787200
2825360179200
2825406076500
2825628300000
2826193807899
2826200678400
2826445050000
2826921093750
2827058880996
2827112730624
2827536487632
2827933527762
2827942425000
2827967528960
2828283062500
2828390400000
2828456547840
2828565670392
2828854886400
2829090796875
2829131008000
2829143386125
2829333341952
2829696629760
2829817036800
2830038750000
2830104576000
2830121828352
2830439040000
2830929920000
2831025600000
2831584487823
2831610432000
2831651784000
2831825689056
2832031250000
2832049089000
2832340379904
2832368000000
2832688889856
2833218259200
2833401338586
2833514987520
2833914771072
2834009358336
2834092800000
2834156666880
2834219455488
2834285949000
2834497600000
2834750580750
2834884858176
2835000000000
2835092772864
2835280381440
2835702745875
2835846823680
2836211262500
2836260907776
2836440023040
2836477771776
2836888219648
2837056512000
2837151744000
2837251305900
2837771496000
2837953125000
2838134765625
2838289937472
2838551040000
2839091200000
2839586492160
2839916448000
2839957120000
2840000000000
2840000486400
2840033728125
2840110861056
2840292000000
2840489025750
2840916992004
2841517354851
2841696000000
2841733125000
2842037034375
2842721257068
2842863075000
2842875000000
2843100000000
2843591389072
2844284625000
2844430400000
2844675560250
2844761283000
2844950550528
2844979200000
2845529734272
2846210400000
2846343356136
2846638080000
2847105800000
2847172157685
2847474000000
2847535181568
2847656250000
2847931143750
2848191609375
2848879558656
2848885139880
2849250539520
2849996800000
2850018408288
2850021192000
2850215165952
2850381148160
2850700296906
2850728256000
2850909327000
2850962400000
2851040664576
2851044153750
2851208700830
2851530240000
2851556400000
2851736025600
2852000000000
2852020813824
2852359275920
2852388864000
2852626982400
2852881920000
2852953950000
2853063281250
2853354240000
2853456076800
2853867187500
2853880428672
2854083133440
2854116720000
2854468039122
2854957560000
2854993526784
2855424360984
2855678217759
2855853672000
2856100000000
2856613760000
2856636946800
2857173580800
2857452609375
2857483059200
2857857859584
2857923200000
2857971600000
2858217243840
2858290915122
2858442048000
2858538470400
2858814112500
2858841910638
2859598458999
2859891725250
2859936000000
2860002885600
2860102547456
2860287633000
2860560898650
2860603168500
2860656750000
2860698649600
2860806592000
2860839843750
2860869001536
2861021484375
2861913600000
2861997954480
2862182400000
2862214743042
2862484973568
2862612480000
2862753997950
2862883237500
2862915100000
2863050042528
2863374976000
2863473895920
2863582418400
2863912800000
2864215779516
2864508799726
2864508945408
2864798766648
2865121875000
2865152193750
2865261600000
2865434600448
2866101624810
2866378185216
2867309051904
2867550660000
2867702906250
2867714368750
2867739033600
2867772600000
2867879025375
2868733929789
2868914983375
2869142726016
2869438342624
2869530624000
2869664395500
2870024306688
2870111895552
2870223558912
2870450307072
2870899200000
2871039600000
2871353600000
2871386718750
2871435613200
2871609062400
2871655034625
2871703926784
2871987535872
2872044178250
2872381000320
2872651181400
2872821361536
2872830400000
2872914739200
2873715480576
2873757552640
2873900531250
2874009600000
2874032928000
2874507264000
2874960000000
2875050407880
2875207104000
2875932573696
2876157900000
2876497920000
2876779530240
2876941312000
2876991665625
2877187500000
2877298163712
2877797220480
2878290754560
2878441396875
2878794639360
2878884750000
2879219200000
2879412738048
2879596052388
2879883030528
2880922880000
2881494000000
2881549629504
2881591200000
2881793383776
2882065725000
2882248335225
2882261805696
2882400500000
2882542334320
2882761491456
2882815488000
2882942391294
2882988281250
2883000000000
2883354468750
2883576990000
2884126113792
2884842675000
2884917262500
2884926177280
2885036591052
2885103277056
2885507802072
2885550054912
2885646456900
2886857293824
2887041186504
2887057484028
2887332007216
2887338636000
2887388406500
2887506807552
2887778304000
2888000000000
2888013766869
2888085150720
2888542944000
2888630859375
2888686209024
2888844000000
2888939520000
2888992608768
2889066331008
2889087765795
2889921875000
2891196923904
2891304760500
2891523409408
2891919245292
2892296192688
2892374446080
2892505280000
2892672000000
2892822266880
2893033584000
2893051219968
2893136400000
2893148160000
2893734215680
2893975087500
2894020358400
2894354168958
2894461520040
2894552773125
2894646214656
2894714634240
2894767200000
2894825606400
2895020531676
2895179776000
2895364243310
2895392915712
2895564672000
2895630962400
2895700534272
2896161856000
2896256563200
2896957440000
2897367459840
2897687520000
2897959680000
2898165760000
2898935302000
2899058688000
2899102924800
2899611426816
2900018267136
2900310884352
2900519652195
2900705944500
2901455167338
2902285607424
2902301635740
2902308811776
2902331250000
2902361962500
2902373760000
2902554244296
2902716000000
2902735435776
2902784594688
2902876888275
2902956072984
2903111608320
2903189548896
2903460175000
2903585771520
2903699145600
2904220353664
2904612692940
2904776569422
2904803143200
2904811603736
2905033653000
2905145868288
2905210880000
2905233581250
2905506695000
2905975554048
2906064000000
2906153699328
2906250000000
2906279620608
2906317968750
2906796375000
2907328558365
2908074442752
2908285762824
2908426214880
2908670090625
2908988156000
2909218830336
2909396633500
2909721421376
2909986609920
2910273437500
2910545104896
2910617436160
2910630800000
2910772800000
2911102740000
2911562500000
2911856200704
2912260036959
2912381582915
2912390490625
2912461404160
2912547456000
2912658711480
2913035553792
2913182415000
2913292800000
2913504000000
2913510600000
2913530425400
2914435842500
2914519449600
2914702589952
2914887444480
2914902394272
2914935660000
2914957393920
2915717824725
2916548208000
2916777600000
2916862341120
2916995652648
2917215000000
2917402839000
2917512675000
2917574639616
2917709195310
2918421700608
2918574113499
2918737234000
2918939692500
2918982825000
2919037500000
2919235584000
2919518000000
2919628800000
2919881405952
2920039372800
2920132215000
2920204966770
2920253765625
2920274622720
2920516300800
2920666327040
2921184000000
2921724917280
2921796403200
2921811200000
2922024683200
2922313812500
2922393600000
2922658200000
2922788813472
2922801131250
2922854592000
2923075650000
2923129602085
2923257047040
2923264047600
2923312447488
2923577650000
2923647436800
2924098734375
2924129894400
2924490888990
2924545246875
2924602619904
2925056964375
2925595459584
2926111288320
2926562918400
2926573842465
2926810478592
2926848715560
2927483596800
2927517862500
2927559665520
2927594809152
2927597904000
2927812800000
2927998308800
2928529126656
2928574464000
2928663837000
2928750000000
2928840148766
2929049353692
2929257644544
2929443686400
2929485061815
2929783046400
2930159232000
2930329600000
2930597953536
2930625000000
2930951790000
2931385095936
2931579664384
2931621875000
2932222271160
2932260061248
2932671806568
2932701718750
2933201338200
2933232486912
2933676427500
2933855255232
2934002856204
2934021629952
2934207992430
2934735300000
2935162552320
2935341711360
2935615495680
2936077856250
2936224792800
2936371875840
2936509925375
2936527776000
2937204965376
2937261652416
2937537529344
2938536340992
2938848000000
2938963080326
2938972667904
2939059200000
2939139883008
2939328000000
2939911200000
2939944616224
2940300000000
2940784000000
2940945855120
2940973238528
2941616634264
2942275437500
2942378313147
2943009718272
2943013320000
2943273231360
2943340799616
2943615795750
2943769983168
2943913351680
2944041984000
2944353490000
2944395716400
2944576800000
2944590105600
2944756362240
2945021898400
2945220162500
2945331052560
2945350507950
2945553660000
2945692323000
2946051440640
2946136139856
2946199977984
2946347565056
2946361442544
2946699415935
2947283212500
2947572301824
2948154300000
2948210409375
2948457420090
2948660235180
2948859820800
2949674434560
2949793344000
2950194508800
2950507839510
2950749388800
2950938005400
2951394361344
2951578112000
2951763257344
2952047109375
2952102150144
2952192000000
2952203962500
2952261043200
2952579022848
2952622978340
2952726266457
2952750000000
2952768000000
2952781573500
2952936000000
2953005060600
2953156755780
2953205252096
2953256373144
2953302560000
2953410075000
2953521900000
2953680187500
2953755200000
2954078899200
2954725458048
2954975985000
2955267200000
2955410520064
2955858653216
2955962578608
2956854296576
2957136837228
2957867974656
2958032000000
2958056010000
2958246300000
2958486386752
2958549991740
2959167884288
2959203456000
2959476581250
2959614095625
2959756800000
2959819315200
2959853847930
2960423976960
2960614800000
2960634071040
2961204480000
2961324800000
2961460628000
2961714792960
2961994134528
2962096128000
2962119273750
2962343404800
2962438315200
2963025166336
2963144954880
2963212979328
2963330334720
2963490156800
2963520000000
2963554687500
2963645060544
2963822400000
2964093473200
2964241612800
2964289068000
2964598287660
2965411233792
2965440780000
2965841473392
2965943353344
2966230288000
2966270625000
2966370867360
2966607000000
2966796875000
2967108637500
2967510712320
2968308592128
2968640962560
2968772075000
2968904358144
2968915950000
2969049600000
2970000000000
2970297845424
2970611330960
2970822666240
2970902424672
2971307888640
2971395850752
2971486440000
2971752000000
2971832156160
2971873280000
2972033482752
2972209040640
2972253536840
2972994131250
2973167351856
2973338478045
2973353011200
2973986400000
2974439470464
2974754460672
2974940850420
2974983334596
2975456250000
2975663486250
2975672627200
2975784393750
2975851453680
2975876748215
2976000000000
2976069600000
2976283844352
2976594328125
2977372131250
2977556203125
2977563009960
2977799721120
2978503557120
2978803871744
2978918497737
2979000180000
2979222152704
2979366534144
2979696223000
2979800986500
2979888113664
2980003359375
2980064146752
2980317965625
2980390533120
2980679375360
2980712268576
2980807200000
2981464200000
2981484487800
2981588083344
2981804101250
2981812500000
2981883515952
2982012368160
2982448594944
2982650611050
2982785308250
2982938629440
2983156365735
2983500000000
2983546912500
2983642988544
2983864762368
2984117707718
2984450971320
2984594799375
2984894115840
2985050337500
2985623027712
2986545364992
2986580322000
2987407008000
2987420507136
2987487360000
2987557228656
2987719884800
2987848990000
2987988750000
2988194625000
2988808900000
2988994245120
2989038412800
2989317858912
2989692623232
2989718035416
2989765625000
2989958400000
2990407680000
2990432019744
2990495821824
2990828206080
2991078763750
2991108384000
2991766050000
2991975376896
2992013285625
2992030544160
2992063542000
2992449344000
2992522251600
2992621580000
2993005962144
2993276672000
2993437016064
2993532686592
2994052359375
2994123884544
2994277104000
2994558336000
2994977239716
2995007400000
2995200000000
2995324923375
2995363207512
2995734560000
2995763097600
2995798162500
2995875618750
2996404599375
2996494663680
2996516600000
2996998927560
2997429276672
2997696520000
2997860253696
2998278291456
2998390122000
2998441806750
2998476800000
2998744416000
2998860251136
2998869393408
2998951769088
2999808000000
2999954700288
2999994000000
3000000000000
3000289600000
3000356453700
3000533783760
3000564000000
3000650215794
3001144641615
3001159350000
3001443250000
3001588012500
3001649626800
3002224896000
3002246415360
3002356246500
3002488528896
3002508789750
3002713091375
3004084661760
3004420981536
3005007171894
3005009280000
3005328916480
3005598182400
3005923737600
3006309735000
3006452400000
3006461691648
3006647590716
3006756000000
3006761472000
3007004442624
3007131088896
3007176205824
3007743972597
3007796451352
3007926900000
3008139498000
3008199720960
3008630020500
3008987100000
3009180202875
3009461145600
3010195392512
3010286400000
3010867200000
3011161230000
3011247360000
3011868590625
3012123359232
3012292968750
3012651122688
3012811200000
3012834825000
3012890048000
3013049596851
3013117800000
3013200000000
3013425261000
3013503123456
3013594841088
3013639552000
3013696000000
3013878067200
3013991268750
3014193733376
3014455500000
3014576633880
3014850685392
3015067041792
3015960480000
3016458984375
3016569600000
3017149117416
3017500000000
3017664000000
3017666461229
3018547200000
3018732502500
3018991963806
3019116478464
3019275517104
3019306950000
3020273437500
3020419584000
3020440642560
3021157171200
3021168273750
3021465452544
3021932390400
3022207031250
3022570687500
3022704082944
3022896240000
3022955479040
3023044608000
3023180160000
3023416295424
3023616000000
3023988720888
3024100147200
3024111388672
3024568512000
3024797368320
3025197102375
3025538231958
3025568700000
3026339940690
3026368850400
3026445778125
3026669451036
3027024000000
3027093300000
3027305000000
3028360706280
3028411312500
3028650183000
3028992620544
3029049354240
3029430925962
3029464336275
3029610640500
3029750880000
3029854960800
3029906250000
3029928779745
3030384640000
3030669769932
3030874453125
3030904800000
3030916168800
3030941721600
3031525120000
3031751862216
3031783425000
3031875000000
3031899609375
3032325818496
3032346537714
3032398687500
3032640000000
3032753906250
3032986275000
3033210136320
3033392407500
3033561671875
3034320597600
3034606250000
3034646208000
3035176755975
3035216559375
3035654573840
3035697280200
3035944450000
3036659318784
3036880622160
3036983634864
3037173877248
3037500000000
3038040456057
3038115548160
3038571144000
3038765625000
3039505560000
3040022604800
3040194609504
3040469460000
3040530139044
3040601550336
3040783200000
3040889670000
3041543131200
3042222080000
3042547200000
3043168159680
3043429200000
3043463455500
3043680705000
3043681771284
3043965173760
3044058071040
3044125521360
3045066716250
3045076070400
3045259852800
3045358134000
3046102695936
3046551846912
3046630974464
3047424000000
3047495270400
3047619300000
3047973027840
3047993904000
3048032592000
3048236646400
3048706798146
3048796800000
3048856132608
3049196161536
3049270000000
3049315974144
3049342208000
3049389877248
3049462080000
3049653595860
3049909438464
3050048828125
3050551173600
3050598400000
3050831872000
3050884683000
3051023484600
3051208932352
3051316210176
3051388993536
3051489817152
3052000121877
3052010078208
3052296732672
3052638603000
3052707840000
3053074781250
3053742120000
3053866200000
3054042984375
3054289275000
3054372155648
3054398437500
3054437563800
3054866465175
3054959600000
3055163277312
3055461488640
3055485940416
3055543519392
3055934407680
3056099224200
3056202399744
3056225074560
3056441850000
3056704552440
3057175066464
3057404313600
3057600000000
3057659546760
3057932808000
3058073798995
3058183926720
3058258249728
3058475728896
3058923377664
3058957440000
3058990203750
3059210778624
3059220358656
3059449068312
3059622720000
3059911296000
3059966455000
3060446976000
3061544850000
3062171545056
3062304000000
3062500000000
3062812500000
3062864654080
3063075750000
3063361208320
3063651608241
3063683503125
3063821604480
3063873067008
3064288806000
3064452806250
3065040373248
3065301944320
3065442674112
3065610240000
3065635123200
3065750268750
3066427065800
3067153689600
3067200525312
3067515360000
3067790257667
3068214811200
3068285062500
3068318309760
3068368744896
3068370272880
3068500000000
3069031680000
3069071775000
3069086825000
3069116571135
3069126502650
3069530100000
3069642400000
3069924489216
3070267200000
3070714281984
3070878720000
3071232000000
3071262579840
3071827395000
3071993856000
3072613500000
3073147848960
3073477888000
3073600256013
3074398224240
3074484600000
3074527902600
3074994140625
3075142400000
3075326481276
3075468750000
3075635200000
3075815456000
3076132500000
3076378250400
3077256656250
3077418516480
3077870292168
3078000000000
3078022887360
3078300186000
3078309642240
3078723589200
3079014400000
3079652659200
3079811524608
3080000000000
3080471281664
3080604044700
3080749957120
3080837140992
3080846340000
3080893384800
3081112473600
3081148537500
3081250631250
3081298828125
3081316073472
3081566717735
3081622579200
3081732562944
3081862614600
3082209178125
3082657212128
3083105025000
3083128012800
3083284661184
3083429099520
3083462125380
3084011718750
3084588000000
3084638895702
3084804800000
3085142860800
3085167902544
3085199409152
3085423495168
3085747467264
3085873245000
3086081703936
3086557056000
3086802432000
3087130271400
3087340059375
3087519942312
3087549204480
3087561545728
3087751680000
3088080450000
3088131480000
3088503665352
3088568025088
3088683063270
3089000812500
3089067242625
3089554541568
3089623680000
3089671119360
3089988000000
3090157743750
3090530953125
3090820980429
3090841600000
3090866688000
3091621478400
3091737600000
3091888800000
3091948308000
3092376453120
3092444974080
3092574633984
3092643840000
3092669011872
3093003781120
3093131427840
3093461729280
3093552000000
3093676312320
3094048650000
3094482528000
3094856331308
3095064022869
3095083200000
3095112384000
3095204011200
3095373600000
3095445749760
3095459296875
3095503208448
3095575000000
3095597678592
3095598018044
3095788411456
3095823704064
3096066615840
3096135900000
3096156968100
3096182784000
3096228921344
3096487094272
3096576000000
3096878400000
3097119138750
3097190400000
3097801832832
3098058320000
3098253539136
3098498489856
3098620723200
3098846473632
3098915820000
3099093073920
3099800390625
3100254127257
3100404037500
3100743867312
3101093184000
3101150462256
3101337787392
3101396484375
3101472000000
3101807712510
3102105600000
3102472800000
3102517254144
3102747918336
3102926990625
3103125187500
3103615440000
3103955562240
3103985717248
3104467845120
3104742817792
3104757110000
3104956800000
3105176256000
3105777945600
3105797725800
3106051200000
3106128662450
3106250532000
3106262883500
3106355313600
3106617753600
3106753650000
3106833975000
3107096616960
3107227739000
3107312064864
3108132912060
3108657234375
3108797566875
3109441608000
3109495207000
3110099013040
3110125592250
3110749312000
3110912000000
3111021168750
3111144565760
3111241053375
3111396710400
3111696000000
3111988281250
3112280998848
3112313400000
3112828202043
3113042625000
3113510400000
3113691807744
3113712819000
3113766491625
3113884868992
3114003200000
3114100494336
3114263149200
3114964169856
3115101935616
3116303733816
3116305920000
3116498173452
3116623724544
3116698483500
3116732856250
3116883375000
3117210678750
3117689422848
3118225638825
3118325726880
3118446729216
3118800568320
3119141897508
3119452128000
3119668789248
3120060762000
3120117721875
3120371712000
3120562176000
3120607733760
3121500980000
3121886804400
3121908570396
3121932336768
3122452480000
3123036000000
3123837171000
3123905702400
3124000535040
3124070400000
3124600012800
3124784065936
3124960000000
3125620575000
3125763112960
3125906437500
3126102000000
3126175110450
3126348576000
3126411654912
3126511821888
3126794158080
3126934272000
3127340016000
3127592217600
3127645093888
3127957088256
3128128156125
3128713087500
3128714035200
3129075470430
3129674688000
3130019020800
3130198706250
3130359414784
3130428409920
3130512000000
3130637120000
3130806480984
3130814612250
3130831440000
3130983383040
3131031158784
3131313390625
3131418500000
3131830374400
3131948006250
3132225687552
3132296294400
3132384112800
3132735782400
3132863355648
3133061201920
3133320875412
3133894061340
3134094064640
3134140625000
3134517750000
3134855360000
3135799296000
3136186545384
3136522340000
3137245280000
3137595203512
3137627750400
3137947230600
3138031024128
3138088246200
3138403647488
3138448187245
3138536362500
3138549120000
3138866380800
3138984646875
3140218593750
3140479111168
3140669025000
3140978124375
3141176534440
3141707208480
3141923904000
3142019531250
3142148364180
3143382992640
3143473515000
3143761920000
3143768760000
3144071700000
3144469708800
3144509849600
3144520775000
3144803830784
3145078125000
3145344000000
3145527343750
3145880897775
3145929600000
3146279760000
3146356224000
3146514481152
3146612859432
3146804012800
3146871416832
3147038720000
3147201249280
3147227136000
3147385393152
3147468750000
3147590709900
3147627253120
3148130512800
3148437500000
3148793751168
3148975250703
3149004800000
3149029406250
3149299518750
3149557134750
3149616800000
3149635026944
3149988250925
3150119808000
3150560472948
3150592200000
3150625000000
3150758533120
3151377521325
3151740375000
3152109431250
3152560500000
3152774430720
3152794409856
3153191438565
3153199104000
3153273287040
3153642522624
3154473196875
3154615200000
3155147212800
3155200646400
3155540115456
3155786657856
3155941460763
3156148800000
3156185088000
3156671875000
3156753600000
3156759540000
3157099545600
3157125171408
3157204342500
3157241505390
3157514662500
3158060285952
3158507996875
3158525390625
3158579174520
3158618112000
3158797824000
3160332262269
3160519742250
3161088000000
3161165973504
3161621864744
3161682284544
3161715200000
3162184666875
3162238173504
3162246635520
3162313153125
3162786412500
3162834501120
3162931200000
3163115487232
3163120035840
3163136832000
3163204856448
3163524619650
3163798828125
3163799181312
3164165690112
3164197289984
3164571970560
3164664384168
3164665282560
3164852689796
3164979113728
3165047488512
3165334767000
3166151625000
3166687120320
3167096365125
3167155687500
3167857445256
3168547200000
3169395081216
3169511424000
3169643400000
3169750320000
3170508550000
3170562243750
3171122776224
3171290185728
3171449998080
3171624960000
3171894979680
3171942400000
3172411719680
3172671592128
3173064423984
3173241344000
3173289799680
3173587402752
3173955840000
3173988550656
3174055526400
3174187500000
3174211102590
3174241550592
3174474240000
3174843750000
3174920650440
3174935400000
3175233600000
3175363569105
3175728869250
3176119632000
3176138993664
3176643673125
3177128437875
3177153262500
3177296478720
3177308160000
3177401810688
3177441693063
3177503293440
3177600192000
3177657472500
3177721462608
3177780984000
3177984375000
3178102210560
3178149463125
3179296575000
3179565342720
3179598428160
3179901769200
3180157314048
3180228480000
3180623650272
3180800544768
3180924743040
3180978548586
3181228960000
3181435228125
3182088499200
3182161920000
3182281830000
3182539320576
3182897922048
3183102117888
3183436691875
3183502135905
3183707704320
3184177920000
3184237966848
3184557360900
3184768606464
3184900667641
3184986685440
3185059556250
3185346675000
3185573888000
3185620990200
3186132636960
3186210069504
3186382927392
3186391296000
3187046225000
3187500000000
3187704360960
3187827326976
3188174493735
3188210878125
3188354400000
3188571692625
3188809800000
3188989440000
3189245465448
3189566764800
3189768192000
3189974602500
3190208206080
3190225500000
3190405211136
3191229125000
3191499247104
3191534444800
3191688576000
3191929136550
3192000000000
3192023735040
3192311304000
3192492933000
3193373828125
3193977600000
3194037043200
3194100000000
3194608140108
3194700490800
3194906004000
3194942220288
3195000000000
3195251840000
3195265150000
3195329280000
3195455668224
3195518040000
3195939732480
3196065890304
3196696347000
3196765237500
3197391339520
3198234375000
3198337927200
3198377478240
3198676893696
3198809263104
3199040312706
3199063818240
3199218750000
3199221104640
3199330877184
3199433380416
3200000000000
3200569369344
3200593084416
3200601600000
3200928192000
3201220951056
3201380941824
3201432193440
3201685987500
3201872532768
3201986700000
3202052000000
3202498150250
3202676042400
3202994025000
3203115300000
3203256139776
3203408250000
3203408511468
3203463468750
3203530306470
3203613281250
3203828206488
3203875548720
3205095824385
3205476645888
3205594538496
3205734604800
3205768845312
3205971394560
3206246400000
3206270709324
3206273841000
3206284477704
3206445200000
3206512483328
3206572544000
3206894621058
3207378944000
3207440273184
3207489553125
3207600000000
3208066074486
3208229069409
3208438323200
3208739062500
3208887500000
3208904185410
3208936500000
3209492160000
3209573193750
3209623142400
3210005708800
3210553082880
3210807600000
3210941012832
3211221252096
3211382362500
3211495867125
3211648144965
3211827255000
3211867717632
3212352406107
3212375000000
3212402739200
3212629932330
3212835381000
3213112500000
3213658800000
3213726437376
3213898186752
3214024122960
3214632026112
3215022096384
3215163600000
3215218050000
3215386820128
3215953125000
3216361599360
3216689479640
3216939977889
3217114703880
3217271484375
3217428000000
3217748150792
3218055750000
3218080512000
3218152025088
3218185065420
3218238843750
3218407416000
3218916879360
3219762534912
3219955200000
3220003246824
3220348429350
3220466325120
3221117701375
3221307478125
3221868773376
3221901900000
3222180000000
3222194560000
3222370959360
3222476156250
3222484100000
3222865152000
3223174705920
3223768320000
3224000000000
3224269140625
3224526230016
3224606112000
3224855642112
3225329474400
3225331200000
3226244175000
3226535617536
3226737475584
3226876909200
3226944000000
3227273280000
3227347436600
3227628791673
3227760057600
3228118135452
3228161485824
3228221952000
3228455195136
3228981043750
3229035516000
3229357005000
3229620387840
3229640294400
3230178414012
3230296875000
3230365064850
3231186311808
3231428625360
3231692800000
3231924031728
3231934200000
3231978032640
3232031306400
3232175821875
3232323500000
3232432000000
3232521768960
3232646480448
3232845637632
3233306727000
3233428761600
3234123002880
3234424946688
3235182280704
3235393324800
3235424145408
3235581890625
3235677637500
3235844485510
3236502981250
3236891054880
3237284413440
3237408518400
3237512241600
3238745343750
3238963200000
3239008819200
3239792640000
3239868409344
3240000000000
3240166907250
3240261054576
3240350023680
3241384300000
3241728230400
3242157943750
3242323940625
3242402887680
3242421875000
3242700562500
3242860126110
3242982912000
3242993743808
3243167424000
3243375000000
3243428966400
3243526258698
3244089273600
3244239900000
3244294144000
3244468136175
3244601002500
3244897075200
3245054400000
3245423739264
3245598720000
3245714841600
3245824327680
3245854298328
3246046036992
3246397636608
3246514989354
3246762276576
3247296480000
3247411200000
3247695000000
3248042325000
3248061121536
3248069017600
3248215359375
3248248508118
3249000000000
3249082031250
3249320422140
3249424526985
3250218037248
3250585600000
3250900224000
3250942695000
3251155752000
3251162109375
3251222114868
3251240960000
3251404800000
3252100792320
3252147148800
3252323456250
3252963835584
3253043200000
3253166146944
3253276406250
3253286400000
3253669120000
3253833216774
3253835200000
3253921251840
3254256000000
3254730716160
3254778450000
3254912100000
3255076125000
3255243337500
3255438574080
3255522673221
3256326291456
3256381440000
3256628723712
3256742723976
3257139200000
3257895168000
3257943196464
3257969071104
3258182088000
3258390625000
3258524229520
3258637508700
3258697007104
3259112598000
3259126886400
3259504800000
3259839172480
3260030976000
3260154043755
3260518800000
3260643750000
3260741299200
3261302214750
3261463987500
3261562500000
3261644931072
3261809295360
3262053150720
3262808640000
3262849744896
3263465119824
3263686981632
3263931751000
3264676800000
3264727939200
3265660125000
3265780094976
3266028158976
3266328240000
3266457600000
3266533992960
3266790912000
3267247897872
3267913054203
3268642167000
3268694756250
3268751360000
3268900152000
3269185920000
3269212455600
3269260764000
3269322000000
3269425203072
3269531250000
3269564573184
3270145921875
3270332260836
3271065600000
3271477363200
3271718854800
3271821483177
3272243357664
3272268241350
3272434935462
3272611675500
3272815411200
3273043200000
3273058368000
3273116958720
3273389462304
3273417059328
3273436599048
3273724342544
3274047129600
3274055733312
3274411627520
3274425000000
3274459650000
3274762500000
3275251200000
3275507812500
3275891251794
3277066245408
3277140625000
3277374750000
3277387850000
3277454400000
3277576029000
3277946880000
3277990896453
3278074204979
3278171736000
3278193808500
3278553062616
3279302617500
3279358105856
3279463051424
3280052343750
3280346592000
3280360591872
3280500000000
3280736160000
3281188187750
3281299946496
3281866875000
3282078193875
3282146175000
3282271469568
3282585600000
3282708695040
3283029921600
3283132158504
3283224413184
3283225584093
3283422050304
3283579388250
3283855678125
3283877712500
3284033782302
3284045856000
3284432043750
3284457750000
3284667968750
3284866406250
3284962836480
3285219700000
3285285769116
3285599846400
3285649981440
3285950976000
3285957393873
3286079280000
3286767546153
3286780084224
3286781800887
3287037600000
3287277768600
3287990475000
3288098370375
3288682156032
3288853688274
3288880641024
3288901324800
3288911109120
3288924255232
3288954240000
3289024856250
3289085116416
3290112000000
3290186640125
3290227200000
3290230947150
3290548602880
3291294892032
3291498965376
3291714945024
3292095578112
3292552412160
3292994980308
3293136000000
3293211600000
3293491200000
3293789400000
3293998097400
3294172000000
3294595267488
3294646272000
3294746816625
3294791304336
3294843750000
3294898421760
3295105363368
3295168708608
3295262250000
3295313657856
3296409095735
3296525400175
3296698820316
3296953125000
3297048300000
3297085410125
3297184675488
3297320763750
3297718794240
3297723202368
3297984824576
3298440234375
3298531737600
3298534883328
3298618857600
3298792568904
3299034562560
3299255782389
3299266162500
3299815584000
3300360192000
3300587162136
3300880000000
3301577212500
3301814589480
3301996658688
3302208000000
3302567432640
3303014400000
3303437500000
3303674035200
3304098634375
3304704199680
3304763771400
3304980480000
3305050566048
3305285595136
3305944378125
3306292762500
3306441600000
3306549257856
3307400100000
3307561846875
3307833335952
3308594893344
3309372039168
3309609030750
3309837267968
3309899264000
3310090930125
3310885933056
3310889985000
3310906088448
3311075040000
3311369256960
3311419785216
3311470116864
3311741231064
3311749255680
3311953920000
3312397676250
3312525984768
3313125200000
3314502400000
3314539855872
3314554214400
3314641010688
3314656622862
3314679808000
3315064559625
3315092508000
3315302400000
3315597312000
3315829042944
3316121600000
3316191840000
3316576171875
3316985100000
3317416280064
3317573586600
3317930913024
3318046875000
3318240200000
3318428238957
3318589491840
3319108975616
3319148882700
3319235225460
3319646206500
3319784689984
3320083070057
3320266950000
3320525376000
3321114918912
3321216000000
3321506250000
3321631152000
3321880692480
3322053000000
3322328125000
3322586334375
3323206861200
3323285101125
3324260603125
3324373747200
3324478382400
3324827756250
3325024724000
3325229107200
3325639680000
3326024871936
3326136320000
3326187110400
3326435200000
3326687799750
3327052368276
3327058065408
3327500000000
3327601471488
3327813011250
3328152385536
3328297185096
3328446275000
3328548864000
3328572300000
3328576440462
3329393169375
3329511718750
3329726400000
3330099119529
3330440158500
3330783820000
3330864768000
3331108138848
3331328421148
3331355040000
3331490400000
3331643206500
3331954289664
3332358144000
3332585078784
3332748000000
3333145870782
3333197952000
3333442043904
3333481620480
3333709317312
3334100693112
3334300200000
3334327264125
3334500000000
3334524794640
3334771814400
3334952507392
3335283131250
3335315562411
3336292253250
3336592000000
3336693750000
3337054453125
3337293960000
3337331300352
3337340780544
3337377104880
3337432875000
3337606944000
3337646484375
3338136023040
3338656548480
3338951196672
3339212800000
3339304172640
3339868584375
3340180800000
3340344150000
3340568684376
3340719545240
3341231600000
3341233033216
3341250000000
3341827125000
3342041015625
3342041130240
3342219162975
3342266113024
3342337425000
3342377220000
3342677559375
3342746175300
3342816841728
3342820332096
3342922245000
3343003488000
3343221000000
3344186926080
3344252624640
3344302080000
3344720117760
3344772372480
3344888669850
3344969960640
3345325910199
3345734700000
3345902985600
3346417546875
3346510381056
3346777980000
3347061129216
3347388281250
3347484975648
3347562864128
3347723022336
3347832885390
3347935841250
3348000000000
3348173920000
3348458072064
3348538073496
3348843575040
3348892800000
3349589760000
3350078584875
3350314072287
3350425000000
3350750267250
3350966829056
3351054879900
3351111167040
3351154355712
3351487500000
3351624921792
3352102161408
3352158250875
3352166400000
3352507725000
3352883953125
3353137678800
3353146121376
3353353344000
3353399562240
3353952000000
3353983200000
3354113867776
3354218463232
3354539062500
3354618955446
3355147173888
3355340800000
3355517550000
3355805958120
3355951985568
3355973151300
3356031744000
3356237853696
3356847857664
3356870459904
3357298546875
3358327246848
3358382259375
3358720000000
3358825906176
3358924800000
3359074910208
3359232000000
3359322400000
3359579667444
3359609256960
3360308447232
3360671015625
3360677691392
3361317558192
3361709146620
3361770286875
3361847582016
3362031943200
3362218496000
3362410012500
3362512500000
3362713344000
3363404201136
3363486328125
3363864916500
3364132338000
3364356096000
3364570005504
3364945182720
3365513102336
3365610393600
3365670528000
3365698521600
3365965900000
3366034362180
3366071484750
3366432276480
3366505512000
3366587533050
3367012731264
3367241515008
3367254360064
3367296092160
3367328971776
3367334971875
3367724272416
3368076443648
3368503579392
3369151119488
3369319200000
3369383325000
3369510900000
3369600000000
3369659056128
3369665622960
3369727139625
3371004000000
3371056496640
3371081175000
3371221058400
3371646505500
3371761515500
3372008959440
3372145920000
3372248678400
3372408585000
3372500577600
3373286400000
3373768125000
3373818158592
3373996032000
3374426260960
3374568013824
3374784000000
3374784275456
3374862926400
3374918744064
3375036292320
3375150140736
3375207300168
3375325800000
3375835105280
3376304268750
3376456462080
3376623656250
3376764774523
3377089013760
3377523953622
3377643806250
3377765184750
3377799595008
3378435154704
3379011158016
3379584956832
3379600578816
3380196352000
3380420542464
3380614602750
3380825676800
3380952960000
3380969030400
3381088089600
3381300000000
3382258950000
3382261603000
3382376804352
3382761553920
3382879997952
3383073231552
3383282982912
3383354644992
3383677761120
3383708466600
3383771007771
3383816644368
3384999200000
3385279170000
3385643788800
3385980364800
3386313277440
3387225600000
3387444127200
3387451997940
3387634483200
3387882815625
3387965306880
3388224902400
3388419918000
3388503995400
3388637970432
3388983009048
3389039647488
3389154437772
3389375694375
3389501304000
3389533112448
3389657218750
3389757525000
3389975691264
3390163230888
3390338488320
3390408000000
3390625000000
3390992859375
3391080700000
3391262437500
3391658161056
3391964928000
3392088204960
3392256374325
3393046800000
3393113292800
3393654750000
3393882960624
3394285995375
3394430948363
3394545138621
3394579387500
3394626109056
3394710000000
3395317056768
3396027285504
3396070637568
3396720318750
3396861184960
3396971520000
3397281939324
3397386240000
3397461519375
3397603968000
3397680000000
3398548333824
3398801817600
3398841600000
3399397966692
3399980953824
3400312500000
3400639200000
3400758270000
3400925184000
3401397120000
3401987310999
3402129392640
3402342236160
3402639576000
3402713600000
3402929154240
3402986312704
3402986784120
3403043943552
3403101575376
3403158971004
3404478283128
3404651257332
3404731416576
3404765340000
3404825317376
3404835323904
3405455032320
3405479962500
3405664663128
3405680599500
3405718125000
3406077675000
3406287032730
3406528306944
3407040000000
3407167968750
3407558989824
3407656800000
3407872000000
3408242933760
3408512679936
3408679895040
3409214275584
3409321560840
3409767900000
3409829790675
3410000000000
3410254925000
3410722631680
3410756353125
3410859375000
3410965485000
3411307560960
3411486100000
3411550584288
3411718043016
3413194702848
3413597867550
3413932031250
3414351118464
3414712654080
3414817581021
3415437506250
3415781600000
3416596152320
3416606589222
3416741528695
3416820611904
3416875000000
3417027700000
3417384199320
3417709510656
3418180480000
3418392537000
3418611328125
3418675640625
3419010243000
3419161200000
3419443755000
3420025430400
3420285288448
3420333540000
3421000878750
3421020160000
3421026385920
3421108914344
3421202400000
3421252984500
3421440000000
3421450440996
3421656000000
3421840185036
3421935206250
3422030976000
3422831131104
3422865600000
3423562500000
3423675937500
3423857850000
3423978127360
3424247675625
3424737536000
3425354956800
3425424165625
3425640132096
3426731568000
3427652337664
3427872307200
3427979968512
3428352000000
3428432179200
3428628000000
3428902400000
3429123489792
3429500000000
3429864442368
3429896400000
3429985824000
3430064137500
3430078080000
3430130457600
3430144746000
3430994905800
3431162109375
3431168273664
3431248018125
3431484375000
3431492812800
3431858918400
3431870070300
3432343928832
3432788100000
3433021046784
3433138384500
3433145765625
3433229162496
3433431040000
3433468416000
3433819337568
3434270400000
3434293910736
3434296320000
3434554379520
3435294328480
3435599475000
3435693789024
3435727276800
3435945600000
3436576505856
3436734873600
3436954322256
3437421682968
3437873712000
3438111627225
3438196608000
3438497081250
3438912153600
3439060844544
3439063089000
3439076763875
3439321949772
3439414062500
3439735123968
3439853568000
3440174409000
3440976000000
3441327120000
3442002036480
3442462261875
3442467667968
3442500000000
3443212800000
3443239800000
3443267748375
3443563200000
3443737680000
3443914584000
3444108595200
3444224000000
3444286261248
3444561450000
3444732105984
3444866979840
3444949647360
3445092000000
3445230438720
3445543640448
3445645087500
3445664062500
3445722735840
3445777760256
3445960218750
3445968863232
3446007398400
3446220960000
3446453013900
3446575312500
3446582906250
3446711929056
3446857200384
3446965541045
3447023662080
3447324906750
3447537589314
3447924480000
3447969525000
3448170419904
3448584211968
3448843734375
3449025360000
3449520386208
3449560006656
3449628000000
3450195840000
3450248524800
3450276530064
3450498484320
3450600590976
3450871987200
3451000707000
3451897070820
3451908096000
3452066369920
3452722678125
3452977443776
3453103374336
3453192000000
3453545700000
3454204961376
3454219518750
3454245273600
3454352986500
3454366500000
3454738560000
3454840387908
3455015920902
3455294187884
3455332909056
3456000000000
3456085248000
3456649728000
3456921600000
3457480468750
3457662624000
3457792800000
3458145636000
3458534010750
3458698002270
3458707257600
3458880600000
3458890125792
3459050801184
3459233547000
3459234499560
3459494707200
3459535200000
3459600000000
3459755311740
3459856691200
3460649062500
3460824984375
3460983664320
3461041500000
3461148171000
3461446593198
3461486192640
3461511429000
3461749353216
3462193373184
3462229399552
3462775748280
3462915456000
3462998315000
3463341796875
3463400997000
3463891200000
3463969259520
3464046001152
3464127271000
3464208000000
3464859271104
3465000000000
3465028125000
3465113389056
3465598500000
3465931472640
3466251532800
3466392993792
3466525870080
3466734180000
3466797468750
3466806165504
3466976234475
3467700354690
3467889152000
3467989363644
3468773435400
3468818925000
3469260134025
3469394958336
3469650800000
3469741996032
3470244800000
3470358937500
3470849335296
3471008992000
3471055859712
3471287581440
3471607400625
3472376688000
3472434000000
3472435494000
3472455168000
3472652736000
3472875000000
3473303142400
3473374450875
3473720640000
3474148048896
3474360107008
3474437091972
3474900000000
3475373247360
3475526952960
3475880009280
3475907929494
3476049292800
3476183040000
3476273174528
3476550423360
3477196800000
3477224816640
3477339099000
3477412400000
3477513385472
3477951447040
3477971402752
3477976303698
3478204800000
3478413818880
3478441846500
3478493452896
3478701600000
3478722362400
3478740815872
3478864101944
3479000595840
3479040000000
3479954400000
3479970124800
3480804731250
3481123078125
3481669785600
3481963905024
3482210671875
3482417326080
3482521875000
3482761962888
3482851737600
3482900895488
3483340663320
3483988200000
3484339200000
3484531353600
3484780277940
3485027061936
3485099520000
3485235600000
3485535231528
3486725352000
3487263185952
3487416933888
3487432960000
3487836960000
3488011517952
3488729832000
3488794270038
3488953125000
3489426843750
3489884296353
3490593810912
3490740799000
3490785787200
3491275960200
3491632212849
3491983931904
3492028515625
3492412715484
3492828656640
3493376631360
3493601280000
3494106137500
3494140113002
3494141417088
3494224790784
3494468053440
3494857899498
3494922977280
3495029637120
3495188221875
3495224609375
3496343975040
3496388353920
3496437600000
3496469913225
3496513220928
3497377169408
3497725749375
3497894400000
3497913600000
3498536666079
3498697631520
3498837482880
3498861389670
3498908400000
3498976051200
3499200000000
3499380259830
3499524587520
3499776000000
3500470400000
3500538522624
3500658000000
3501066488832
3501316123704
3501352575000
3501510405120
3501852681250
3501896839168
3501986400000
3502119662496
3502484680800
3502533477888
3502903283712
3503363056128
3503554560000
3503616415488
3503779092000
3503837675520
3504209765760
3504477777750
3504488841216
3504793600000
3504881359000
3505317440625
3505382156250
3505548951552
3505600000000
3505662336000
3505844160000
3505947494238
3506429619840
3506493796875
3506531212800
3507058593750
3507080198400
3507510600000
3507527800000
3507755522502
3507914539008
3508736481432
3508876800000
3509322485760
3509395642368
3509575680000
3510632448000
3510972241920
3511122050205
3511340236800
3512136320000
3512318920704
3512468219904
3513538518750
3513549312000
3513597970560
3513746174400
3513840000000
3513846528000
3513962649600
3514596480000
3514658835744
3515200000000
3515382074178
3515541264000
3515580000000
3515860857600
3515919912960
3516323146875
3516562500000
3516573200000
3516864750000
3517089843750
3518257518000
3518526781440
3518873600000
3519282235392
3520000000000
3520690336800
3520721088000
3520833454080
3521021011200
3521214676992
3521484375000
3521600603136
3521654341632
3521685952512
3522128702400
3522193959375
3522279720960
3522524775000
3522845812500
3523548600000
3523652343750
3523753898496
3523918970880
3523956714720
3524034616200
3524263103592
3525301595088
3525849907200
3525906174336
3526387384320
3526568534016
3526632573750
3526712280000
3526819315712
3527774208000
3527934715008
3527946629298
3527992944000
3528000000000
3528209863557
3528859041792
3529293120000
3529300896000
3529542823884
3529691661875
3529794603951
3529831122000
3530131505152
3530251468800
3530362563000
3530666880000
3530730525000
3530907290025
3531114359542
3531277181250
3531556665000
3531608850000
3531615984000
3531801968640
3532035375000
3532366834776
3532390400000
3532581037440
3533039000064
3533146531250
3533195552256
3533414400000
3533587200000
3533823601245
3533982739092
3534000000000
3534344658000
3534420609540
3534615152640
3534640644096
3534664392000
3535034241375
3535599382614
3535621630912
3535970899968
3536055600000
3536095844736
3536216464256
3537080662500
3537188864352
3537216026136
3537271296000
3537548437500
3537585871875
3537652285440
3537698291712
3537895424000
3538212890625
3538957808750
3539564730000
3540061361250
3540418560000
3540635848971
3540646526976
3540902343750
3541141131264
3541205435625
3541618080000
3541992187500
3542895240192
3542940000000
3542981105664
3543147574008
3543339405312
3543523200000
3543824768000
3543884784000
3543948066816
3544040113152
3544106496000
3544215727104
3544416225000
3544453125000
3544587703296
3544845312512
3545715362049
3546110274560
3546403578144
3546522620928
3546564132375
3546630562500
3546769524480
3547266325504
3547862421840
3548447834112
3548772864000
3549483115200
3549935800320
3550000608000
3550014724000
3550120358400
3550141782252
3550259990088
3550575600000
3550584970240
3550667400000
3551146240005
3551352714000
3551554718208
3551856000000
3551965632512
3552013430784
3552070579200
3552751125000
3552911505000
3552924384000
3553320960000
3553401571335
3553445376000
3553647552000
3553708808000
3553882195968
3554313207808
3554822700000
3555328000000
3555355781250
3555713728512
3555772416000
3555773945856
3556224000000
3556668528000
3556892570112
3556929600000
3556955711232
3557517945192
3557763000000
3558217973760
3558504923136
3558528936000
3558746880000
3559611432960
3559987200000
3560247432189
3560519531250
3560622975000
3560795237376
3561106424850
3561489981504
3561752933376
3561855897600
3561989681250
3562275351040
3562414276608
3562526490000
3562640209920
3562847437500
3563169750000
3563732336640
3563939119104
3564060688384
3564733597152
3564843750000
3564950400000
3565449094900
3565783728000
3565802240000
3565848825000
3566384640000
3566822118750
3567255552000
3567592957500
3567895509024
3567967958016
3568072671576
3568222699776
3568435200000
3568448520000
3568572000000
3568821904375
3568937011200
3569144873112
3569378918400
3570099624000
3570286325760
3570336000000
3570406760448
3570467226624
3570471596250
3570796183500
3571021744416
3571052097858
3571200000000
3571699218750
3571789924224
3571814400000
3572100000000
3572104273920
3572137800000
3572165653875
3572464500000
3572688000000
3572771554800
3572869724160
3573156367872
3573173088000
3573346867200
3575003607000
3575232421875
3575636092314
3575672100000
3575753960625
3576086251920
3577400479744
3577497443100
3577949915904
3578064549696
3578643875000
3579342369900
3579478023000
3579586805760
3579662592000
3579718551552
3579732447750
3579854192640
3580135188903
3580269724395
3580299908640
3580583737500
3581411328000
3581875000000
3582274410000
3582412050000
3582691840000
3582979473528
3583770624000
3584387590056
3584620782036
3584673792000
3584680793316
3584761600000
3585319959375
3585389676561
3585427003125
3585455280000
3585708000000
3585823089728
3586026436608
3586167406080
3586260590262
3586627863000
3586797928280
3586883040000
3586898700000
3587074115625
3587080494375
3587101163520
3587226750000
3587411025000
3587503718400
3587639869440
3588046875000
3588121839744
3588601361750
3588821250000
3589294516500
3589511328000
3589541706996
3589984419840
3590022922240
3590132765625
3590436652992
3590476250400
3590500193280
3590582393376
3590649648000
3590939212800
3591026701920
3591580078125
3591904912512
3592227225600
3592541160000
3592552452608
3592698624000
3592862831250
3593224800000
3593813009850
3594269254500
3594375000000
3594673293750
3594976171875
3595305184641
3595468800000
3595737600000
3596615680000
3597246525600
3597333949440
3597538560000
3597863443200
3598013671875
3598890750000
3598927200000
3599121093750
3599302400000
3599495065485
3599914254336
3600185452500
3600450000000
3600640540512
3600676800000
3601373569938
3601553559552
3601731900000
3601937036880
3601955897568
3601989000000
3602235037500
3602658672522
3602720000000
3602798784000
3603000625000
3603177917900
3603193611264
3603824400384
3603834281250
3604260438912
3604269312000
3604975976448
3605112225000
3605184034375
3605405231781
3605469367500
3606126967296
3606295738815
3606495363072
3606790240872
3607027200000
3607058071125
3607145313440
3607394112000
3607503906250
3607625000000
3608030539386
3608801483130
3609165009020
3609723425000
3609860100000
3610678680000
3611332913760
3611558845440
3611768832000
3612421822464
3612479763438
3612500000000
3613282131136
3613305661875
3613351182336
3613388800000
3613483008000
3613575224448
3613650432000
3613921875000
3613996154880
3614004117504
3614106562560
3614404261760
3614520218400
3614668001280
3614751562500
3614842333440
3614899056615
3615070617600
3615091264512
3615430920192
3615466387500
3615468057600
3615552281250
3616013137500
3616027833600
3616374767616
3616804224000
3617059050000
3617120306250
3617138043750
3617185329632
3617197129728
3617525448000
3617556940800
3617626899712
3618021568512
3618076900050
3618295971840
3618459000000
3618775664595
3619086535680
3619538703000
3619606500000
3619625667840
3619898400000
3619966669641
3620339712000
3620708343000
3621303534240
3621388693104
3621406691000
3621544722432
3621621611520
3621704752512
3622165807104
3622449600000
3622836267648
3623202446875
3623768064000
3623857684480
3624514283520
3624639637500
3624788475000
3624948377600
3625022833920
3625084108800
3626448448000
3626466112500
3626767872000
3626847436800
3627074820096
3627417600000
3627636752384
3627877044675
3628457929278
3628480743360
3628497600000
3628695091230
3628838400000
3628986936120
3629524696875
3629699514720
3630000000000
3630765866175
3631003929000
3631032300000
3631195975680
3631681671552
3631749696000
3631996048428
3632812500000
3633224371840
3633397447680
3633481800000
3633545216000
3633804312516
3634859225088
3635200622592
3635357203530
3635622144000
3635807024640
3635914535694
3635925975000
3635958251520
3636235195000
3636328709754
3636363937500
3636486000000
3636583630848
3636585179136
3636745791875
3636893520000
3637127577600
3637151776720
3638833745481
3638998880426
3639068672000
3639767040000
3640000000000
3640655872000
3640684320000
3640767669000
3640918743072
3641000220000
3641042534400
3641616000000
3641699600000
3642028572672
3642785488608
3642822564480
3643149312000
3643208800000
3643627992840
3643669575000
3643687884564
3643915714560
3643920738304
3644559360000
3644851960512
3645685260000
3645972000000
3646207220250
3646557337500
3647119000000
3647187468288
3647766528000
3648027125760
3648326062500
3648355776000
3648367961784
3648563352000
3648674615625
3648728531250
3648796875000
3650292654848
3651158748006
3651291730944
3651362537472
3651373440000
3651429196800
3651479523328
3651513022080
3651575136768
3651731600000
3651827154016
3652486538400
3652530854000
3653442633750
3653986371073
3654047615625
3654942720000
3655125000000
3655952439867
3656495291904
3656858793984
3657124800000
3658057200000
3658118398176
3658203648000
3658241190912
3658403840000
3658413600000
3658439657376
3658560894450
3658645241856
3658884302948
3658929242112
3658971285000
3659069700000
3659282894592
3659484747776
3659493511440
3659584315032
3659997886000
3660564600000
3660661408320
3660803693568
3661038000000
3661214515200
3661311692115
3661517950272
3661572055680
3661625756250
3662100000000
3663057835008
3663322122240
3663588359375
3663593472000
3663636884271
3664281600000
3664325117376
3664531328000
3664562356224
3664775761920
3664940430312
3665147130000
3665385495552
3665454849000
3665670701056
3665839758210
3666286800000
3666361227984
3666547507896
3667095534375
3667319069040
3667356000000
3667503570255
3668083650000
3668224218750
3668371200000
3668729241600
3669257812500
3669385984000
3669412285440
3669494400000
3669578640000
3669646871808
3669688558794
3669776202240
3670280991000
3670659720000
3670705963008
3670885152480
3671468838912
3671506206720
3671577065520
3671583974253
3671923219875
3672046875000
3672211178720
3672337500000
3672789120000
3672999198720
3673170426240
3673376000000
3673508889600
3673715834880
3673906790400
3674033488125
3674049283125
3674850742080
3675375000000
3675382441984
3675437584896
3675653885106
3675659599872
3675718444320
3676216548160
3676355100000
3677020792830
3677146567200
3677274703872
3677650900000
3677778000000
3677844296875
3677987250000
3678222656250
3678762147840
3679169980416
3679603200000
3679962536250
3680269344000
3680413440000
3680501760000
3681172721875
3681277373000
3681386496000
3681482112000
3681663815700
3682133342433
3682173600000
3682616173929
3682800000000
3682939885362
3683405066250
3683767106250
3684542045184
3685122867200
3685264128000
3685504409600
3685825293975
3686400000000
3686783203125
3686860800000
3686918400000
3687061331250
3687136200000
3687273032625
3687396804000
3687936000000
3688312320000
3688436736000
3688672506750
3688810993000
3689269959375
3689277869088
3689395932852
3689933077026
3690264050000
3690326304000
3690389916000
3690693720000
3690778722925
3691445312500
3691445944725
3691634918400
3692190763008
3692626953125
3692992020480
3692999255400
3693472921600
3693627464832
3693808593750
3693915225000
3694084000000
3694453120512
3694669776000
3694701772800
3694878720000
3694953223260
3695014968750
3695155200000
3695207688000
3695793454080
3695872162500
3696676558848
3697334968320
3697570012500
3697807875000
3697856862336
3697880061282
3697917300000
3698107983440
3698187489675
3698716538880
3698924544000
3698989284375
3699220700000
3699383353344
3699880031250
3700073520000
3702637798398
3702706753536
3703047894000
3703984375000
3704439200000
3704772657152
3705302016000
3705513075000
3705625000000
3705747859575
3706012237824
3706407631872
3706419675924
3706477056000
3706678806250
3706699218750
3706762114440
3707301841740
3707963584200
3708105523200
3708145889280
3708415077120
3709072265625
3709190799360
3709388390400
3709888000000
3710585458944
3710628669440
3710965093750
3711030336000
3711141640017
3711397200000
3711673663488
3712263125598
3712576021875
3712650546087
3712872306780
3713160557403
3713252336640
3714025125888
3714228000000
3714419068416
3715363080000
3715388361720
3715682416992
3715891200000
3716586115200
3717900000000
3718148023296
3718366102528
3718446294528
3718559468750
3718668800000
3718676063025
3718729168245
3719029856256
3719614608000
3719637282816
3719746800000
3719761920000
3719928712500
3720087000000
3720178762146
3720278100000
3720515420160
3720597340824
3720786376356
3720825112500
3721687990272
3721991684544
3722169255012
3722179279923
3722444800000
3722540800000
3722640740000
3723504839680
3723636672000
3723679825920
3723736645632
3723875000000
3724027690880
3724575088500
3724716441600
3724751233125
3725007750000
3725598240000
3725890335720
3725932112253
3726213120000
3726307200000
3726795308544
3726800000000
3726941746176
3726973845504
3727354394940
3727500000000
3727764095328
3727880995608
3728060743680
3728181600000
3728924160000
3728971137024
3729053763666
3730024725504
3730500000000
3730563714150
3730584895488
3731117644800
3731510066688
3732118815648
3732183000000
3732253065216
3732480000000
3732572067840
3732894345375
3733020225000
3733181706240
3733225402500
3733475328000
3733997597568
3734088450048
3734446535820
3734757776232
3734900000000
3735591048000
3735604178046
3735651150000
3735885888000
3736242806400
3736254283776
3736298016000
3736368000000
3736445386752
3736622448000
3736645226496
3736913044480
3736985600000
3737309625000
3737374046875
3737619140625
3737838487500
3738808320000
3739948692480
3740038180200
3740079427500
3740191594496
3740546304000
3740620800000
3740652814500
3740755556424
3741344640000
3741567617200
3741777980928
3742200000000
3742222417920
3742239600000
3742846380000
3742998528000
3743285462532
3743416320000
3743437500000
3743551655424
3743721549645
3743875716336
3744108025856
3744204009390
3744334333233
3744502059375
3744593233920
3745632944781
3745801176000
3745850572800
3745994040162
3746000535552
3746068560000
3746248659450
3746275310232
3746786595840
3747131797500
3747496656204
3747774420000
3747837835264
3747926700000
3748133088000
3748631250000
3748800642048
3748902912000
3749036484375
3750251581440
3750667229700
3751024200000
3751038720000
3751087725000
3751095943168
3751167393792
3752062033500
3752697374496
3752840299320
3752885157888
3752885451000
3753181465488
3753666000000
3753792000000
3753906250000
3754133236224
3754611984375
3755105827200
3755142420480
3755372544000
3756320096256
3756614400000
3756988477281
3757020151392
3757363200000
3757703400000
3757955904000
3758309488395
3758336049312
3758350752000
3758367734784
3758451840000
3758563143720
3758689929456
3758732704480
3758755553280
3758885550000
3758906250000
3759127916544
3759745564190
3759912500000
3760203368448
3760668946944
3760672873608
3760787525625
3761123625000
3761479876608
3761847957504
3762000000000
3762462451968
3762563650560
3763292825600
3763583037963
3763584000000
3763826808000
3763907481600
3763951537500
3764161293750
3764798118144
3765475776384
3765820391424
3765833942528
3766014000000
3766044672000
3766045888846
3766112560000
3766137824694
3766427596800
3766500000000
3766695660000
3766781576250
3766863916800
3768014003481
3768055200000
3768826516992
3769173854208
3769228125000
3769347656250
3769411841328
3769628029952
3770000062920
3770048650176
3770182130400
3770308684800
3770571168000
3770578037016
3770589900000
3771877638144
3772313524224
3773544236847
3774094396380
3774125040000
3774957243750
3775345459200
3776122217472
3776206720000
3776298240000
3776453839872
3776959217664
3777200646912
3777215666336
3777536000000
3777709390000
3777746688000
3778213359375
3778557798400
3778620300000
3778790400000
3778894135296
3779047932000
3779136000000
3779592192000
3779813441536
3779928792288
3779985901110
3781008000000
3781117849600
3782683455264
3782742016000
3782961063000
3783336813795
3783829726278
3784179687500
3784704000000
3785073600000
3785236224000
3785499900000
3786115322880
3786311692800
3786555264000
3786711637500
3787318701000
3787646614272
3788161155072
3788288000000
3788306042400
3788337212415
3788645211000
3788677152000
3788689806468
3789382712500
3789407283200
3789416358000
3790295009424
3790595703125
3790669471875
3790669603840
3790688000000
3791181348864
3791424000000
3791462400000
3791483043840
3791512670400
3791650816000
3791911200000
3791921043456
3792247455744
3792900747000
3793021953903
3793107225600
3793131956250
3793267400704
3793785600000
3794039645696
3794180250000
3794229264384
3794290007040
3794377365625
3794590800000
3794621600250
3794633256960
3794677672500
3794886144000
3794947200000
3795079661568
3795764198400
3796100777700
3796229543580
3796284800000
3796416000000
3796527898800
3796632000000
3796882688000
3797086777902
3797241525000
3797385300000
3797783893750
3797866912000
3798354560000
3799803150000
3800024544384
3800028256000
3800714400000
3801392205000
3801928914000
3802080000000
3802345563744
3802976206848
3803184000000
3803214870000
3803270575104
3803938600000
3803960199600
3804084375000
3804087360528
3804143616000
3804602214105
3805041318750
3805156250000
3805156901700
3805285259160
3805401600000
3805827565176
3805957385496
3806217324000
3806610080000
3807232481312
3807534134250
3809309566608
3809369088000
3809845259136
3809996144640
3810040740000
3810240000000
3810628800000
3811445644500
3811752150000
3811789214184
3811867361280
3811984117760
3812066994825
3812411331846
3812605032249
3812671586304
3812928520192
3812992452738
3813178457088
3813188967000
3813248000000
3813724656000
3813779355750
3814050240000
3814076119040
3814145262720
3814209000000
3814453125000
3814470390159
3814695312500
3814709030496
3814941406250
3815125536768
3815289913344
3815610679296
3816243200000
3816350720000
3817792782144
3817861593750
3817965194560
3818550400000
3818820660480
3819231000000
3819357425520
3819429399240
3819679043400
3819814200000
3819844153125
3820124030250
3820202925000
3820252999680
3820281343200
3820307797152
3820654428160
3820750782750
3820927057920
3821239520000
3821425781250
3821468833080
3822074433450
3822612710400
3822729908400
3822822812160
3823229611656
3823652044800
3823696800000
3823838700500
3825538406400
3825577147392
3825798418750
3825853053750
3825881579520
3825891480576
3825969168384
3826040832000
3826212390000
3826270224000
3826370360960
3826375200000
3826727734375
3826757468160
3826900655424
3827330749440
3827969523000
3828580817600
3828930368328
3829219758000
3829777005600
3829841333760
3830428482048
3830526853120
3831432890625
3831624000000
3831867375000
3832466400000
3833258305734
3834015901920
3834511040640
3834517050000
3834774802152
3834877200000
3835397887200
3835460931120
3835462841100
3835800059904
3835988887500
3836236225536
3836912625000
3837158203125
3837195665625
3837216796875
3837721006080
3837921862500
3838088282112
3838182798393
3838513000000
3840766875000
3840879624192
3841202010240
3841354137600
3841399100000
3841600000000
3841827477026
3841972992000
3842023185000
3842183109375
3842289696768
3842322220800
3842375680000
3842596940000
3842754300000
3842997780300
3843446630400
3843472756960
3843567426048
3843923188392
3843984375000
3844000000000
3844051599360
3844158101595
3844722672000
3845472813000
3845994938838
3847351230464
3847528609200
3847810002309
3847820935168
3848014550016
3848290697216
3848747528637
3848760459264
3849143856250
3850031250000
3850146432000
3850327084032
3850685022492
3850723800000
3850755055875
3851046426240
3851066419200
3851116731000
3851164652544
3851507812500
3851695411200
3851750659680
3851840081250
3852317229056
3852635996160
3853310292000
3853910016000
3854043600000
3854105826480
3854286374400
3854327656725
3854451972096
3854929231872
3855268884480
3855640800000
3855735000000
3856394923584
3856459878180
3856499261440
3856896000000
3856986201600
3857096355840
3857184334080
3857329146880
3857515200000
3857868000000
3858633450000
3859184587500
3859403697500
3859475445000
3860027375568
3860164350000
3860419921875
3860752896000
3861224960000
3862011040000
3862382807808
3863002893750
3864463955625
3864704040960
3864748741750
3865049409375
3865441075200
3865441832000
3865689759492
3865939919568
3866035599360
3866646386848
3867095390400
3867099393339
3867855468750
3867924234240
3868570414135
3868697700000
3868807949181
3868890480000
3869005014000
3869307187200
3869497522555
3869735514320
3870196210125
3870251218944
3870252072960
3870529503093
3872252291040
3872727936000
3872816841600
3872816923920
3873752128512
3873833683200
3873847296000
3874008600000
3874204890000
3874472263872
3874504015872
3874679424000
3874752000000
3875000000000
3875364829791
3875728500000
3875929834140
3875976562500
3876438077820
3877075202841
3877714350432
3878214349824
3879191722392
3879279360000
3879480158424
3879519300000
3879572696064
3879605403648
3879786262716
3880362350592
3880650018336
3881200000000
3881601506250
3881834880000
3882114843750
3882178125000
3882247157250
3882813165000
3883013382612
3883396608000
3883548240000
3883930364928
3884156299872
3884344934400
3884390400000
3884599624248
3885026247648
3885166140075
3885341644800
3885571350108
3885692518656
3886361943750
3886580880000
3886657044480
3886841376000
3886945920000
3887490547584
3887623766300
3887833446400
3887862670494
3888640000000
3889061890560
3889127753280
3889287701600
3889580830800
3889624653824
3889639707408
3889870452000
3890658410496
3891022686720
3891163653125
3891228934144
3891240675000
3891432151332
3891800908800
3891898071875
3891919590000
3891977100000
3892188186432
3892660200000
3892809375000
3892828936500
3892838400000
3893175207936
3893671687500
3893906250000
3894103739904
3895134781440
3895379667270
3895443062784
3895593750000
3895622716815
3895873104375
3896877600000
3897143179875
3897434200000
3897534398464
3897697370112
3898063454208
3898125000000
3898324910592
3899192213504
3899532974400
3900075952500
3900793946112
3900935641344
3900952704000
3901160956329
3901198393750
3901500000000
3901724295168
3901935807000
3902366066688
3902385712995
3902648664024
3902742466560
3903357150000
3903681835872
3903750400000
3904276267008
3904705502208
3904765952000
3904885116000
3904937842176
3905000000000
3905310060288
3905953726464
3905980082420
3906148561920
3906734328000
3906961496064
3907500000000
3907559659520
3907612800000
3907935720000
3908615694750
3908714299392
3908936728125
3909175020000
3909490272000
3909493981184
3909715290000
3909966888960
3910229075424
3910365010440
3910368000000
3910892544000
3911119226280
3911807006976
3911846400000
3912980400000
3912983642112
3913583417856
3913669509120
3914127360000
3914381829600
3914770475000
3914803436544
3914918700000
3915358720000
3915406802142
3915480141000
3915594018000
3916000000000
3916046302812
3916416614400
3916686458880
3916800000000
3916995231744
3917010173952
3917096967168
3917367576675
3917611008000
3918100709376
3918107208249
3918480637500
3918745600000
3918775311396
3919486725000
3919881600000
3920073300000
3920209532928
3920395064832
3920400000000
3920655444678
3921137035200
3921227135469
3921328125000
3921994004390
3922811681250
3923437500000
3923951850000
3924017760000
3924364308480
3924747547182
3924821061000
3924910080000
3925565521920
3926470668050
3927049620000
3927134010600
3927685455225
3927805200000
3928481923392
3928568000000
3928998528000
3929341893750
3929471451136
3929710950000
3930357816000
3930792727680
3931003270656
3931200000000
3932160000000
3932325937152
3932945280000
3933403031250
3934395504000
3934488387375
3935131200000
3935163141000
3935360479232
3935500800000
3935655714816
3936161651968
3936256000000
3937179550626
3937248000000
3937332672000
3937406215680
3937500000000
3937764160512
3937880100000
3938131872000
3938240250000
3938696036352
3938919806250
3938975744000
3939021646875
3939117557760
3939394265625
3940161280000
3940444612559
3940536600000
3940766194176
3941102499840
3941307508736
3942226329600
3943173177216
3943543532544
3943948320000
3944000808000
3944074680000
3944363111766
3944733322320
3945460480000
3945880780800
3945968775000
3946403856384
3946406464260
3947056593750
3947520000000
3947533056000
3947679450000
3948223968150
3948272640000
3948389014752
3948589623888
3948651642880
3948951896064
3949461504000
3949829877000
3950142487200
3951076147200
3951406250000
3951763200000
3952398625266
3952610298000
3952661690880
3952797716880
3952808294400
3952912803840
3953381488875
3953409768000
3953410856640
3953968951296
3954006070560
3954013510734
3955027500000
3955078125000
3955305786250
3955409902080
3955476000000
3955690914882
3955830480210
3956065862245
3956144850000
3956472843750
3956680949760
3957693834240
3958039707750
3958358900400
3958606080000
3958732800000
3958912892928
3959154540544
3959718750000
3959839166976
3960000000000
3960396840960
3960560443424
3960605933568
3960684000000
3960783411200
3961575281664
3961669921875
3961743851520
3961861134336
3961981920000
3962054250000
3962112281600
3962187900000
3962227580928
3962336000000
3962711310336
3962840371875
3963053952000
3963080919168
3963746451456
3964312497600
3964549674618
3964776000000
3964868724600
3965182100000
3965315200000
3965839490160
3966124500000
3966177600000
3966330529980
3966505562880
3966551680000
3966920982528
3966984253440
3967389600768
3967551315000
3967712525000
3967819333632
3968000000000
3968147128320
3968383385600
3968745984000
3969000000000
3969392534016
3969681631443
3970185553152
3970412334252
3970576057500
3971016032256
3971318292576
3972071840625
3972151828260
3972466205136
3972627763200
3973059956250
3973337812500
3973642578125
3973939200000
3973971456000
3974668875072
3974690891520
3974789857280
3974846515200
3974877211500
3974941900800
3975138408582
3975421089024
3975750000000
3975844687936
3975956530000
3976000680960
3976497441000
3977424000000
3977574334776
3978062550000
3978426375000
3978486349824
3979932696576
3980304900000
3980344762368
3980696701125
3980830703616
3980960758080
3981312000000
3981683343750
3981871872000
3982010321250
3982026237750
3982388548320
3982920703125
3982970880000
3984486187500
3984677090625
3985621109280
3986041020759
3986233762500
3986256830976
3986259609600
3986718750000
3986965711872
3987119808000
3987375000000
3987468253125
3987509765625
3987950976576
3988013605632
3988404000000
3988438990848
3988439195832
3988893600000
3988950755328
3989374058880
3989418056000
3990029668800
3990277914624
3990469017600
3990533607424
3991328817696
3991376915456
3991692181162
3991812194304
3992142336000
3992430435840
3993260175135
3993302986288
3993375613500
3993494400000
3993677775360
3993714909054
3993766564500
3994042488849
3994421272875
3994500825000
3994838507520
3995521254400
3996015109632
3996269936640
3997084506250
3997685120000
3997922409000
3999291725520
3999408548256
3999744000000
4000043013120
4000476282880
4000866954392
4001504141376
4001545800000
4001726177280
4002117350000
4002207688341
4003084800000
4003318038528
4003345053000
4004004039840
4004260639335
4004753965056
4004785258110
4004844435900
4005578696000
4005625820625
4006077075000
4006679040000
4006797136272
4006904395500
4007464243200
4007520000000
4007657472000
4007718819936
4007838386655
4007842301250
4007855597130
4008603200000
4008724966400
4008863454288
4009451664384
4009568274432
4010325296796
4010869022391
4011170625000
4011366240000
4011428903625
4011579928125
4012829838336
4013019168768
4013071394816
4013913004416
4014489600000
4014748595200
4014784068750
4014834647040
4015000000000
4015332000000
4015440000000
4015709913600
4015824787500
4016619140625
4016752955136
4017342873600
4017399462468
4018030032896
4018655025000
4019229018750
4019274000000
4019531250000
4019743005696
4019832960000
4019919268750
4019992920064
4020040064250
4020344064000
4020451999200
4020861849550
4021257977856
4021388800000
4021711653960
4022185188490
4022731331775
4023260573696
4023646099200
4023672373248
4023867456000
4024024012800
4024310169600
4024944000000
4025004058530
4025036400000
4025131714560
4025289945600
4025364525000
4025742600000
4025974359375
4026242902500
4026314840625
4026727549152
4026802734375
4026912775875
4027031250000
4027098071040
4027238092800
4027335966720
4027491342336
4027605581824
4027717836800
4028320312500
4028916108672
4029607056384
4029609375000
4030312495104
4030528320000
4030726144000
4030738432000
4030893871875
4031078400000
4031368593408
4031535644672
4031538790400
4031661843000
4031741952000
4031984961184
4032966288384
4033292032000
4033692000000
4034050975944
4034075136000
4034184295750
4034416384000
4034438331840
4034700072000
4035142230912
4035147669315
4035228933120
4035261037500
4035277440000
4035559268048
4035837403125
4036016628504
4036064760000
4036124400000
4037017600000
4037163435627
4037423906250
4037723017515
4037881750000
4038656827392
4038896648192
4039218140625
4039241234616
4039285781700
4039480854000
4039760790000
4039905039660
4039927363584
4040039133000
4040650199040
4040652211200
4040893026576
4040930394368
4041206400000
4041785952000
4042274090400
4042377900000
4042889625600
4042912500000
4043031183360
4043128716952
4043319211008
4043671875000
4044515328000
4044523210000
4044722872113
4045252364496
4045270672896
4045518618624
4045780254720
4045890873600
4045987590918
4047125600000
4047563520000
4047608807424
4049311513152
4050000000000
4050407424000
4050720608076
4051139743750
4051227901952
4051246983498
4051496337408
4052246128056
4052339200000
4052600487936
4052755848960
4053251686400
4053375385600
4053712162500
4053728640000
4053742179760
4053790540800
4053883347360
4054095360000
4054759188480
4055740416000
4056000000000
4056314443776
4057143552000
4057280409600
4057317872910
4057432064000
4057905600000
4057951274000
4057952256000
4058318376000
4058578125000
4059018812160
4059618750000
4060253925000
4060287000000
4060938853125
4061311488000
4061371482112
4061650527675
4062013515000
4063232000000
4063263750000
4064027643585
4064256000000
4064356251648
4064942397528
4065020080128
4065062400000
4065141510144
4065178803840
4065480468750
4065662109375
4066204794480
4066724400480
4067401564800
4068213030144
4068845156250
4069191431250
4069333495836
4069682636800
4070274264576
4070845350000
4071206430720
4071821600000
4072057312500
4072148437500
4072428995580
4072531250000
4073073278976
4073155286900
4073296885875
4073981253888
4074516992000
4074798965600
4074864410624
4075255800000
4076055043200
4076233421952
4077373095936
4077445965824
4077594867456
4078303257600
4078622109375
4078653605000
4079283552000
4079331399780
4079862846720
4079881728000
4079926141200
4079966423040
4080113856000
4080327229440
4080484777032
4080586965000
4080842422272
4080909924000
4080940351488
4081371766560
4081463100000
4081466880000
4082061603125
4082259431250
4083072000000
4083167491200
4083582384000
4083607277568
4083750000000
4084219371024
4084716936960
4084792873434
4084826112000
4084838160000
4084911337500
4085164089344
4085361377280
4085669294784
4085718408000
4085937075000
4086482400000
4086515569500
4086575955000
4086929817600
4087177574400
4087915326045
4088055121920
4088062510742
4088286953478
4088384471808
4088722821120
4088847262500
4088932857856
4089216628224
4089479685120
4089648568500
4090151520000
4090179354624
4090416721875
4090764594375
4091046750000
4091351040000
4091736827880
4091795748810
4092095700000
4092155428180
4092381442919
4092559865856
4093091200000
4093781852160
4093872546816
4093943040000
4094287244586
4094377280000
4094504960000
4094779392000
4094833684032
4094982881280
4095134005248
4095737856000
4096555803648
4096709465184
4096718437500
4097080033280
4097134559232
4097508525000
4097588201784
4097714670000
4097742260625
4098133674684
4098175795200
4098191328270
4098477035520
4098542976000
4098583531728
4098637065600
4098731244482
4099003272000
4099197632320
4099312800000
4099425334272
4099513275000
4099803025500
4100062002848
4100089834434
4100129280000
4100458455576
4100625000000
4100633303040
4101221160960
4101279086541
4101510000000
4101540615480
4101696264960
4101850267648
4102222924800
4102333379424
4102928592750
4103008875000
4103787402000
4103915198130
4104000000000
4104030516480
4104413957007
4104633771000
4104896484375
4105111179624
4105673741988
4105882342422
4106246400000
4106607211395
4106700000000
4107891189402
4108198050000
4108398437500
4108975809250
4109097210750
4109227573248
4109612237500
4109837680640
4109933116358
4109982976000
4110202961920
4110714709920
4110827356944
4110920626176
4110927734375
4111138886400
4111192800000
4111990784000
4112015625000
4113018000000
4113281250000
4113678318750
4114387200000
4114497660000
4115059200000
4115293562368
4116243725385
4116924000000
4117002240000
4117032354411
4117324197168
4117497621750
4117980139000
4118135175000
4118244084360
4118291100000
4118667750000
4118881704210
4119862500000
4120210325000
4120536420000
4120829440000
4120873525395
4121478692352
4121480844360
4121511680000
4121521600000
4121658777600
4122045989568
4122154002960
4122316800000
4122572400000
4122597744000
4122613040000
4122658907136
4122905600000
4123000000000
4123030657760
4123120500954
4123273572000
4123463473584
4123636705125
4123772928000
4124472016896
4124950272000
4125379182309
4125398200000
4125712500000
4125733952670
4126594106250
4126938681600
4127268236850
4127840388126
4128421727232
4128548301072
4129492185000
4129544208384
4129587200000
4130272312320
4130402443776
4130710975314
4130954714250
4131004718848
4131049144320
4131313207560
4131532873728
4131581478912
4131600000000
4132059750000
4132209356800
4132324218750
4132485216000
4132865953125
4133165460480
4133599838208
4133672169676
4133675885625
4133872050000
4133875200000
4133939576832
4134068768736
4134207084840
4134419458092
4134791669940
4134867283008
4135195312500
4135710458880
4135743616680
4136159376000
4136358649254
4137000072192
4137512960000
4137735656250
4138788814848
4139942400000
4141278414000
4141437044625
4142445300000
4142447945216
4142615400000
4142647884375
4143036975000
4144593567744
4144887699456
4145717182464
4145734912000
4146400710144
4146845696000
4146854400000
4146934579200
4146966983250
4147200000000
4147280766720
4147413641280
4147467577344
4148028225000
4148662468608
4148813824000
4148886219520
4148928000000
4148936103375
4148938407936
4149044031825
4149330831360
4149718776000
4149730862480
4149751200000
4149765734400
4149938257920
4150004695200
4150437602724
4150922360832
4151547056250
4151688655500
4151882812500
4152066048000
4152627072000
4152885248000
4152919214304
4153110638040
4154008576500
4154115600600
4154514997248
4154941440000
4155033600000
4155074560000
4155330897936
4155597978000
4155844500000
4156097347584
4156280905000
4156686336000
4157075520000
4157109579000
4158033750000
4158158146560
4158855863344
4159151732736
4159831044096
4160033859375
4160156962500
4160371481370
4160450999250
4160565018624
4160622592000
4160749568000
4161154951576
4161292471875
4162222817280
4162314256000
4162673869263
4164066816000
4164193800000
4164812800000
4165447680000
4165545097728
4166287488000
4166497440000
4167136646640
4167494100000
4168136000000
4168155993300
4168588213944
4168702209375
4168828125000
4168919609568
4169186437500
4169515500000
4169786688000
4169904979968
4170122956800
4170356128125
4170362976000
4170971923200
4171056011136
4171235328000
4171721381100
4172546746368
4172752854864
4172951125504
4173025139712
4173431454720
4173598275000
4173939818496
4174676361216
4174708211712
4174817315424
4175084768400
4175097593856
4175363010000
4175899431550
4175930675000
4176057600000
4176418912029
4176633619200
4177272453120
4177761167216
4178231359848
4178432719125
4178525415120
4178826288000
4178851762176
4180186237500
4180314112416
4181212450800
4181270079168
4181582060512
4182642188928
4182807838720
4183184250000
4183252081344
4183502400000
4183740377856
4183999564800
4184141281200
4184356219560
4184494080000
4184591943168
4184653777920
4184715150000
4184984973312
4185060969375
4185312862500
4185618944000
4186570752000
4186705231872
4186958125000
4187159488512
4187328675840
4187551737600
4187800134144
4187830572783
4187970832500
4188176384000
4188278319750
4188503348928
4188818599875
4188942944640
4189091256000
4189359375000
4189531152240
4189621708800
4189753294848
4190127117696
4190340009024
4190634656250
4191264000000
4191432651720
4192095600000
4192256250000
4192381670400
4192578352872
4193437500000
4193785509375
4194068336640
4194304000000
4194966439125
4195039680000
4195092529152
4195425253500
4195798498584
4195848729600
4196059822080
4196088074880
4196168976384
4196625000000
4196812500000
4197441600000
4197520244736
4197901593600
4198633667604
4198860122112
4198895415000
4199066025000
4199474584305
4199647753125
4199731200000
4200000000000
4200216361250
4200430717728
4200747297264
4201022668800
4201060088160
4201154100000
4201602498261
4201646947740
4202136433275
4202278299648
4202291200000
4202309477520
4202539929000
4202680320000
4203286069248
4203414000000
4203749572608
4204473328125
4205061987606
4206427993152
4206552000000
4207460483072
4207500000000
4207542952725
4207715543808
4207837455360
4208089600000
4208198400000
4208293232640
4208350000977
4208485197000
4208765914080
4209278440500
4209466060800
4209605790000
4209624168750
4210019550000
4211367187500
4211438899360
4211479609344
4211495612352
4211730432000
4212082028700
4213028920320
4213123200000
4213245603840
4213620000000
4213755000000
4214026323000
4214129920000
4214920769280
4215011199300
4215214080000
4215625722000
4215642484750
4216246222500
4216308525000
4216317564672
4216387500000
4216417537500
4216792608000
4217067227520
4217147228160
4217210156250
4217275925280
4217515776000
4217732428800
4217935680000
4218032826200
4218795365400
4218937675920
4219009125210
4219095372800
4219429294080
4219552512224
4219902225000
4219994384375
4220170469376
4220269324960
4220407287432
4220467200000
4220570577600
4220916998400
4221000300000
4221617400000
4221855334400
4221909021600
4222232137728
4222249493760
4222458240000
4222482401280
4222874250000
4223016000000
4223043943380
4223144531250
4225126400000
4225494432000
4225751745462
4226114048000
4226191200000
4226777088000
4227416325000
4228400000000
4228587417600
4228616899584
4228746243750
4228769531250
4228841539440
4228911284096
4229620039680
4229770805460
4230097627392
4230144000000
4230576470016
4230705346560
4230756982809
4231019888640
4231264078125
4231598962500
4232054736000
4232137670656
4232322067456
4233045663000
4233125000000
4233644800000
4233740206080
4233834001408
4234032000000
4234305159000
4234314997425
4234716315648
4235000000000
4235138586624
4235364000000
4235629994250
4236204350000
4236228761310
4236299559360
4236529651200
4236875916966
4236876630000
4236916390560
4237207535616
4237312500000
4237532617500
4237606378125
4237620800000
4239269409375
4239301017600
4239704988792
4240371615744
4240381640625
4240588321494
4240669095936
4241304731448
4241702246400
4241900291643
4241913637500
4242353700780
4242424593750
4242538496000
4242944025000
4243029195528
4243224234375
4243282636320
4243318410240
4244201515008
4244884987500
4245696000000
4245756900000
4245913600000
4246076481200
4246110618750
4246494190848
4246732800000
4247580902400
4247866275840
4248010406250
4248504691200
4248510569856
4248608203125
4249247458365
4249907200000
4249941442560
4249976192280
4251139200000
4251347100000
4251428923500
4251528000000
4251632871024
4251746400000
4251935213568
4252111246656
4252319285760
4252327287264
4252505088000
4253032562688
4253361767424
4253704782336
4253804929440
4253873614848
4253876969220
4253948713755
4254093803520
4254271875000
4254316893750
4255332329472
4255374182400
4255505058816
4255584768000
4255597853910
4256031646720
4256657244000
4256818790400
4257096480000
4257100749375
4257186862500
4257487757250
4257604435968
4257930758400
4258160383680
4258207800000
4258495296000
4258636800000
4258774268616
4259732400000
4259874672000
4260000000000
4260435423552
4260733538625
4261009252500
4261097318400
4261412864000
4261551243264
4261651951050
4261681299456
4261775729904
4262209798144
4262471991168
4263321600000
4263363793920
4263501387600
4263736380750
4264081885602
4264134451200
4264147550208
4264484000000
4264650000000
4265352000000
4265387083608
4266493378560
4267013340375
4267162238976
4267425825792
4267938898080
4268294601408
4269079091200
4269246912000
4269315600000
4269583872000
4270318520832
4270358528000
4270451687424
4270668624000
4270837760000
4271211000000
4271238556200
4271284625000
4271730249150
4271896715625
4272298131456
4272823912500
4273764633600
4274304693750
4274863593993
4274995200000
4275027612432
4275031788000
4276004985000
4276212589320
4276386142930
4276566230625
4276800000000
4276813051245
4277300231295
4277646084096
4278040528608
4278308170752
4278318750000
4278538913880
4278675308544
4278715104384
4279081264128
4279386373416
4279430925000
4279594921875
4280098268160
4280205600000
4280366039040
4280433609375
4280640000000
4280723365464
4280800781250
4281303318593
4281457497408
4281702058683
4282436340000
4282540416000
4282784000000
4283136541476
4283264139264
4283414460000
4283471808000
4283875814400
4284150000000
4284613125000
4285854056448
4286884800000
4286957400000
4287048450048
4287451103232
4288100588640
4288221168750
4288262865957
4288306050000
4288627200000
4288960342080
4289011944000
4289350246272
4289837587875
4289904000000
4290295567360
4290762561120
4290985125000
4291259765625
4291422722048
4291638067200
4291854336000
4291889172480
4292016228864
4292834236416
4292867388420
4292937252864
4293273600000
4294015165440
4294033052400
4294521504000
4294701312000
4295421591552
4295500735680
4295617920000
4295645633664
4295720632320
4295770505216
4295869200000
4296192902820
4296644352000
4296763199589
4296777103710
4297305910625
4297342140000
4297728290625
4297881250000
4299152437215
4299767611776
4299816960000
4300421621760
4301237757672
4301571553125
4301608550400
4301658900000
4303000260000
4303175100000
4303240888320
4303400887296
4304009396736
4304016000000
4304157513936
4304295936000
4304339063640
4304893230000
4305160378368
4306348800000
4307153419800
4308066267375
4308219140625
4308385923072
4308436352000
4308571500480
4309232042304
4309245600000
4309706539008
4310213024880
4310695098000
4310850796875
4310860435200
4311513722880
4312025029592
4312224000000
4312432115712
4312566595584
4312621984968
4312845662580
4313049939968
4313250738720
4313615729376
4314009600000
4314109187500
4314193404829
4314236850000
4314607660440
4314690112000
4314871338525
4315143456000
4315162954752
4315259520000
4316800739328
4316846975532
4317107716096
4317499929600
4317675520000
4317958125000
4318327125000
4318419909375
4318423200000
4318444900224
4318481606712
4318617600000
4319117734855
4319128800000
4319200005120
4319477760000
4320145368000
4320468345375
4320854834688
4320871317504
4321800000000
4322568886272
4322682045000
4322852352000
4323098587500
4323331584000
4323384072000
4323600750000
4323716065625
4323813501480
4324482421875
4324500000000
4324694139675
4324845611008
4325589843750
4326112000000
4326400000000
4327186691520
4327213363200
4327962890625
4328121600000
4328270069760
4328469685350
4328521728000
4328747893750
4329251246250
4329310519296
4329327034368
4329331212288
4329386164224
4329422963712
4329595469824
4330383998976
4330723100000
4330846420992
4330953812500
4330998010824
4331082609750
4332000000000
4332064275000
4332109375000
4332228300000
4333157337600
4333496093750
4333624049664
4333640178502
4333643015625
4334882233032
4334882812500
4335007950000
4335928482816
4335953895000
4335966794250
4336431275000
4336558560000
4336675200000
4336927875072
4337285114112
4337412864000
4338400888800
4338444289032
4338561669120
4338730303488
4339008000000
4339531776000
4339704600000
4340324450000
4340460937500
4340470860000
4340544367500
4340962631250
4341971589120
4342088159136
4342530797514
4343046364965
4343081004192
4343633795072
4344549838317
4344686074080
4345061616000
4345537787136
4346254983168
4346531280000
4346939520000
4347021296640
4347358400000
4347528412032
4348089123840
4348116816120
4348402953000
4348618650000
4348622061000
4348654387200
4348750000000
4348750744800
4348897439040
4349030400000
4349059993600
4349417140224
4349517217344
4349579520000
4349935263744
4349962656000
4350027400704
4350411520000
4351386076884
4351467582000
4351506932448
4352400000000
4353156061184
4353184235520
4353197506560
4353452453610
4353496647552
4353564672000
4353831366444
4354061893632
4354985250000
4355049036800
4355602392064
4355955394560
4355975347425
4356330530496
4356387360000
4356787763250
4356919039410
4357161600000
4357217405604
4357705660272
4358099635200
4358259675000
4358406690000
4358480501250
4358848000000
4358914560000
4359096000000
4359271167360
4359375000000
4359960900000
4360194562500
4360500000000
4361420800000
4362034124800
4362423439176
4362428644236
4362574233600
4362828288000
4363482234000
4363686772736
4363744000000
4363790174208
4363904388096
4363996082688
4364057600000
4364094950250
4364507812500
4364582132064
4364942704640
4365410156250
4365515894355
4365536175000
4365656017632
4365946200000
4366035820800
4366320795648
4366943945000
4367343750000
4367423948800
4368085066800
4369405270464
4369448853000
4369562143488
4369917786624
4369939200000
4370101372000
4370641526160
4370895648000
4371532790625
4371653763750
4372403490000
4372814160000
4373403125000
4373600749056
4373698560000
4373795456000
4374440017920
4375143168000
4375822500000
4376104258500
4376645154630
4376888006400
4377280512000
4377511821312
4377632550912
4377645416448
4377707980800
4377819446784
4378105851000
4378422988800
4378474237500
4378783704750
4379203820160
4379277000000
4379673863916
4380199649280
4380480000000
4380705658602
4380774451200
4380833218560
4382026629120
4382305200000
4382375734516
4382588436480
4382599773888
4382716800000
4383037024800
4383470718750
4383987300000
4384549177344
4385043000000
4385214812160
4385366475000
4385390625000
4385830095360
4386285682688
4386386608128
4386560062500
4386582569889
4386974596200
4387500000000
4388280658749
4390659973744
4390883640000
4390936948125
4391076096000
4391276793750
4391719200000
4391997463200
4392793689984
4392861696000
4392995755500
4393055072448
4393125000000
4393260223149
4393323544680
4393827462143
4393968768000
4394198925312
4394342712320
4394412933120
4394426580000
4394531250000
4394790400000
4395076119000
4395217102848
4395257247744
4395937500000
4396427685000
4397509656576
4397730914304
4397778075648
4398044413952
4398314946560
4398443212800
4398688800000
4399007709852
4399021550000
4399052578125
4399272000000
4400053736832
4400782882848
4400827200000
4400862921000
4401276264000
4402018257760
4402067927040
4402102950000
4402139446656
4402257592320
4402731712500
4402781345088
4403481600000
4404116784375
4404567518208
4404686343750
4404898713600
4404945893400
4405043270250
4405525617920
4406032800000
4406320232496
4406626993860
4406678154368
4406778475351
4407382717920
4407984230400
4408210667520
4408236000000
4408444620489
4408588800000
4409866800000
4410829080000
4411061946368
4411395421875
4411459857792
4411616400000
4411928529855
4412287687500
4412288902500
4412350609920
4412436525000
4412953203750
4413413156250
4413884203008
4414519980000
4414582601856
4414860450000
4415172489000
4415192694784
4416530235000
4417647808000
4417798275072
4417830243750
4418025761925
4418494080000
4418659123200
4419542163816
4419939363840
4420406250000
4420538496000
4420635878750
4421237286375
4421267193600
4421458483200
4421494799064
4421589120000
4421700000000
4421927462400
4421935546875
4422065356800
4422101562500
4424403707339
4424455912500
4424859648000
4425531843600
4426029858816
4426426414080
4427083865646
4427145289728
4427173485504
4427438400000
4427968301568
4428139622400
4428288000000
4428934467510
4429185024000
4429211904320
4429404000000
4429687500000
4429855980000
4429968750000
4430115112500
4430400758784
4430520281250
4430855520000
4431468673800
4431967312500
4432118029092
4432612275000
4432637843200
4433045760000
4433153276160
4433361968448
4433510400000
4434041443104
4434699829248
4434746112000
4434828027300
4434896704000
4435966080000
4435968000000
4436775000000
4436853894000
4437084015000
4437500760000
4437729580128
4437824987610
4438433003008
4439040000000
4439214871875
4440029997312
4440505625600
4440652971552
4441376407552
4441477518464
4441806720000
4441838100000
4441987200000
4442190942000
4442584320000
4442605719552
4443144192000
4443538176000
4443677736960
4443895543626
4444263936000
4444642160640
4444717432320
4444888910616
4445332031250
4445508996747
4445852413149
4445919297120
4446666132480
4446897431490
4447044175000
4447087416548
4447203750000
4447322880000
4448131153920
4448215070208
4448231424000
4448387174400
4448504610816
4448554256250
4448925000000
4449343094784
4449405937500
4449910500000
4450195312500
4450495795200
4450662956250
4450778718750
4451232614400
4451391479808
4451437799424
4451862476880
4451934928896
4452190550496
4452422083200
4452764623872
4453158112500
4453294640256
4453574400000
4453674762240
4454361759744
4454923898880
4455000000000
4455026688000
4455075860480
4456448000000
4456811368625
4456903412500
4457093776128
4457190786048
4457229660000
4457372465000
4457628000000
4457849088000
4458240000000
4458330078125
4458714624000
4458981359616
4459355208000
4459869386280
4460585691744
4460979600000
4461431091390
4462689893376
4462786105344
4462789760000
4463008450560
4463084033280
4463444291229
4463495229375
4463676590625
4464000000000
4464558000000
4464585216000
4464839232000
4465580625000
4465675468800
4465843200000
4465964443500
4466291488512
4466761777152
4466765987840
4467034423296
4467856506880
4468205807616
4468513996800
4468566300000
4468833229056
4469494081536
4469544334500
4469819200000
4470046205625
4470511937500
4470681600000
4470958800000
4471088638464
4471502484456
4471651860480
4471677517824
4471740000000
4471871803875
4471977600000
4472580687120
4472706151875
4472718750000
4472825273928
4473856000000
4474023400000
4474698142464
4475320368750
4475481488928
4475504137500
4475797143552
4476176561577
4476176640000
4476347875328
4477575506250
4478566400000
4478909546496
4479500000000
4479882103125
4480842240000
4481017200000
4481299468800
4481746993152
4482005070816
4482202262400
4482266795832
4482278862160
4482879551514
4483180391424
4483213350000
4483497410350
4484002406400
4484231331840
4484530176000
4484538934848
4484549836800
4484648437500
4484837237760
4484942429058
4485116067840
4485425768208
4485509784000
4485611520000
4485796875000
4486029900625
4486121646336
4486444848648
4486618145625
4487111731200
4487336755200
4487480524800
4487883563520
4487906157625
4488028446720
4488045816240
4488095313000
4488312060000
4488674016000
4488783377400
4488964480000
4489221242880
4489779962500
4489844198400
4490284032000
4490299029888
4490330521600
4490640000000
4490676450000
4490794484448
4490849433600
4491813652480
4491837504000
4492465859574
4493043302400
4493322900000
4493472399360
4493609533440
4493813428125
4494007992320
4495299396480
4495317750000
4496307402951
4496558157000
4497292800000
4497329304000
4497662710125
4497681905262
4497715200000
4497997824000
4498683494400
4499633772144
4499712000000
4499892817920
4500301897728
4500434400000
4500604800000
4500846000000
4500975323691
4501200000000
4501608472764
4501692159048
4501739025000
4501875000000
4502164875000
4502334375000
4502382018750
4502421296100
4502486250000
4502895722496
4503365271496
4503470400000
4503732793344
4503763184625
4503972397375
4503992014080
4504649677056
4504687500000
4504934154240
4505600000000
4506068359375
4506163200000
4506233600000
4506276033000
4506483631104
4506906894336
4507200000000
4507843556304
4508010461097
4508487801090
4508652855168
4509457819776
4509678600000
4509971386074
4510038196224
4510764308736
4511052000000
4511319343104
4511456261275
4511694677028
4511729386800
4512444588288
4512673855872
4513087881216
4513348350000
4514166142200
4514361271875
4515603840000
4516300800000
4516317658125
4516602663920
4517177087500
4517268912000
4517495193600
4517721600000
4518005327200
4518150273000
4518182592000
4518623046875
4518719529984
4518864080640
4518872583696
4519335072000
4519561331232
4520034792000
4520079630679
4520468459520
4520544000000
4520649722400
4520986903125
4521099807000
4521468542976
4521496412160
4521558816000
4521683250000
4521906810000
4523073750000
4524356523375
4524769245696
4524791445504
4524843828960
4525530476544
4526496000000
4526545275000
4527600351232
4527707258880
4527772204032
4528062000000
4528960425000
4529083307616
4529571840000
4529848320000
4530182279714
4530214361322
4530322420992
4530338043462
4530410156250
4530642854400
4530717130752
4531278542400
4531788800000
4532198178816
4532352768000
4532364902400
4532371925760
4533310546875
4533441412500
4533623980032
4533733721088
4534344360000
4534481977344
4534566912000
4534612346880
4535600929200
4535709696000
4535983081332
4535990928000
4536000000000
4536233670150
4536432864000
4536490033152
4537104482304
4537398067200
4538307347937
4538334528000
4538740506624
4538743123320
4538894745600
4539067635375
4539316764672
4539602089440
4539638908928
4540004176554
4540513536000
4540639950000
4540800552960
4540957500000
4540989440000
4541030219880
4541644800000
4541724983040
4541856612352
4542011801600
4542255390645
4542616968750
4542855905280
4543076160000
4543338387456
4543627213125
4543661473792
4544000778240
4544018846720
4544075399168
4544100000000
4544146388943
4544415960750
4544965361664
4545293993750
4546004654898
4546294185984
4546357200000
4546439720900
4546773000000
4546809905625
4546854078000
4547198462625
4547296624640
4547675137500
4548519806571
4548583984375
4548722688000
4548957390688
4549048590996
4549130859375
4549194337779
4549883481362
4550088611250
4550173056000
4550386553856
4550709600000
4550809572036
4550855400000
4551037201152
4551260313600
4551909375000
4551966720000
4553006008320
4553698500000
4553916675000
4553936640000
4554534991050
4554586968750
4555151023104
4555475452296
4556623002624
4556708352000
4557000000000
4557106575000
4558213440000
4558216223808
4558234187500
4559603761152
4559661743328
4560033907200
4560715413684
4560854512500
4561933921328
4562314453125
4562580275000
4562707968000
4562777640960
4563774841472
4564203171840
4564215661257
4564611072000
4564750000000
4565037818880
4565143800000
4565195183250
4565367056250
4565608173000
4565663567500
4566284637696
4566533013504
4566672000000
4566874411008
4568115234375
4568555520000
4569370880256
4569552355328
4570619114880
4571136000000
4571707392000
4571778816000
4572372036960
4572754560000
4572859536000
4573040640000
4573060197219
4573147590144
4573195200000
4573848400000
4574480393790
4574780437500
4574997357500
4575312500000
4575794087592
4575826760400
4576099033800
4576251904000
4576297500000
4576613628125
4576860288000
4576897437840
4576965069600
4577126400000
4577290547200
4577627298816
4577804224000
4578373800000
4579196727168
4580068308480
4580406396720
4580752490496
4580799300000
4581143729136
4581260800000
4581597656250
4581857689600
4581941575680
4582363742208
4583228910624
4583325696000
4584148836300
4584176278528
4584195000000
4584602880000
4584662775000
4584986815500
4585123200000
4585351680000
4585762599696
4586471424000
4587387374592
4587953906250
4588164000000
4588324650000
4588382453760
4588485305625
4588779195000
4589382758400
4589445120000
4589471331900
4589618513920
4589647920000
4589949682500
4590421875000
4590432000000
4591463032800
4591917647744
4592332800000
4592705495040
4592748600000
4592973206250
4593456000000
4593663360000
4594193450000
4594218750000
4594296981120
4594331502000
4595270685200
4595713959375
4595729600000
4595804116992
4595809600512
4596241890240
4596402192384
4596433209000
4596679209375
4597222500000
4597664198400
4598000000000
4598050848768
4598452684800
4600080652608
4600331366400
4600416600000
4600510992000
4601420460000
4601502675000
4601985103872
4602044989440
4602079769625
4602325893120
4602427593750
4602791841516
4603324727296
4603411507200
4603630237500
4604387328000
4604461854720
4604475552768
4604723200000
4605216000000
4605265207296
4605826039808
4606318080000
4606768044032
4607442944000
4607705088000
4608979200000
4610196000000
4610216832000
4610545920000
4610605418496
4611597336360
4611987210240
4612067734912
4612504780800
4612645440000
4612713600000
4613468669082
4613734400000
4614198750000
4614722000000
4614867673472
4615665804288
4615884984375
4615950592000
4617034331040
4617245952000
4617789062500
4618521600000
4618648387584
4618691529075
4619501568000
4619652496875
4619821450400
4619912968352
4619995968000
4621093750000
4621232000000
4621668710400
4621722806250
4621962515625
4622312240000
4622540425272
4622622048000
4622634979300
4622745600000
4623091200000
4623985818192
4624220160000
4625143649280
4625406720000
4625786880000
4626017578125
4626078912000
4626087616800
4626585879552
4626752292864
4626972672000
4627799113728
4628515627008
4628809867500
4629037056000
4629509406720
4630453370000
4631138432064
4631165934500
4631382562500
4631627520000
4632582789296
4632813900000
4632902071875
4633024594905
4633096320000
4633200000000
4633501218750
4634009600000
4634049135744
4634060544000
4634127302175
4634954480250
4634969112576
4635131904000
4635236615625
4635560781250
4635933120000
4636448957952
4636735488000
4636922609664
4637188294200
4637555696592
4637606400000
4637885091840
4637922462000
4638268800000
4638375000000
4639267353600
4640328000000
4640551731200
4640831443512
4641072975000
4641090383475
4641129511200
4641248700000
4642049298432
4642284496962
4642493099868
4643397027066
4643682617184
4643702784000
4643802316800
4644603021240
4644864000000
4645348337718
4645678708125
4645737234432
4645785600000
4646025288576
4646702749248
4646929315644
4647380308704
4648336000000
4648912127496
4650000000000
4650108750000
4650606056250
4650746676030
4650982970445
4651046400000
4651205214208
4651234585344
4651725693384
4652456319108
4652711568765
4652812064250
4653111260160
4653231308800
4654123246080
4654381049600
4655034613600
4655200000000
4655223705600
4655297995803
4655320750080
4655978575872
4656554240000
4656661954560
4657362919650
4659130368000
4659192993675
4659394325250
4659550728000
4659769822500
4659810532664
4660075929600
4660250962500
4660253938368
4660272559125
4661648680640
4662288691200
4662576576000
4662899923968
4662987264000
4663089561600
4663210675200
4663231119360
4663897056000
4665148519560
4665439350000
4666368000000
4666477132800
4666531753125
4666874268672
4666979745792
4667299906500
4667544000000
4667631808000
4667982421875
4668058169775
4668334712496
4668470100000
4668680540160
4670265600000
4670294720000
4670303508000
4670372520000
4671700992000
4672082201600
4672327946832
4672512000000
4672649721600
4673390432256
4674119167872
4674371328000
4674458880000
4674747260178
4674803466240
4675025841696
4675047725250
4675099284375
4675182769152
4675239493120
4675325062500
4675702100000
4675816018125
4676042621250
4676078125000
4676680800000
4677007363336
4677197172480
4677394822800
4678355073938
4678712846262
4678857582336
4679106828165
4679185422384
4679264666142
4679434240000
4679700480000
4679809924608
4679844645420
4680000000000
4680204883200
4680843264000
4681861696512
4681953674496
4682022912000
4682421370880
4682500669440
4682518147944
4682608164864
4682681321472
4682844137790
4682957944896
4683356803125
4683470837760
4683483244800
4683609216000
4683621856000
4684095464832
4684125600000
4684575168000
4684797294080
4685040949248
4685128918750
4685489172000
4685538150000
4686238234944
4687176098904
4687440000000
4687500000000
4687542754944
4687828877312
4687869346875
4688200073216
4688334037125
4688381005056
4688430862500
4688557552000
4688950178367
4689153000000
4689453125000
4689985536000
4690077541875
4690539360000
4690600099840
4691010024000
4691476831860
4691555633856
4692054311113
4692198562272
4692294921875
4692436962768
4693122141120
4693233413376
4693882284000
4694694681600
4694732787888
4694759387136
4694832462600
4695298059375
4695312500000
4695539122176
4696123046875
4696699700000
4696984793088
4697127750000
4697477120000
4697499492576
4697922009375
4698203125000
4698362411820
4698444441600
4699017767808
4699981313118
4700061721440
4700592000000
4701139084125
4701346650000
4701849845760
4702017600000
4702208000000
4702283040000
4702924800000
4703452959744
4703662080000
4704024757223
4704279818076
4704480000000
4704898348800
4704939421875
4705513368192
4705734528000
4706158591512
4706263016000
4706392805268
4706440200000
4706747606016
4707105894400
4707640700000
4707804543750
4708235109375
4708811800000
4709184480000
4710327890625
4710334464000
4710923255808
4710996854784
4711219200000
4711580172288
4711764801660
4711854551040
4711938739200
4711977930240
4712000000000
4712529684096
4712560812720
4712727663000
4712885856000
4713005187072
4713029296875
4713222546270
4714214529024
4714719065496
4714740800000
4716107550000
4716299460600
4716781162500
4716817864704
4717303618599
4717531872144
4717617187500
4717617995475
4717856376288
4718291015625
4719419640000
4719479095296
4719709481760
4719867909120
4720318856071
4720567299840
4720812543216
4721199022080
4721203125000
4721279637438
4721448379375
4721500808640
4722157440000
4722354000000
4722432295680
4722503071104
4722524979200
4722656250000
4722912000000
4723275375000
4723594444800
4723699092480
4723949278125
4724196765344
4724450517600
4724452540416
4724808096960
4725050809248
4725154621440
4725467302400
4725840709422
4725937500000
4726424356864
4727101512960
4727400038400
4727462952960
4727924619264
4728408300000
4728696827904
4728701328750
4728840750000
4730212500000
4730361403392
4730918400000
4731308288000
4732889616000
4733030400000
4733334144000
4733356642560
4733518101760
4733523325440
4733540132256
4733679986784
4733921424375
4734223200000
4734454725000
4734899400000
4735766156688
4735806513750
4735866175488
4736054016000
4736094105600
4736271993750
4737148865568
4737191853240
4737860812800
4737868761780
4737932563896
4738500000000
4739390838000
4739702971014
4739901304320
4740039760896
4740779613375
4740838588416
4741341440000
4741764607800
4742535744000
4742572800000
4742786580480
4743151429632
4743357260256
4743905593560
4743992800000
4744673230848
4744705248000
4745125972125
4745214849375
4745286929475
4745639165952
4746093750000
4746193387776
4746375069696
4746473883648
4746996576252
4747279034694
4747843985192
4748017139712
4748750899200
4748923486944
4750035320000
4750318669824
4750358609920
4750711680000
4750733531250
4751786167884
4752411142500
4752550400000
4752594000000
4752978129536
4754465100000
4754801142000
4754803200000
4754950249500
4755590400000
4755605658944
4755760128000
4755762825000
4755843365625
4755893380128
4755960825000
4756140900000
4756350025728
4756446127125
4756513732608
4756752000000
4757341564872
4757913600000
4757931360000
4759078735125
4759578214875
4759688134656
4759905360672
4760622968832
4760894880000
4761362325888
4761402797144
4761711360000
4761955968000
4762220692992
4762265625000
4762850400000
4763174997625
4763279130624
4763584000000
4763593303875
4764089925000
4764100815936
4764181497768
4764375000000
4764784500000
4765729893750
4766486208750
4766976562500
4767628778388
4767681578400
4769626021875
4769856000000
4770375180480
4770808289280
4771020800000
4771467822879
4771540107264
4771796400000
4772151853056
4772240977680
4772417836032
4772456493200
4772637364000
4772701807104
4773050185176
4774181575680
4774286749050
4775011684352
4775121554112
4775351679000
4775436000000
4775681659392
4775830585344
4776836041350
4777355700000
4777987500000
4778104762080
4778373600000
4778412385500
4778528515200
4778848419840
4779037014570
4779335012760
4779574391088
4780569337500
4780597715712
4780756417536
4781136119040
4781145600000
4782390792192
4782461460480
4782531600000
4782551040000
4783214700000
4783234613248
4783519825920
4784931858432
4785027416064
4785095000000
4785726022000
4786162960410
4786603794000
4786843687500
4787221257000
4787248870656
4787301667200
4787532864000
4788035602560
4788191232000
4788900000000
4789206550016
4789525800960
4790016000000
4790054880000
4790483775000
4790750737500
4790843366400
4790845440000
4790966400000
4791150000000
4791600000000
4792359006000
4792500000000
4792714831872
4792897725000
4793569378304
4794163200000
4794247359000
4794373172736
4794391461888
4794632550400
4794967756800
4795198284096
4795387871232
4795496939520
4795746075648
4797017096192
4797165993984
4797731250000
4797911664000
4798560469059
4799021230080
4799805050880
4800247270000
4800650800000
4800854054016
4800958593750
4801428869328
4801831426584
4801835975625
4802033914434
4802182640640
4802980050000
4802997738240
4803392868120
4803737182839
4803747225375
4803755507712
4803769994400
4804089937920
4804258148352
4804602485760
4805112375000
4805195203125
4805903340000
4805961650000
4806176145408
4806535458816
4806841016250
4806879593472
4807331223552
4807978560000
4808615849856
4809369600000
4809406063986
4809410761500
4809697368000
4810018187520
4810450194648
4810603932000
4810999050000
4811425781760
4811428823040
4811957280000
4812231060000
4812963840000
4813356278115
4813406208000
4813475251200
4813808032800
4813895913750
4813962262200
4814359790625
4814477015040
4814687500000
4815923223384
4816969735500
4817387520000
4817696251500
4817740882500
4817857968000
4818562500000
4819101635971
4819129509833
4819668750000
4819812940800
4820493654480
4820497920000
4820574847725
4820624076800
4821044921875
4821480417600
4821752033280
4821913600000
4822716749984
4822745400000
4822827075000
4822850725000
4822929506304
4823322614208
4823547300000
4824394531250
4824705600000
4824762624000
4825034219460
4825138437000
4825205437500
4825751757463
4825833126912
4825995116544
4826142000000
4826250000000
4826622226188
4826622255000
4826742732288
4827358265625
4827716440092
4828635504000
4828896000000
4829479200000
4829634779136
4829932800000
4830347934720
4831396946766
4831400989800
4831764480000
4831838208000
4832424899460
4832655899148
4832852850000
4833851473920
4833869238000
4834468800000
4835288150000
4836113100000
4836256267500
4836633984000
4836661659648
4837169392900
4837181352960
4837590407160
4837604087250
4837892392960
4838296320000
4838451200000
4838519347200
4839309619200
4839366262500
4839703824384
4840000000000
4840315363800
4841021154900
4841037500000
4841376400000
4841786497536
4841909780480
4842068115456
4842143905104
4842177203178
4842190160640
4842332928000
4842926965800
4842928299384
4843292590080
4843471565625
4843589498880
4843657436436
4843799367680
4843929600000
4844879325000
4844912292675
4845080635434
4845377130048
4845547597275
4846080669696
4846323695616
4846478966784
4846790737920
4847142938040
4847377024800
4847550400000
4847886047592
4847901300000
4848081638400
4848485250000
4848648000000
4849031734272
4849350198030
4849399125000
4849465870080
4849556963328
4849732828395
4849930566000
4849977683200
4851837900000
4852304061696
4852486766592
4852788732000
4853136218112
4853516456250
4853766728265
4853833468704
4854431185800
4854754471875
4855816265625
4856282809560
4856420142432
4856548640625
4856832000000
4856964187635
4857036800000
4857047318144
4857115648320
4857837649920
4857955534080
4858118015625
4858145740800
4858578173952
4858682400000
4859008995456
4859430174720
4859529707875
4859555710464
4859802614016
4861296000000
4861437235200
4861609627000
4861619831250
4862025000000
4862049634260
4862076450000
4862624399360
4864036167680
4864050843750
4864290189165
4864490615712
4864751136000
4865062500000
4865392640000
4865700294000
4866036170625
4866048000000
4866469009920
4866656256000
4866732288000
4867170592704
4867285303296
4867589600000
4869132025856
4869541528800
4869660672000
4869724860000
4870492913664
4870600834176
4870656000000
4870877440000
4870983955968
4871256845000
4871958174720
4872063487500
4872095078400
4872187412480
4872372762177
4872383948250
4872841578000
4873500000000
4873623046875
4874688000000
4875094940625
4875314400000
4875384256512
4875992432640
4876219180800
4876676928648
4876852147200
4877345281250
4878310830030
4878485184375
4878881570816
4879139328000
4879445753376
4880749825161
4880881877760
4880937600000
4881358080000
4881384000000
4881415492800
4881498161400
4881607486371
4881637575360
4882167675000
4882406144000
4882442158080
4882475103025
4882865006250
4882971744000
4883598720000
4883742720000
4884100000000
4884329922560
4884919650000
4885032796875
4885253319375
4885655384064
4885704339768
4885708800000
4886661334464
4886862840000
4887037118600
4887067820544
4887100102080
4887786344280
4889189175552
4889758758720
4889808000000
4889847690000
4889960119296
4890727283904
4890778200000
4891587174639
4891924125000
4891953322125
4892236185600
4892255274816
4892343750000
4892659200000
4892692492800
4892892168192
4892918078392
4892977287000
4893041491968
4893094282752
4893136998750
4893433600000
4894136943750
4894212960000
4894881565056
4894943695488
4894954094592
4895057878515
4895291785216
4895897626500
4896631554048
4898080000000
4898176684128
4898372476032
4898469139245
4898566471680
4898880000000
4899132363762
4899334422528
4899483942912
4900389912576
4900583446528
4900816156250
4900871846808
4901727936000
4901989640625
4902006325248
4902114567168
4902211209216
4902867315801
4903360272000
4903754618880
4903983000000
4904268595200
4904296875000
4904976384000
4905372745728
4905893672064
4906283305280
4906522252800
4906736640000
4907927270400
4908917513250
4909143697920
4909309295616
4909564800000
4910131598125
4910154898572
4910586513816
4910602404240
4911206755000
4911689475000
4912138687500
4912620503040
4912957421568
4913019229184
4913051480064
4913112996000
4913261718750
4913684015625
4914186900480
4914766368000
4914923832000
4915361138688
4915710937500
4916081775000
4916181600000
4916364043500
4916549137500
4916753425899
4916990848000
4917248000000
4917728200000
4917994380000
4918172442624
4918953926250
4919037158784
4919194577136
4919244644160
4919376000000
4919547709440
4920078515625
4920170250240
4920519888000
4920584584068
4920635328125
4920770155392
4921280000000
4921782281625
4922205200640
4922287878144
4924836619776
4925078125000
4925369082375
4925627313750
4925816568750
4926686625000
4926873600000
4927001953125
4927456800000
4927829550000
4928966471520
4929429415680
4929779957760
4930001010000
4930410500000
4930506748376
4930556400000
4930916652900
4930980183360
4931191609344
4931756983296
4931985712500
4932005760000
4932237173760
4932436781250
4933004820480
4933008080325
4933055920000
4933423939584
4933486559232
4933537284375
4933539400608
4933837389824
4933985420000
4934039961600
4934390118400
4934990904192
4935340800000
4936826880000
4937143266000
4937678109000
4938574924800
4938641337721
4938883891200
4938941700000
4939200000000
4939408434240
4939492470462
4940316240444
4940481780000
4940684100000
4940873437500
4940997146100
4941010368000
4941729547776
4941892901232
4941969408000
4942186956504
4942265625000
4942352056320
4942401300000
4942507588200
4943238922240
4943473790976
4943531250000
4944460633875
4944522756096
4945429687500
4945891332096
4945981145625
4946594439168
4947198345216
4947948625500
4948406304768
4948899243750
4949495359375
4949882099712
4950000000000
4950880743204
4950930600000
4951072000000
4952179814400
4952326417920
4952365818750
4952567812500
4952713199616
4952734875000
4952920000000
4953053593600
4953129013224
4953389137920
4953681734400
4953851148960
4954294800000
4954423968000
4955375880000
4955390622000
4956085905750
4957029309375
4957299362700
4957913162475
4959662400000
4959752422800
4960116000000
4960370800000
4960612800000
4960932480000
4961100150000
4961156428800
4962330945000
4962892340016
4963369709375
4964944314368
4965000300000
4965189785325
4965477334272
4965582756420
4965784704000
4966328899584
4966334977500
4967464320000
4968409600000
4968596514375
4968975974400
4969276361280
4969805859920
4969853784000
4969910120448
4970000000000
4970000851200
4970020613600
4970168501760
4970818958336
4971564382400
4971604736007
4971684427776
4971898880000
4971984934293
4972013280000
4972269797376
4972355856000
4972382994432
4972445489375
4972738314240
4972898810880
4973012659296
4973105808000
4973107937280
4973847726852
4973849100288
4974039900000
4974649344000
4974823526400
4975010381250
4976028760716
4976038379520
4976158420864
4976200947600
4976958937500
4977360300000
4978288258048
4978332245250
4978663463424
4979034178560
4979145600000
4979677034976
4980868200000
4981505163264
4981616640000
4981672378368
4981730688000
4981824000000
4982697787392
4982821038720
4982863392360
4983079500000
4983456006144
4983492187500
4983714843750
4985360479008
4985548994790
4986099210456
4986598256640
4986625628160
4986717573600
4986772570000
4987185491456
4987494400000
4987532214504
4987537086000
4987674075232
4988186851401
4988343270240
4989061693440
4989161022120
4989184200000
4989221144320
4989225271296
4989258792000
4989407166432
4989652800000
4989910708224
4990781250000
4990930560000
4991250000000
4991628732860
4991719516875
4992063166464
4992097219200
4992445777644
4992669412500
4992938496000
4993655832000
4994157772800
4994267578125
4994401568000
4995439257600
4995476029440
4996037475000
4996174626144
4996175730000
4996662208272
4996945149952
4996992631722
4997032560000
4997130485760
4997200000000
4997235600000
4997464809750
4998100418560
4998115655680
4998175000000
4998252948480
4998400856064
4998537216000
4999108100096
4999114656900
4999680000000
5000000000000
5000889639600
5000940000000
5000945983488
5001083692990
5001151039668
5001600565248
5001880176720
5002017613824
5002157721600
5002237802250
5002924696875
5003622001664
5003708160000
5003744025600
5004147548160
5004888000000
5006055544875
5006149312500
5006500000000
5006520752688
5006723907584
5008685455872
5008819200000
5009317969708
5009330304000
5010045665625
5010271200000
5010337574424
5010408741888
5011079317860
5011115655168
5011260000000
5011421528064
5011795869696
5011847400000
5011875000000
5011885148160
5012133149184
5012377614153
5012419872096
5013013266432
5013211500000
5014230498144
5014383367500
5014831500000
5015306502144
5015768576000
5016502665216
5016521801728
5017095703125
5017219906257
5018213655000
5018435744000
5018602050000
5018745600000
5020634368512
5020715568960
5020941193920
5021085204480
5021517099592
5021636256000
5021678592000
5021941628928
5022000000000
5022260880000
5022505205760
5022944136000
5023030719000
5023265625000
5024416000500
5025489813504
5025564999000
5025637500000
5025882455104
5025978187776
5026032091136
5026185478144
5026700270592
5026731533568
5027437382688
5027453200000
5027616000000
5029078579200
5029118115840
5029494750000
5029516800000
5029557624000
5030309375000
5030912000000
5031220837500
5031808593750
5031860797440
5031928433169
5032427400000
5032720612864
5033276325000
5033409436440
5033466900000
5033688219648
5033927250000
5034032640000
5034067737600
5034169958400
5035261952000
5035271786496
5036136726528
5036145135840
5036210478000
5036267529216
5036553984000
5037008820480
5037986720000
5038387200000
5038699600000
5038730576000
5039577303750
5039981201480
5040166912000
5040630000000
5040947520000
5041605888000
5042563719930
5042614500000
5042784600000
5043375090000
5043615018750
5043808000000
5043918297600
5044449085060
5045106301704
5045554800000
5045848777728
5045911416000
5046198507000
5046312960000
5047187500000
5047250454729
5047740416000
5047929600000
5048321034240
5048474681250
5048605209375
5048740352000
5048814034341
5048948850000
5049051543270
5049107227125
5049382105404
5049638653626
5049710696448
5049758268000
5049881299575
5050815264000
5051016000000
5051586408624
5052177580032
5052322076382
5052750717344
5052842613000
5052929711375
5053136913216
5053726679232
5053788979200
5053910896190
5054400000000
5056182383616
5056565455620
5057096039424
5057200996000
5057363281250
5057642273250
5058161904384
5058297953280
5059594616832
5059749187584
5059929600000
5060000000000
5060328305760
5060535201792
5060779266816
5060858679261
5061098864640
5061308000000
5061639391440
5062176000000
5062500000000
5062893645096
5062988700000
5063451750000
5063997120000
5064456403125
5064535627200
5064609375000
5064935484375
5065307660070
5065782508800
5065842600000
5066285930433
5066699392512
5066721149952
5067475934976
5067669250560
5068377600000
5068522940000
5069824947936
5070270256128
5070600000000
5071429440000
5071600512000
5072112500000
5073275289600
5073388425000
5074113068750
5074319996928
5074523437500
5074609847328
5075031967488
5075117752320
5075126784000
5075433088000
5076235402875
5076639360000
5076837826560
5077586411520
5078374400000
5078737764144
5079133434375
5079873040704
5080173127722
5080581710568
5080838400000
5081177996910
5081290216704
5081737986048
5082193290240
5082336200000
5082385618912
5082755993100
5083420306538
5083674365952
5083728468012
5083835581440
5084251956000
5084485828125
5084963536896
5085612000000
5085937500000
5086604250000
5086756426752
5086893656250
5087161221120
5087601090000
5087842830720
5087925633024
5089500084942
5089871001600
5090030862336
5090129834496
5090341552128
5090536244475
5090649833472
5090729273000
5091444108625
5091745536000
5091978608640
5092435814400
5092976250000
5093146240000
5093475830784
5093498707000
5093603417448
5093603900000
5094790272000
5094853115904
5095080478125
5095234375000
5095291777440
5096000000000
5096405952000
5096554680000
5096958048000
5096993584320
5097459548160
5098262400000
5099164249725
5099371200000
5099852160000
5099951590272
5100262724375
5100326977536
5100605971290
5100643218048
5101079189976
5101137405000
5101387776000
5101482000384
5101840128000
5102673408000
5103504686592
5103587165625
5103820800000
5103959364000
5105206116864
5105274213780
5105592041472
5106455111680
5106943924992
5107086618480
5107237976064
5108144461875
5108219943750
5108577187500
5108624235000
5109156500000
5109350400000
5109391872000
5110724160000
5111520785280
5112000875520
5112060710625
5112118230912
5112859229280
5113169600000
5113550832128
5113937920000
5114049171875
5114267205632
5114651850000
5114671034850
5115194285225
5116210937500
5116260887500
5117229150000
5117559980000
5117577064524
5117580000000
5118156918784
5118361600000
5120648755200
5120809582592
5120898046875
5121280080000
5121485107200
5121913081600
5121985252230
5122143337500
5122559799000
5123156259375
5123290916016
5123672400000
5123997040400
5124463066368
5124654989312
5124909883833
5125312500000
5125648490352
5125700321280
5125781250000
5125836368961
5125974000000
5126005248000
5126135812224
5126200877952
5126296896000
5126625000000
5128153319016
5128650971136
5129030860800
5129734252500
5129783820280
5130038145600
5130206400000
5130328403538
5130516070400
5130686066688
5131663371516
5131940149248
5132175661494
5132754432000
5132902809375
5133004800000
5133056640625
5133385394176
5133528576000
5134246696656
5134492800000
5134504998357
5134628996640
5135187456000
5135343750000
5135786775000
5136037632000
5136220938240
5136520331250
5137292160000
5137506000000
5137686683136
5138534196180
5138565868800
5138637031944
5138878201856
5138923608000
5139239213472
5139763200000
5140207891728
5140412160000
5140805763072
5141272500000
5141859898112
5142198878208
5142438596736
5142500000000
5142528000000
5142912445440
5143202168832
5143353600000
5143469506560
5143824000000
5144261760000
5144791038912
5144844600000
5145525000000
5145579450000
5145709510656
5146005822048
5146178558976
5146252800000
5146703167424
5147079469056
5147226562500
5147383526208
5147740864512
5147805105450
5147829109962
5149096104672
5149257569280
5149451865600
5150029752000
5150267006976
5150359375000
5150363530198
5150750736384
5150844270000
5151444480000
5151851055450
5152557486960
5152618607500
5152702464000
5153247180000
5153399212500
5153941094400
5153960755200
5154074956800
5154091965000
5154135284375
5154253012656
5154291056640
5154329341980
5154448353120
5154741504000
5155219046400
5155738244748
5156132524452
5156229688974
5157079529472
5157341549568
5157470880000
5157745621875
5158348800000
5158400000000
5158982924658
5159121093750
5159172014080
5159270025000
5159329464320
5159706173440
5160527159040
5160685376340
5160745291392
5161605120000
5163600312000
5163637248000
5163755898560
5164141509450
5164367872000
5164416092160
5165155123200
5166196485120
5166336000000
5166356934375
5166499086336
5166971208000
5167090212095
5167367753625
5167638000000
5167871280000
5167968750000
5168024322615
5168288885760
5168467631250
5168489587425
5168496093750
5168584103760
5169120000000
5169679520850
5170188828672
5170198957560
5170199220000
5170285800576
5170862090240
5170987360125
5171246530560
5171544984375
5172763594752
5172934512564
5173543872000
5174110835712
5174113075200
5174775471573
5174928000000
5174989465149
5175046800000
5175801400000
5177351176816
5177696256000
5177872257012
5178203154432
5178494361600
5178937500000
5179187200000
5179356000000
5180019586560
5181053280000
5181075900000
5181284548608
5181830350848
5182107840000
5182941281826
5183668224000
5184267051600
5185661184000
5185962836064
5186220703125
5186493936000
5187505869000
5188047003405
5188159460352
5188192762500
5188576201776
5189302800000
5189466960216
5189853515625
5190167490560
5190222578436
5190438582000
5190451200000
5190973593750
5191065600000
5191149017880
5191347732480
5191562250000
5191836559360
5191894531250
5192510720625
5192716815000
5192867119104
5193143746560
5193318924288
5193843200000
5194163622420
5194246400000
5194347485184
5194372874240
5194497472500
5194631563875
5194880137216
5195351131250
5195602912500
5195836800000
5196190906500
5196312000000
5198000947200
5198021229492
5198553271296
5198912675424
5199079243176
5199215380281
5199447982080
5200101270000
5200364414772
5200925225184
5201012889600
5201381081088
5201984045466
5202247680000
5202852424704
5203042865748
5203220561280
5204476200000
5205200000000
5205242250000
5205397976064
5206220835543
5206274002944
5206339600000
5206509504000
5206513488000
5206784000000
5207180181504
5207666688000
5207989584000
5208000000000
5208121800000
5208721588224
5208920808300
5209675514784
5210000000000
5210150400000
5210194991625
5210580960000
5210726400000
5211323596800
5211557120000
5211655637958
5213638767232
5213820013920
5214603018240
5214651726375
5215010850000
5215424760000
5215742675968
5215837536000
5215941068580
5216246470008
5216698368000
5217307200000
5217520000000
5217562350000
5217662769750
5217779145852
5218171875000
5218305638400
5218385264640
5219285041152
5219706096000
5220376145920
5220493824000
5220703125000
5221207096875
5221438926080
5221763334144
5222305460736
5222670270464
5223564702720
5223838090625
5224142944332
5224272768000
5224729331250
5225360025600
5225394726000
5225472000000
5225600894976
5225982300000
5226454388736
5226508800000
5226515563500
5226865459200
5227540592904
5228225150148
5228302847292
5228320500000
5229056250000
5229340593750
5229827467200
5229988211712
5230415575000
5230445274450
5230739928960
5230817222400
5231362400000
5231678262272
5231776256000
5232023680000
5232089843750
5232427200000
5232505276089
5232568086000
5233191405057
5233367688192
5234750167680
5235100614656
5235167186784
5235284340000
5235590587500
5235629186160
5235928169472
5236178680800
5236913940300
5237177206250
5237882496000
5237925011280
5237975897856
5238664704000
5238750000000
5239054080000
5239080000000
5239111385088
5239290814650
5239614600000
5239984932000
5240782848000
5241159206250
5241210169503
5241885613146
5241994569000
5242240000000
5242286849247
5242336837632
5242430527488
5242646784375
5242785680664
5243216000000
5243799600000
5244190801920
5244319080000
5244354765720
5245074777600
5245110093600
5246797400064
5247182713500
5247386323200
5247861276672
5248292084505
5248800000000
5248997376000
5249232421875
5249664000000
5250199680000
5250320208000
5250352214016
5250506800000
5250934121580
5250987000000
5251085784000
5252028862500
5252058684675
5252525687500
5252779021875
5252847874560
5252886846900
5253174911250
5253925781250
5253976419048
5254123431375
5254251233094
5254267500000
5254624051200
5254737324462
5255150883840
5255331840000
5255940538368
5256070871040
5257199388672
5257441280000
5257521561600
5258578688000
5258766240000
5258860200000
5259104851104
5259233525760
5259644429760
5260308480000
5260547635200
5260587890625
5260806144000
5260957392600
5261042036250
5261291700000
5261633283753
5261691052800
5261862684672
5261988401208
5262225786272
5262257774592
5264244121500
5264298624200
5264363520000
5264369515440
5265102535875
5265424213686
5265948672000
5267000318976
5267589110784
5267892000000
5268609955840
5268763999125
5269470474240
5269532152500
5269864833688
5270396955840
5270484375000
5270496000000
5272018014312
5272460943750
5272541032750
5272678400000
5272998635520
5273073111267
5273370000000
5273494206750
5273609483520
5273672094900
5273807486976
5273968000000
5274088055808
5274206080000
5274254553176
5274440640280
5274828000000
5274859800000
5275297125000
5275634765625
5275713222000
5275988699436
5277386277000
5277668721875
5277790172160
5278000088088
5278254982560
5278310400000
5278583364096
5278804929225
5278935200000
5280000000000
5280010955478
5282226562500
5282481512448
5282642560000
5282781879375
5282903343168
5283112380000
5283292594176
5283615080448
5283732154932
5283787162500
5284107892224
5284268718750
5285478515625
5285483642880
5286041600000
5286518784000
5286996501750
5287213506825
5287622034240
5289498703125
5289700000000
5289980917760
5290068420000
5290092544000
5290328064000
5290402584320
5290790400000
5291465287680
5293026902016
5293188000000
5293433250000
5293564989440
5294101410000
5294545893000
5294745225000
5294945700000
5295374449200
5295747600000
5295838822400
5296095787500
5296145488200
5296610082816
5296671539313
5297413275000
5297783750000
5298984490625
5299044033024
5299099200000
5299275571200
5299330713600
5299454200500
5299468145664
5299719796875
5300137820250
5300561452032
5300823462144
5301000000000
5301039417120
5301408000000
5301582031250
5301630914310
5302942125975
5303232000000
5303603200000
5304083400000
5304103295400
5304487500000
5304648466432
5305170196480
5305182901200
5305620993750
5305824000000
5306697703125
5306963200000
5307450310656
5307595601500
5307725981250
5307947677440
5308076261376
5308117738560
5308311142400
5308416000000
5308436713125
5308911125000
5309347095000
5309413982208
5310350115840
5310560937500
5310638212320
5310776360736
5311353515625
5311433930400
5312006009856
5312470240350
5312500000000
5312840601600
5312902787500
5312988281250
5313042431424
5314541088780
5314634268102
5314721361012
5314978350000
5314982400000
5314982519000
5315009107968
5315139058320
5315954282496
5316280320000
5316679687500
5317013676800
5317130977920
5317256161800
5317346211525
5317499502000
5319165411840
5319480960000
5319600000000
5319783931392
5319945843750
5320039558400
5320340566632
5320588032000
5320940625000
5321023488000
5321631203328
5322700479600
5322912000000
5323273772544
5323395072000
5324705921024
5324800000000
5324843340000
5325022086000
5325389985132
5325759447040
5325801062400
5326001100000
5326441233750
5326443099747
5326566220800
5326761825000
5327219662380
5327399362824
5327648726751
5327700393600
5328704253600
5328763158528
5328841100000
5329141327872
5330168064000
5330504761344
5330563212000
5330629130400
5331128156160
5331658752000
5331744718848
5331773030400
5331857231844
5332035174400
5332992000000
5333116723200
5333660918784
5333691138048
5333994602496
5334057036000
5334282282240
5334336000000
5334339037500
5334923622600
5335239671424
5335368251760
5335394400000
5336276917788
5336614305792
5336954044416
5336979840000
5337047040000
5337446400000
5337757384704
5337793404000
5339706566656
5339803367808
5341017636864
5342191734375
5342461076480
5342891008000
5343315104421
5343789735000
5343861600000
5344048710000
5344108503552
5344754625000
5345151272384
5346000000000
5346091032576
5346348924672
5347100395728
5347550660760
5348173642350
5348354199552
5348393880480
5348773237500
5349153600000
5349297881088
5349371904000
5349976273152
5350056366312
5350233178125
5350455508992
5350804199424
5350904206830
5351529250816
5351821871760
5351951937024
5352407775000
5352652800000
5353251959808
5353699912704
5353800192000
5354035869546
5354121093750
5354433050000
5354844768000
5356210728960
5356234211328
5356532616624
5356578146787
5356778313600
5357381714688
5357548828125
5357703487500
5357720043520
5358048943104
5358149720064
5358206700000
5358800203848
5358893438976
5358972025000
5359032000000
5359087319040
5359921875000
5360095300000
5361200427600
5361687807840
5361777867264
5362200324000
5362593750000
5362737594368
5363230320000
5363467520000
5364012360000
5364273600000
5364286624000
5365222875648
5366084235525
5366141913033
5366494052352
5366870784000
5367622262688
5367647388250
5367656800000
5367965812500
5368323870000
5369013554850
5369070312500
5369217034500
5369289532992
5369375000000
5369557042080
5369650790400
5370241128525
5370300000000
5370618265600
5370901943750
5371093750000
5372809408512
5372812500000
5372947200000
5372967600000
5372989440000
5374037760000
5374734024704
5374771200000
5375229170922
5376175200000
5376547197090
5377021189974
5377073625000
5377477248000
5377682814336
5377729563648
5377738800000
5377895792640
5378128182000
5378240000000
5378586304000
5378734634592
5378788800000
5379251109120
5379617102112
5380020000000
5380196892420
5380269143040
5380348050000
5380392657024
5380758658560
5380825282560
5380840125000
5381116537500
5381499200000
5381672239104
5381821342233
5381925120000
5382183866400
5382307840000
5382884580836
5382902042625
5383231875000
5383785193875
5383941774750
5384798208000
5385654979488
5385714375600
5385974472000
5386540052880
5386630054400
5387025325500
5387857368768
5388275200000
5388622626816
5389837200000
5390043750000
5390100787500
5390205004800
5390777481210
5391057078225
5391403881750
5391464996736
5391492986880
5391562500000
5391563423400
5391826171875
5392009940625
5392373575680
5392450923552
5393690394624
5394381300000
5394634408800
5394650121224
5394818424800
5395214335104
5395433793750
5395748157072
5396000924160
5396058719415
5396976000000
5397376438272
5397447656250
5398029000000
5399043829452
5399082017536
5399440560000
5399654400000
5399780682240
5400000000000
5400058067712
5400260805632
5400278178750
5400960810768
5402060354907
5402330339328
5402668096000
5402880384000
5403265623000
5403352556250
5404004812800
5404043547648
5404164480000
5404230090000
5404241997000
5404766876850
5405714944000
5405751421875
5406026080000
5406815456000
5408161792000
5408983364400
5409592049664
5410076728320
5410540800000
5410805400000
5410909539000
5411255859375
5411313600000
5412160800000
5412449839104
5413240832000
5413435202560
5413747513530
5413933546560
5414585137500
5415093927936
5416446672000
5417030062080
5418167040000
5418237825000
5418352902144
5418602791290
5419923196704
5420083200000
5420167987200
5420235405312
5420245248000
5420640625000
5420882812500
5421606392640
5421736320000
5421819110400
5421943578240
5422127343750
5422144000000
5423102685000
5423163363072
5423202086400
5423367156480
5423760000000
5423815987200
5423886846000
5424551193600
5425588575000
5425680459375
5425707065625
5425777994448
5425784582792
5426019900000
5426305302528
5427036160000
5427302400000
5427610198920
5428059243750
5428874880000
5429409750000
5429825280000
5430469078125
5430509568000
5431327020000
5431404865536
5431975005184
5432734125000
5432847590799
5433384960000
5433674400000
5434058448000
5434568832000
5434965910752
5434977895936
5435146020150
5435383800000
5435505174528
5435938431000
5435960046125
5436074885120
5436755251200
5436793156608
5436818887500
5436896521680
5436959456250
5437691648000
5438082908160
5439232596105
5439478302720
5439699168750
5440500000000
5441025657600
5441319862272
5441724288000
5441955840000
5442966824960
5443380264960
5443404167628
5444096000000
5444223321600
5444686646784
5444778854592
5445000000000
5445413163120
5445468000000
5446076854368
5446548450000
5446768458432
5447431761408
5447501807616
5447624544000
5447824593750
5447916100000
5448008362500
5448369600000
5448521272320
5448718603872
5448862447236
5448897312768
5449042005120
5449088959200
5450017996800
5450059252368
5452462272000
5453029298970
5453035805295
5453421976548
5453531534178
5453551584000
5453738929440
5453871803541
5453888962500
5454352792500
5454374112000
5454545906250
5454692352000
5454729000000
5454914497344
5455194931200
5455604721875
5455727665080
5457281776128
5457544776000
5457689143569
5458092097536
5458498320639
5458752000000
5458830300000
5459708739584
5460106333500
5460317184000
5461756588080
5461777075680
5462141032062
5462595774972
5462714988544
5463301907700
5463339998193
5464082812500
5464166400000
5464178232912
5464505200000
5464800000000
5465383632896
5465750400000
5466715049250
5466786445912
5467500000000
5467814718912
5468372115388
5468680000000
5469310830375
5469778125000
5469836006250
5470336265625
5470404336000
5470678500000
5471045109504
5471110008000
5471421291000
5472040688640
5472370083840
5472551942676
5472919237500
5473195312500
5473409760000
5474004775200
5474304000000
5474592329895
5475143700000
5475247903125
5475566916792
5475600000000
5475999744000
5476083302400
5476798800000
5477597400000
5477881500000
5477969668145
5478796281000
5478911341722
5479137312768
5479304527872
5480163950625
5480779372544
5481136926720
5481467735040
5481502208000
5481808527360
5482687500000
5482770508800
5482908000000
5482983260160
5483361042432
5483712000000
5484655411200
5485112100000
5485831608960
5485996880000
5486191575040
5486325331500
5486825963520
5487587353600
5488077124332
5488324967180
5488326454422
5488686000000
5488815974400
5489336320000
5489376472548
5489591849280
5489996829000
5490791606146
5490992112480
5491077120000
5491497369600
5491557000000
5491654430850
5491839100000
5491947847680
5492189429760
5492438634375
5493021415200
5493033225000
5493532590000
5496170793750
5496362307072
5496422400000
5496439221000
5496691200000
5496796992000
5497552896000
5497558138880
5497987614840
5498759637315
5499830679552
5500597939200
5500739200000
5500978603560
5501078651250
5501192062289
5501595330000
5502125475000
5502373493760
5502911356250
5503109818752
5503680000000
5503765708800
5503886718750
5504279054400
5504532838191
5505024000000
5505989580000
5506123392000
5506182366750
5506226975744
5507097389703
5507203258368
5507532800000
5508283742325
5508300800000
5509140480000
5509228397400
5509765625000
5509980288000
5510263334400
5510756250000
5511819467520
5511829400000
5512368701952
5513156377344
5513480827659
5513593750000
5513701050000
5514050174976
5514324822240
5514443928000
5514520500000
5514764580864
5515144865672
5515545656250
5516139720000
5516980875000
5517251905536
5517333984375
5517390217248
5517543499776
5518143221760
5518149975000
5518948761600
5519032975360
5519116861440
5519568718440
5519923200000
5520752640000
5521601131200
5521916059500
5523052953600
5523260400000
5523681640625
5523844717638
5524233093120
5524329195000
5524409828043
5524969049964
5525107599375
5525154180000
5525650659375
5526503424000
5526528000000
5526964778400
5526986400000
5527581696000
5528112300032
5528684800000
5529027133440
5530199482080
5530569890625
5530591996875
5530704300000
5531506606080
5531666128128
5531904000000
5532277210083
5532444225000
5533001600000
5533033017600
5533726367232
5533916803632
5533931612160
5534077925376
5534093899278
5534208960000
5534773675200
5534775199296
5534876221875
5534900853769
5535010990080
5535191531520
5535396075000
5535584874000
5535608498784
5535843750000
5536467820800
5536750380084
5537109375000
5537167968750
5537573862912
5538833104896
5539353329664
5539542272000
5539973761000
5540147536365
5540441197248
5540712890625
5540765343750
5540797304000
5540957356032
5541126000000
5541441595200
5542522453125
5542818913125
5543374786560
5543535034125
5543808243750
5544288000000
5544555577344
5545096775680
5545349922816
5546002452480
5546067367500
5546441392128
5546711812500
5546820091923
5546875950000
5546920642560
5547161975160
5548320567504
5548389962500
5549651138304
5550037496640
5550567063552
5550816214440
5550899200000
5551441280000
5552333494344
5553107788032
5553153137664
5553165600000
5553777954816
5554060130304
5554828125000
5555405979648
5555736739840
5555802700800
5555896790400
5556136950000
5556532689081
5556600000000
5556658800000
5557455684000
5557953024000
5558269612500
5558859270685
5558915250000
5559004687500
5559301985809
5559629513886
5559715584000
5560018209375
5560048828125
5560800336000
5561012559564
5561408014848
5561678868480
5561978400000
5562144000000
5562234634240
5562480677376
5563560038400
5563769006250
5564797700000
5564828096100
5564918661120
5565399840000
5565506954400
5566108900000
5566256381952
5566277615616
5566400953344
5566447640625
5566758912000
5567406806016
5567541737472
5567636570112
5568393600000
5568438798000
5568993202500
5569796925000
5570068550400
5571072000000
5571344443392
5571361402880
5571537075000
5572035000000
5572268893287
5572849041408
5573345061312
5574381120000
5574421112832
5574836732850
5575648444704
5576159232000
5576192950272
5576504976000
5577330893750
5577517301760
5577839203125
5578367533056
5578760563200
5578855041600
5579620200000
5579869552992
5580417150000
5580763453440
5581237668750
5581406250000
5581488000000
5581975781250
5582455554375
5582649600000
5582849146875
5582894625000
5583253882518
5583961110000
5584650968750
5585050773666
5585185278400
5585257259520
5585812500000
5586041536320
5586656624640
5586944000000
5587512875000
5587729664000
5588042121216
5588922240000
5588999270400
5589402610176
5589460800000
5591031592410
5591085507000
5591148885504
5591250000000
5591714012500
5591911956480
5592156570000
5592773910528
5593009930200
5593386240000
5593641592832
5593729756160
5594218607250
5594265600000
5594339165625
5594351861160
5594633984000
5595264675000
5595500000000
5596073730000
5596551954000
5596864000000
5597202124800
5597412356250
5598178223472
5598458183680
5598754700000
5599008415728
5599348761600
5599530337500
5600060218368
5600514078720
5600546875000
5600666796032
5600996396352
5601052800000
5601974784000
5602136664348
5602273875000
5602326605728
5602416648192
5602848577700
5602950478125
5603276932344
5603403520000
5603476725000
5604552000000
5605605655776
5605673668560
5605687296000
5605964437500
5605964895069
5606699361354
5606782210260
5609350656000
5610057270300
5610119141250
5610287391744
5610449940480
5610528000000
5610720460800
5610931200000
5610973741317
5610979221750
5610997835982
5611133334636
5612214952960
5612807720000
5612851200000
5612916141000
5613345562500
5613359400000
5613593296896
5613841022976
5614172632320
5614224000000
5614477440000
5615156250000
5615638875000
5615912736000
5616687147625
5617093920768
5617100622848
5617480826880
5617795280328
5618701764000
5618913300000
5619146772456
5619712000000
5619919134375
5620132478976
5620414464000
5620697696250
5620768505856
5621244984306
5621616000000
5621661630000
5621756752896
5621890050000
5621993879040
5622946875000
5623030264320
5623326720000
5623354368000
5623722311067
5624280023040
5624365777875
5624866022400
5626373603328
5626631587500
5626968750000
5627010590955
5627372261875
5627584512000
5628026620125
5628107812500
5628229484544
5628481689600
5629206589370
5629784016000
5630396315544
5630413600000
5630499000000
5630670703125
5630859375000
5631280939008
5631597562500
5633104538880
5633196800000
5633633617920
5634034237440
5634074221875
5634684000000
5634804445380
5634921600000
5635184400384
5635405923840
5635770089472
5636164552250
5636188995584
5636555100000
5636830753125
5637294673920
5638133329920
5638216721875
5638270353408
5638328325000
5638330743552
5638359375000
5638455385920
5638804971520
5639510163456
5639614674746
5639618346285
5641009310412
5641359851520
5641369316352
5641685437500
5642214589440
5642707677750
5642879904000
5643060696000
5643300608000
5643388827648
5643855462400
5644326580200
5645740212000
5645753329900
5645927306250
5646057472000
5646586140000
5646608844800
5646712500000
5646868992000
5647366530000
5647506659000
5647729795200
5648213664576
5648580100800
5648590729620
5649068833269
5649168840000
5649206737041
5649451664040
5649750000000
5650022400000
5650043490000
5650444800000
5650585574400
5650812153000
5652383512500
5652387615798
5652890100000
5653274880000
5653842187500
5654117761992
5654628532224
5655053390875
5655072975264
5655665106000
5655867055524
5655884850000
5656091250000
5656566125000
5657600000000
5658181593750
5658206400000
5658286772250
5659183726560
5659634073600
5659846650000
5660045475840
5660077500000
5660117729280
5660243656704
5661619200000
5661810689472
5662051200000
5662321459200
5662435865625
5662673280000
5662800000000
5663168975646
5663286720000
5663303568000
5663851776000
5663994751233
5664092356608
5664098178000
5664117528576
5664247223040
5664669696000
5664680759808
5664962248704
5665729055616
5666802677172
5667732000000
5668018716672
5668185600000
5668208640000
5668571898000
5668995200000
5669185977000
5669501161500
5669978851665
5670215654400
5670570393600
5671065960000
5671365359616
5671405491750
5672422525000
5672637300000
5673776439296
5673858188544
5674113024000
5674502611800
5674552360960
5674608900000
5674725539840
5674993975296
5675306757120
5675436686304
5675744589417
5675758387200
5676269531250
5676579874944
5676662863872
5677102080000
5678036582400
5678051754375
5678182400000
5678400000000
5679172984320
5679264983040
5679428000000
5679832896000
5680000000000
5680000972800
5680067456250
5680192573440
5680404889600
5680857701376
5680920960000
5680978051500
5681133158400
5681391446016
5681833984008
5682156480000
5683034709702
5683049651125
5684074068750
5684836032512
5685442514136
5685726150000
5686310738745
5687182778144
5687500000000
5688412704000
5688569250000
5689351120500
5689522566000
5689638701019
5689901101056
5691059468544
5691250325376
5692420800000
5693276160000
5693414160672
5693616064512
5694344315370
5694948000000
5695862287500
5696096175000
5696142566400
5696383218750
5696397508608
5696560742400
5696675840625
5696814240000
5696996760000
5697770279760
5699689003008
5699993600000
5700036816576
5700042384000
5700555900000
5701400593812
5701696782327
5701924800000
5701992192000
5702088307500
5702375000000
5702417401660
5703384960000
5704718551840
5704777728000
5705253964800
5705907900000
5706126562500
5707079459375
5707561978125
5707734375000
5707760857344
5708924928000
5708936078244
5709915120000
5710341095424
5710848721968
5710934700000
5711356435518
5711807985408
5712200000000
5712458121216
5713273893600
5713299947520
5713969132881
5714053632000
5714631419904
5714905218750
5715846400000
5715943200000
5716434487680
5716581830244
5717628225000
5717629522800
5717683821276
5717986560000
5718746696875
5718756556800
5719196917998
5719505928192
5719649974272
5719764864000
5719783450500
5719872000000
5720000000000
5721121797300
5721206337000
5721313500000
5721679687500
5721701744640
5721738003072
5722042968750
5722048604160
5722412109375
5722444136448
5722447360000
5723217616896
5723277170688
5723995908960
5724211949568
5724364800000
5724429486084
5725042400000
5725507995900
5725766475000
5726100085056
5727177496053
5727825600000
5727891456000
5728431559032
5729017599452
5730186045375
5730304387500
5730327680000
5731294593024
5731520256000
5732138671875
5732203249620
5732633088000
5732976033792
5733624015000
5733823237200
5735101320000
5735405812500
5735428737500
5735478067200
5735545200000
5735758050750
5735912046592
5736348644832
5736670060800
5736728448000
5736839164875
5737336799232
5737446113280
5737467859578
5737500000000
5737829966750
5737867849728
5738091891840
5738697628125
5738779580625
5738876685248
5739061248000
5739328791000
5740096106511
5740146000000
5740180992000
5740507584000
5740606536000
5740875000000
5741582745600
5741709625344
5741904678125
5742079200000
5742100108800
5742374770944
5742773437500
5742871226400
5743112094720
5743310069250
5743345664000
5743975071744
5744088356500
5744519881760
5744762000640
5745039436800
5745642723072
5745660800000
5746910400000
5747801062500
5747976042471
5748019200000
5748065856000
5748375600000
5748542535168
5749266677760
5749386878976
5750045887311
5750100815760
5750784000000
5750830807200
5751453312000
5751592704000
5751611525376
5752076288000
5752315800000
5752691518464
5753180160000
5753772752896
5753916425088
5753983331250
5754284146688
5754769680384
5755000593888
5755304411136
5755594440960
5756581509120
5756882793750
5757008268960
5757075456000
5757079460832
5757769500000
5757885044736
5758156800000
5758314872832
5758597988352
5759192104776
5760000000000
5760142080000
5761082880000
5761735200000
5762741215539
5762988000000
5763099259008
5763182400000
5764131450000
5764496670450
5764801000000
5764816876320
5765084668640
5765884782588
5765976562500
5766000000000
5766225920000
5766708937500
5766755904000
5767084008000
5767200000000
5767453125000
5769685350000
5769834525000
5770073182104
5770322288640
5771015604144
5771292913800
5771525760000
5772242920864
5772425035776
5772448000000
5773282099200
5773410001920
5773481195625
5773680000000
5773715784375
5774082373008
5774664014432
5774677272000
5774776813000
5775013615104
5775188981760
5776000000000
5776027533738
5777085888000
5777261718750
5777321656320
5777760121875
5778010275840
5778132662016
5778175531590
5778293724125
5779165700000
5779843750000
5781552826368
5782233600000
5782324930560
5782381237248
5782393847808
5782609521000
5783046818816
5783468802048
5783838490584
5784592385376
5784748892160
5785093099520
5785344000000
5785644533760
5786012334375
5786272800000
5786431644672
5786499373875
5787281250000
5787425280000
5787889918776
5787950175000
5788040716800
5788510464000
5788708337916
5788923040080
5789105546250
5789534400000
5789994642432
5790041063352
5790687955641
5790728486620
5791176349920
5791243062144
5791401068544
5792544921600
5793133348800
5793381929984
5793638400000
5793783471000
5794250705600
5795370974367
5795919360000
5796700000000
5797123112625
5797789779600
5797870604000
5798158200000
5798400000000
5798728845000
5799222853632
5799860418807
5800036534272
5800267726848
5801037004800
5801039304390
5801411889000
5802782976000
5802910334676
5803116374835
5804028876800
5804203125000
5804603271480
5804723925000
5805569189376
5805708410880
5805753776550
5805912145968
5806193073408
5806379097792
5807675427840
5808378436560
5808440707328
5808499200000
5808661644555
5809063163904
5809225385880
5809380861375
5809553138844
5809623207472
5809913561088
5810006573280
5810067306000
5810467162500
5812128000000
5812500000000
5812635937500
5812772929536
5812892467200
5813061100000
5813061600000
5813592750000
5814354893256
5814657116730
5814714698496
5815570398885
5816571525648
5817340181250
5817560458752
5817976312000
5818793267000
5819442842752
5820414032160
5820546875000
5821247250000
5821261600000
5821421405184
5822341644483
5822776575000
5823125000000
5824520073918
5824763165830
5824780981250
5824871628800
5825049395200
5825094912000
5825228270400
5826364830000
5826403898784
5826585600000
5827239958400
5828270277375
5828734080000
5828871685000
5828945117184
5829038899200
5829804788544
5829824737009
5829856000000
5829871320000
5830126848000
5831435649450
5831626752000
5831988336000
5832000000000
5832195600000
5832955132928
5833096416000
5834048034375
5834805678000
5835110814720
5835418390620
5836325197824
5836843401216
5837148226998
5837474468000
5837879385000
5837965650000
5838172139520
5838508166400
5839036000000
5839360692480
5839729459200
5840409933540
5840507531250
5840814735360
5841850466304
5842581585920
5842770560000
5842804036608
5843622400000
5844049366400
5844627625000
5845133664000
5845144301568
5845316400000
5845602262500
5846078208000
5846259204170
5846524231680
5846816800000
5847155300000
5847388651625
5848181434368
5848197468750
5848981777980
5849090493750
5849805806775
5850113928750
5851054080000
5851797590625
5852233728000
5853125836800
5853147684930
5853697431120
5853781426176
5853864867840
5854354056000
5855035725000
5855189618304
5855625600000
5855915520000
5855930974208
5855996617600
5856392627712
5856400000000
5856457950000
5857058253312
5857148928000
5857327674000
5857500000000
5857660800000
5857680297532
5858098707384
5858318641824
5858515289088
5858625024000
5858970123630
5859000000000
5859532800000
5859866521600
5860226400000
5861199052800
5861250000000
5861486592000
5861903580000
5862542400000
5862572432640
5863184870400
5864060616704
5864211302400
5864346039825
5865343613136
5865403437500
5866338816000
5867352855000
5867710510464
5868005712408
5868055756800
5868415984860
5868691128320
5869334338560
5869470600000
5869790035968
5870308950000
5870443359375
5871695671296
5871756800000
5872155712500
5872953014775
5873019850750
5873055552000
5874188221440
5874523304832
5876307710208
5877062231040
5877072681984
5877909504000
5877926160652
5877945335808
5878118400000
5878656000000
5879623680000
5879761187328
5879822400000
5880000000000
5880600000000
5880983167017
5881431736320
5881946477056
5882991006585
5883097651200
5883233268528
5883752448000
5884217521875
5884396875000
5884444800000
5884550875000
5884756626294
5884876800000
5885748288000
5885850880000
5886019436544
5886026640000
5886125000000
5887231591500
5888659253760
5888706980000
5889706002075
5889835710720
5890440325000
5890662105120
5890701015900
5890972437504
5891067740160
5891610525696
5892272279712
5892722885088
5893162496000
5893252485120
5893398831870
5893940929536
5895158400000
5895452160000
5895955968000
5896308600000
5896420818750
5896914840180
5896932096000
5897320470360
5898133890747
5898543845376
5899068000000
5899352228352
5900381384625
5900697600000
5900889076992
5901015679020
5901077544960
5901299712000
5901498777600
5901876010800
5901984000000
5902322916133
5903894118528
5904094218750
5904384000000
5904407925000
5904825400320
5904900000000
5905109952000
5905245956680
5905452532914
5905563147000
5905565675520
5905872000000
5906313511560
5906733521920
5906820150000
5907201011712
5907360375000
5907471507000
5908377054944
5908795200000
5908798808640
5908882191875
5909283797760
5909450916096
5909729280000
5909951970000
5911475361792
5911925157216
5913000000000
5913371456512
5913473280000
5914079723520
5914169966592
5914273674456
5915735949312
5916065792000
5916112020000
5916559667200
5916972773504
5917099983480
5918921190000
5918924137500
5918953162500
5919228191250
5919707695860
5920022384640
5920358400000
5920992000000
5921171440128
5921229600000
5921392149504
5921468055552
5922335952225
5922408960000
5922649600000
5922921256000
5922987485184
5923136993280
5924192256000
5924238547500
5924876630400
5925830400000
5926594341888
5927109375000
5927236288512
5927780880000
5928000000000
5928483225600
5928578136000
5928597937899
5929196575320
5930363289600
5930817159168
5930819383104
5931682946784
5931900000000
5932541250000
5932741734720
5932793382912
5932958679375
5933033422848
5933214000000
5933536372323
5933593750000
5933745720315
5934217275000
5934709265625
5935021424640
5935550939136
5936254888960
5937059561625
5937357127680
5937544150000
5937733683200
5937831900000
5938099200000
5938616250000
5939553894400
5939732709855
5939994816000
5940000000000
5940199881000
5940513928125
5940595690848
5940645774336
5941406250000
5941584000000
5941804849344
5942791701504
5942972880000
5943504000000
5943687811875
5943958585344
5943974400000
5944621378752
5944762368000
5944915200000
5945425920000
5945828338125
5945988262500
5946334703712
5946613263360
5946676956090
5947392000000
5947906567680
5947972800000
5948228352000
5948642700000
5948946441711
5948964864000
5949881700840
5949966669192
5951326972500
5951568787500
5951619072000
5951753496430
5952000000000
5952139200000
5953188656250
5953247000064
5953507123200
5954744262500
5954782873600
5955112406250
5955980625000
5956650390625
5956674793056
5957607743488
5957836995474
5958063174528
5958139700331
5958444305408
5958717600000
5959320141600
5959392446000
5959546306560
5959589934375
5959601973000
5959935072000
5960006718750
5960464662528
5960635931250
5961148660224
5961424537152
5962636800000
5962928400000
5963176166688
5963275828224
5963608202500
5963625000000
5963767031904
5964206610375
5964897189888
5965148875680
5965301222100
5965570616500
5965590400000
5965978009600
5966104320000
5966312731470
5966423654400
5967093825000
5967729524736
5968235415436
5968709311488
5968901942640
5969018880000
5969121960672
5969145312000
5969189598750
5969788231680
5970100675000
5970475008000
5970686750000
5970944000000
5972525015625
5973015481875
5973090729984
5973160644000
5973461085312
5975039763000
5975114457312
5975331151104
5976389250000
5976432000000
5976568046592
5976710727680
5976945676800
5977617800000
5977988490240
5978076825600
5978501939200
5978711250000
5979034828800
5979172864000
5979385246464
5979531250000
5979733978680
5979916800000
5980991643648
5982157527500
5983359375000
5983532100000
5984026571250
5984061088320
5984127084000
5984756922816
5984898688000
5985044503200
5986406979000
5986697625048
5987065373184
5987520000000
5987538271743
5988104718750
5988405855744
5988554208000
5989900800000
5989954479432
5990649846750
5990726415024
5991234375000
5991596325000
5991751237500
5992137575424
5992512454656
5992809198750
5992896000000
5993507520000
5993997855120
5994741312000
5995556582400
5995626759375
5995897600000
5996780244000
5996860531200
5996883613500
5996953600000
5997377295000
5997426140160
5998332228867
5999616000000
5999798304000
6000266916864
6000579200000
6000712907400
6000774579072
6001067567520
6001300431588
6001582080000
6002289283230
6002318700000
6002589265920
6002612240625
6002886500000
6003176025000
6003299253600
6003628470000
6004544478912
6004664640000
6004712493000
6004977057792
6005017579500
6005426182750
6006413794304
6006472704000
6006936672000
6008169323520
6008293294080
6008596070400
6008644841472
6008652195000
6010014343788
6010018560000
6010747510752
6011621231616
6011763451875
6012099624960
6012236915311
6012330105600
6012619470000
6012904800000
6013295181432
6013701029952
6014008885248
6014352411648
6015302092800
6015487945194
6015592902704
6015674034432
6016278996000
6016757760000
6017260041000
6017458027680
6017797800000
6018360405750
6018586357000
6018974609375
6020496211968
6021734400000
6022322460000
6022447200000
6022625374080
6022750720000
6023510937600
6023737181250
6024585937500
6024737222400
6025117696000
6025163444928
6025669650000
6025780096000
6026074689096
6026099193702
6026850522000
6027392000000
6027540480000
6027982537500
6028007040000
6028145424000
6028843528125
6028911000000
6029261568000
6029701370784
6029878903125
6029912109375
6030035947520
6030088077312
6030134083584
6031292774325
6031506796875
6031810892800
6032000100672
6032677500000
6032917968750
6033164000000
6033277782735
6033300000000
6033899520000
6034298234832
6034513905000
6034973137200
6035332922458
6036036019200
6036119212032
6037465005000
6037983927612
6038551034208
6038613900000
6039613440000
6040450724616
6040531124325
6040546875000
6040712700000
6040819873935
6042336547500
6043023833088
6044414062500
6044499901440
6044745728000
6045117726375
6045141375000
6045320334375
6045451200000
6045696000000
6045792480000
6045970678839
6046089216000
6046461741125
6046880007168
6047296662528
6047977441776
6048024772608
6050000000000
6050394204750
6050909592000
6051076463916
6051137400000
6051276443625
6051675801600
6051754863000
6051993292800
6052664217600
6052679881380
6052737700800
6052891556250
6053338902072
6054186600000
6054571795545
6054610000000
6054687500000
6056135859375
6056822625000
6057300366000
6058098708480
6058861851924
6058928672550
6059221281000
6059578097664
6059678374400
6059857559490
6059930419200
6061289667840
6061339539864
6061748906250
6061809600000
6061832337600
6063566850000
6063799218750
6064693075428
6064797375000
6065020176384
6065507812500
6065972550000
6066038160000
6066420272640
6066784815000
6066897408000
6067123343750
6067901693952
6068197905120
6068981386377
6069212500000
6069360000000
6069458697984
6069706752000
6070047621120
6070353511950
6070433118750
6070538240000
6071345280000
6071394560400
6071888900000
6072048493056
6073128140625
6073192857600
6073761244320
6073782260000
6073967269728
6074265736000
6076080912114
6076709615625
6076831315968
6077142288000
6077364000000
6077562042825
6078760224768
6079382100000
6080045209600
6080389219008
6081075000000
6081293058048
6083086262400
6083110656000
6085324800000
6085486218240
6085715328000
6085829815296
6086858400000
6086926911000
6087324773376
6087361410000
6087363542568
6087727800000
6088251042720
6088456414656
6090133432500
6090337500000
6091620780960
6091872000000
6092098242048
6092260115040
6093774960000
6094764656640
6094848000000
6094990540800
6095363899392
6095647014912
6096065184000
6096863996960
6097068651520
6097399428960
6097413596292
6097593600000
6097742069760
6098220703125
6098313031200
6098337552384
6098942304000
6098984396288
6099307191720
6100097656250
6101102347200
6101563545000
6102046969200
6102480384000
6102632420352
6103787146875
6104000243754
6104020156416
6105536870400
6105989120000
6106149562500
6107484240000
6107603927040
6107732400000
6107959603200
6108085968750
6108326668080
6108578550000
6108744311296
6108796875000
6108823296000
6108975825920
6109732930350
6110208000000
6110919786496
6110971880832
6111087038784
6111093419613
6111486469440
6111722252097
6112198448400
6112404799488
6112450149120
6112661493737
6112883700000
6114350132928
6114548736000
6114685740625
6114806775000
6115038300000
6115307175936
6115319093520
6115669848064
6115687142400
6116147597990
6116367853440
6116516499456
6117843271680
6117980407500
6118141920800
6118898136624
6119114731520
6119400960000
6119822592000
6119932910000
6121665331200
6122514816000
6123089700000
6123177984000
6123664800000
6123832906752
6124216025088
6124343090112
6124354928640
6124608000000
6124751236800
6125625000000
6125729308160
6125789970432
6127303216482
6127367006250
6127613902848
6127614515736
6127643208960
6127746134016
6128577612000
6128791173120
6128905612500
6129819058176
6131500537500
6131613411000
6132093766113
6132279508992
6132672000000
6133084231680
6133782240000
6134022400000
6134169600000
6134837280768
6135166800000
6135213365248
6135394636800
6135580515334
6135623811072
6135803520000
6136570125000
6136636619520
6136737489792
6137693623215
6138000000000
6138173650000
6138233142270
6138253005300
6138774300672
6139300737024
6140162133504
6140534400000
6141428563968
6141757440000
6144000000000
6144864000000
6145227000000
6145352192871
6145661340000
6146560000000
6146955776000
6147187200000
6147200512026
6148096866723
6148796448480
6148825592832
6149873074176
6149988281250
6150134751651
6150284800000
6150649860000
6150652962552
6150730730085
6151556275200
6151782175000
6151833971712
6152015100000
6152178106368
6152265000000
6152559379200
6152756500800
6153651271680
6154513312500
6156000000000
6156045774720
6156600372000
6157573032960
6157640925184
6157836288000
6158028800000
6158164320000
6161208089400
6161674281984
6161786769600
6161962752000
6162297075000
6162501262500
6162597656250
6163133435470
6163160629248
6163463713875
6163645816125
6164217593856
6164418356250
6164527564800
6164874240000
6164899674537
6165314424256
6165498691584
6165638922240
6166210050000
6166256025600
6166569322368
6166858199040
6166924250760
6167148506112
6167575953000
6167735865088
6168023437500
6169176000000
6169277791404
6170335805088
6170398818304
6171177922560
6171494934528
6171746490000
6171868628992
6174140544000
6174680118750
6174883708928
6175039884624
6175160712000
6175425484800
6175503360000
6176246432625
6176257081344
6176262960000
6176276568000
6176699941797
6177290853888
6177346053120
6177366126540
6177411135000
6178001625000
6178134485250
6179793750000
6180243148800
6180315487500
6181061906250
6181641960858
6181984665600
6183475200000
6183479148544
6183529791264
6183777600000
6183896616000
6184358400000
6184469793411
6184935781875
6186122772480
6187154220000
6187352624640
6187915109376
6188097300000
6188600929005
6188753894400
6188984739000
6189379485696
6189712662616
6189774071040
6189891159375
6190041876480
6190078125000
6190128045738
6190224768000
6190312500000
6190408022400
6190709765625
6190891499520
6190918593750
6191196036088
6191576822912
6192271800000
6192313936200
6192833771520
6194238277500
6194380800000
6195603665664
6196500000000
6196507078272
6196624203375
6196946080000
6197831640000
6198412896000
6198486328125
6199395471360
6199600781250
6199603200000
6200508254514
6200808075000
6200859033600
6200896666048
6200909365248
6201487734624
6202300924512
6202792968750
6202813317120
6203615425020
6203749419000
6204056143320
6204537973881
6204642591744
6204781440000
6205657185000
6205853981250
6206133043200
6206227742720
6206250375000
6206603484375
6206978445525
6207230880000
6207971434496
6208848800000
6209672000000
6210352512000
6210355200000
6210632862720
6210846720000
6210897271776
6211569576960
6211595451600
6211720120320
6211867200000
6212257324900
6212501064000
6212525767000
6212748118941
6213507300000
6213667950000
6213719465856
6214624129728
6214656000000
6214873600000
6215444820000
6216265824120
6216382260000
6216707875840
6217199898624
6217309658565
6217314468750
6217513549824
6217595133750
6217641492480
6218564990976
6220198026080
6220251184500
6220800000000
6220953446400
6221148831744
6221824000000
6221969510400
6222011848533
6222042337500
6222482106750
6222499024896
6222604405248
6223244544000
6223392000000
6223976562500
6224626800000
6225656404086
6225985080000
6226085250000
6227280000000
6227320584375
6227523993600
6227532983250
6227742044160
6228526298400
6229262860288
6230675146752
6231271258800
6232215650304
6232564800000
6232607467632
6232611840000
6232996346904
6233013156864
6233152640000
6233396967000
6233465712500
6233766750000
6234421357500
6234983015625
6235144667136
6235574400000
6236451277650
6236893458432
6237037363200
6238283795016
6239027200000
6239252759040
6239535916075
6240121524000
6240235443750
6240557222055
6240988723200
6241124352000
6241234761216
6241536000000
6242243994624
6242370748416
6242600000000
6243817140792
6244387946496
6244761600000
6247674342000
6248893321125
6249568131872
6249920000000
6250419302400
6251241150000
6251438799585
6251731200000
6251812875000
6251945656320
6252204000000
6252350220900
6252697152000
6253052904000
6253448527872
6253472382976
6253549885440
6254680032000
6254808596480
6254999109632
6255184435200
6255671845248
6255948515328
6256256312250
6256320000000
6256584016704
6257426175000
6257790762048
6258150940860
6258570700800
6259004669952
6260312604672
6260397412500
6260436000000
6260718829568
6261612961968
6261629224500
6261662880000
6261700252320
6262272000000
6262626781250
6262837000000
6263849147325
6263896012500
6263917920000
6265119965184
6266021540625
6266641750824
6267005614080
6267456000000
6267545900000
6267788122680
6268351186944
6268539375000
6269710720000
6272373090768
6273086368563
6273179136000
6273547878125
6273819256320
6274663530240
6275083167360
6275190407024
6275491200000
6276176492400
6276896374490
6277072725000
6277603368960
6277923864576
6277969293750
6278106528000
6278912640000
6278982893568
6280437187500
6281338050000
6281625600000
6281644824000
6281697987243
6281956248750
6282271457280
6282353068880
6283239825408
6283333438200
6283414416960
6283863360000
6284039062500
6284275740288
6284296728360
6285951984375
6286462730240
6286800000000
6286896000000
6286947030000
6287189207040
6287537520000
6288143400000
6288539113472
6288598701000
6288784634880
6289041550000
6289971195375
6290156250000
6290208400000
6290861359104
6291053346816
6291054687500
6291611189248
6291761795550
6292559520000
6292712448000
6292815200000
6293419155072
6293537029120
6294937500000
6295032806400
6295181419800
6295218750000
6295263975000
6296244480000
6296261025600
6296342906880
6296875000000
6297907469184
6297950501406
6298058812500
6298156892160
6298413220000
6298560000000
6298599037500
6299114269500
6299233600000
6299270053888
6299849945088
6299881320480
6299976501850
6300324541875
6301120945896
6301250000000
6302221632000
6302755042650
6302794178043
6303268125000
6303480750000
6303744000000
6304159680000
6304218862500
6304472425440
6305121000000
6305561356325
6305588819712
6306382877130
6306907815936
6308727040000
6308946393750
6309571393125
6310192204800
6310401292800
6310925440000
6311573315712
6311573712257
6311589762816
6311626963656
6311882921526
6312297600000
6312744357120
6313519080000
6314250342816
6314408685000
6314483010780
6314530658625
6315029325000
6315472800000
6316421141520
6317015993750
6317050781250
6317158349040
6317236224000
6317539937280
6319138406400
6319832599080
6320412426240
6320664524538
6320706819525
6321039484500
6321691740000
6321845376000
6323141994496
6323247017984
6323430400000
6323463727125
6323633750000
6323915980800
6324369333750
6324388761600
6324476347008
6324493271040
6324626306250
6324810240000
6324912000000
6325057200000
6325455628800
6325457370624
6325572825000
6325815234375
6325862400000
6326230974464
6326273664000
6326409712896
6327049239300
6327066178125
6327360000000
6327597656250
6328022990625
6328125000000
6328295424000
6328655843328
6328909611360
6329328768336
6329539729800
6329705379592
6330094977024
6330405519360
6331398584000
6332239660032
6332303250000
6333348206592
6333374240640
6334192730250
6334311375000
6334524000000
6334716796875
6334781360544
6335301600000
6336741083400
6336800000000
6337500217344
6338790162432
6339286800000
6339500640000
6341017100000
6341124487500
6341400576000
6341609214720
6342899996160
6342973636608
6343119365625
6343154296875
6343695540000
6343789959360
6343884800000
6345320696064
6345343184256
6345523993536
6346128847968
6347174805504
6347497291776
6348375000000
6348422205180
6348457285632
6348483101184
6349687500000
6349870800000
6349913578125
6349993574400
6350067900000
6350400000000
6350467200000
6350727138210
6351457738500
6353287346250
6353444991375
6353652275712
6353661600000
6354240372648
6354256875750
6354306525000
6354452643840
6354504000000
6354660585015
6354883386126
6355200384000
6355314945000
6355442925216
6355968750000
6355993084749
6356204421120
6356298926250
6356718950400
6357120774144
6358414976256
6358542561280
6358593150000
6358816522240
6359157546903
6359803538400
6359998267392
6360306624000
6360456960000
6360882482241
6361601089536
6361626385408
6361839927296
6361903102464
6361957097172
6362728983296
6362870456250
6363636890625
6364208987136
6364563660000
6365146815963
6365482200000
6365595709200
6365664000000
6366215274496
6366727514112
6366873383750
6367004271810
6367088332800
6367961600000
6368211763200
6368372195328
6368665600000
6369114721800
6369537025656
6369537212928
6369801335282
6370119112500
6370242278400
6371021184000
6371241980400
6371764439040
6372158203125
6372753408000
6372765854784
6374092450000
6374142720000
6374208411648
6374353010688
6375177900000
6375897344000
6375997016064
6376348987470
6376421756250
6376485800960
6376708800000
6377143385250
6377292000000
6377619600000
6378884582400
6379949205000
6380451000000
6381143234829
6381353472000
6381475340625
6381498816000
6381592767225
6382458250000
6382998494208
6383068889600
6383377152000
6383858273100
6384047470080
6384570609375
6386747656250
6386900000000
6387888697344
6387955200000
6388138120320
6389216280216
6389400981600
6389812008000
6389884440576
6390000000000
6390026503200
6390530300000
6390851734400
6391036080000
6391052946432
6392918310912
6393392694000
6393530475000
6393987072000
6394588200000
6394671360000
6396122828403
6396201676800
6396531628032
6398080625412
6398866760832
6399656460288
6401138738688
6402003350400
6402256896000
6402441902112
6402679171875
6402761883648
6403047530159
6403288320000
6403371975000
6403745065536
6403816161280
6403973400000
6404792352768
6404996300500
6406452000000
6406538647320
6406752665600
6406816500000
6406817022936
6406926937500
6407060612940
6407226562500
6407604403200
6407656412976
6407751097440
6409121355000
6410191648770
6411047032800
6412095631872
6412167815625
6412492800000
6412541418648
6412547682000
6412568955408
6412752377856
6412906266624
6413789242116
6414579214395
6414600765440
6414718205952
6414979106250
6415171875000
6416132148972
6416458138818
6416910720000
6417478125000
6417808370820
6417873000000
6419047717376
6419146387500
6419492352000
6421059993600
6421201171875
6421615200000
6421882025664
6421882500000
6422764725000
6422991734250
6423167745225
6423183360000
6423296289930
6423654510000
6423735435264
6424086620160
6424482825747
6424643764224
6424704812214
6424750000000
6424882053120
6425135861760
6425259864660
6425448140800
6426225000000
6428160000000
6428493926400
6429787693056
6430327200000
6430436100000
6430629298176
6431165503488
6431609454592
6432331753125
6432723198720
6433085767680
6433378959280
6433879955778
6433958393856
6434542968750
6434738646336
6434856000000
6435496301584
6436111500000
6436370130840
6436477687500
6436729877760
6437216452608
6437833758720
6438438420480
6439910400000
6440006493648
6440365568000
6440463912960
6440696858700
6440715388800
6441173401600
6442235402750
6442401792000
6442614956250
6442816265820
6442862985216
6442911677475
6443256250368
6443392665600
6443737546752
6443803800000
6444459273000
6444952312500
6446246596608
6446540390400
6446676936960
6448341690000
6448538281250
6448845312000
6449212224000
6449789140992
6450418698240
6450420121600
6450658948800
6450856720425
6452488350000
6454694873200
6455101330944
6455257583346
6455520115200
6456236270904
6456443904000
6456782094336
6457008150000
6457506693120
6457799040000
6457962087500
6458071032000
6458182353000
6460029296875
6460356828024
6460593750000
6460730129700
6462041260032
6462271200000
6462857250720
6463690583040
6463848063456
6463868400000
6464351643750
6464647000000
6464864000000
6465465600000
6466168140705
6466521600000
6466613454000
6467750030560
6468660000000
6468849893376
6469724800000
6471163781250
6471355275000
6471600300000
6471688971020
6472327680000
6473005962500
6473217274880
6473908224000
6474332707080
6475201108992
6475569408000
6476676800000
6477490687500
6477761740800
6478098232320
6478862112000
6479069688000
6480000000000
6480333814500
6480522109152
6481313169408
6482634718000
6482768600000
6483117420000
6484315887500
6484647881250
6484896000000
6485401125000
6485720252220
6485987487616
6486750000000
6487052517396
6487778223045
6487969509000
6488936272350
6489202005000
6490195200000
6491429683200
6491648655360
6491708596656
6491891302400
6492704528025
6492861564192
6493029978708
6493121840625
6493524553152
6494974295040
6496084650000
6496089600000
6496430718750
6496497016236
6496623914625
6496772423680
6497526536865
6497581315680
6498000000000
6498098380800
6498164062500
6498640844280
6498798780672
6498849053970
6499221624000
6500455518465
6500460267753
6501559402240
6501587840000
6501863520000
6502311504000
6502324218750
6502444229736
6502500000000
6502940928000
6503936516064
6504182710272
6504570777600
6504646912500
6505391812608
6505927671168
6506552812500
6506716200192
6507127111680
6507396000000
6507666433548
6507842503680
6508141860000
6508512000000
6509528480000
6509556900000
6509824200000
6509875246875
6510152250000
6510247603200
6510400000000
6510486675000
6510730267392
6511045346442
6511097600000
6511151010375
6511376158623
6511443946875
6511602493440
6513394956288
6513796196271
6514278400000
6514355764224
6514523832320
6515061374976
6515291700000
6515772544512
6515817120000
6515886392928
6516192150000
6516576878592
6516611481600
6517048459040
6517275017400
6517313187840
6517449050112
6518006404875
6518532043800
6518918900736
6519326736384
6519678344960
6519926335725
6520082688000
6520174404632
6520308087510
6521037600000
6521639403520
6522057543168
6522538880000
6522604429500
6522782515200
6522943832064
6523125000000
6525617280000
6525990030000
6526930239648
6527863502000
6528000000000
6528325386240
6528350289920
6528494945280
6528523567104
6529351680000
6529455878400
6530178680415
6531140512000
6531207927384
6531320250000
6532545576960
6533067985920
6533144454375
6533991774720
6534000000000
6534495795744
6534677600000
6535281437685
6535378559115
6535809865728
6535826108406
6536152756224
6537389512500
6537854400000
6538424911200
6538521528000
6538644000000
6539062500000
6539129146368
6539803869312
6540273911808
6540291843750
6540664521672
6541217353125
6541376624640
6541516800000
6541709610240
6541956513792
6542609203200
6543114240000
6543437709600
6543642966354
6544325394432
6544452644352
6544536482700
6544724852736
6544869870924
6545121214464
6545223351000
6545718112239
6546086400000
6546142425375
6546778924608
6546872336384
6546873198096
6547448685088
6548115234375
6548330880000
6548919300000
6550749559431
6551015625000
6551782503588
6552000000000
6552286836480
6553301587968
6553600000000
6554281250000
6554691584000
6554749500000
6554775700000
6554832076800
6554908800000
6555152058000
6555981792906
6556148409958
6556181299200
6556334400000
6556343472000
6556387617000
6556999100000
6557052902400
6557106125232
6557480645625
6557563256832
6557969851776
6558605235000
6558716211712
6558926102848
6559048286208
6559426191360
6559508736000
6559684840800
6560104687500
6560580096000
6560693184000
6561337595904
6562221120000
6562376375500
6562464984768
6563667651975
6563767006251
6564156387750
6564542939136
6565063591125
6566059843200
6566108558625
6566264317008
6566448826368
6566451168186
6566840139776
6567035140224
6567158776500
6567711356250
6567755425000
6568067564604
6568504166400
6568864087500
6568915500000
6569164800000
6569335937500
6569732812500
6570084165047
6570377216000
6570439400000
6570571538232
6570880800000
6570966796875
6571914787746
6572572554240
6573535092306
6573563601774
6574075200000
6574555537200
6575206078125
6575648236209
6575980950000
6576196740750
6576467968000
6576920212500
6577364312064
6577707376548
6577822218240
6578049712500
6578896896000
6579200000000
6579822053376
6580373280250
6580438444800
6580461894300
6580634368000
6580828800000
6581912064000
6584094720000
6585989960616
6586178073696
6586272000000
6586915190625
6587578800000
6587952224256
6587996194800
6589190534976
6589292544000
6589493633250
6589582608672
6589687500000
6589948252160
6590210726736
6590524500000
6590538000000
6590578176000
6590953152000
6591375000000
6592090118625
6592818191470
6593050800350
6593397640632
6593906250000
6593979820032
6594096600000
6594170820250
6594369350976
6594468249600
6594641527500
6595446404736
6596156390400
6596596371456
6596714234880
6596769102336
6596880468750
6597237715200
6597264834000
6597912628125
6598511564778
6598532325000
6599024640000
6599316240000
6599577600000
6599631168000
6601009889280
6601174324272
6603154425000
6603629178960
6603712634880
6604665193665
6604894771200
6604942113792
6605089920000
6607593274464
6608197268750
6609527542800
6609607409664
6609678630912
6609980121696
6610101132096
6611398557696
6611723616256
6611888756250
6612316001280
6612585525000
6612883200000
6613032222720
6613333881000
6614230724640
6614731335744
6614800200000
6614863200000
6614875238400
6615123693750
6615654223360
6615666671904
6617189786688
6617855001600
6618360053760
6618744078336
6618863820960
6619218061500
6620020736000
6620119734375
6620181860250
6621466824000
6621779970000
6621890625000
6622204160000
6623285760000
6623907840000
6624484819200
6624744192000
6624795352500
6624903168000
6626226207744
6626667801600
6626699299584
6626745365625
6626932655616
6629040000000
6629313245724
6629535574200
6630129119250
6630185016000
6630531747840
6630953818125
6631419746875
6632000000000
6632068594536
6632950464000
6633005137920
6633152343750
6633221160960
6633375000000
6633900000000
6633907937280
6633970200000
6634494501875
6635147173200
6635291520000
6635520000000
6635861826048
6636093750000
6636453120000
6636480400000
6636856477914
6638217951232
6638284800000
6638297765400
6638470450920
6639292413000
6639569379968
6639901212672
6640166140114
6640533900000
6640540000000
6640685926875
6641467830984
6642432000000
6642701848800
6642849369912
6643012500000
6643176360975
6643401701265
6644106000000
6644531250000
6644656250000
6644764129536
6644977020864
6645172668750
6645780421875
6645905445375
6646413722400
6646570202250
6646584960960
6647385636864
6648251258880
6648521206250
6648956764800
6649128401760
6649655512500
6650049448000
6650463191040
6650502053888
6651279360000
6651699264000
6652121763000
6652461225984
6652870400000
6653020323840
6653375599500
6653570560000
6653631600000
6654104736552
6655000000000
6655041699840
6655626022500
6656594370192
6656737481415
6656892550000
6657152880924
6657689769984
6658064179200
6658451353125
6658786338750
6659023437500
6659024577975
6659118400000
6660198239058
6660449894400
6660880317000
6661244967552
6661567640000
6661651562496
6661702164600
6661709071875
6662216277696
6662238854400
6662454528000
6662656842296
6662710080000
6662980800000
6663286413000
6664716288000
6664821539805
6665252832000
6666291741564
6666395904000
6666738355200
6667418634624
6667998046875
6668071787520
6668654528250
6669049589280
6669459523584
6670346147235
6670566262500
6670631124822
6672584506500
6673184000000
6673408000000
6673907994336
6674108906250
6674227200000
6674662600704
6674754209760
6674865750000
6675292968750
6675465830400
6675994434375
6676221657600
6676543438848
6677798400000
6678311286528
6678316800000
6678425600000
6679131604992
6679200000000
6679429120000
6679737168750
6680361600000
6680688300000
6681143040000
6681439090480
6682025390625
6682463200000
6682500000000
6683654250000
6683854205952
6684082031250
6684438325950
6684674850000
6685355118750
6685492350600
6685640664192
6685844490000
6686442000000
6686550000000
6687075336192
6687699051096
6688049730560
6689257344000
6689346666912
6689574846752
6689777339700
6689939921280
6690651820398
6691469400000
6691564949760
6691717725875
6692220000000
6692250240000
6692400000000
6692701766400
6692835093750
6693643008000
6693865200000
6694776562500
6694969951296
6695446044672
6695571456000
6695665770780
6695871682500
6695986608000
6696000000000
6696347840000
6696927756288
6697092939264
6697777102848
6698764800000
6699114823680
6699571676160
6700157169750
6700573440000
6700628144574
6700850000000
6701500534500
6702109759800
6702187038593
6702308711424
6702623686656
6703249843584
6704316501750
6704905299840
6705767906250
6706120622080
6706292242752
6707180712960
6707183616000
6707570688000
6707714457600
6708240000000
6708552857600
6709078125000
6709237910892
6710925416832
6711035100000
6711079392000
6711830118400
6711903971136
6711946302600
6712063488000
6712485570560
6712680405600
6712954859520
6712980553125
6713695715328
6713740919808
6714371708928
6714597093750
6716363259375
6716654493696
6716764518750
6717651812352
6717849600000
6718464000000
6718629722112
6719159334888
6719663059200
6719727071232
6721008304128
6721342031250
6721484800000
6722161954560
6722635116384
6723055696896
6723418293240
6723540573750
6723695164032
6724063886400
6724750015368
6724820025000
6725025000000
6725246115525
6725277992160
6725381555200
6725462400000
6725725913088
6726395671875
6726443480064
6726569472000
6726808402272
6726972656250
6727000000000
6727729833000
6727843769625
6728264676000
6729854976000
6730333740000
6731169984000
6731804851200
6731931800000
6732068724360
6732142969500
6732851538168
6733011024000
6733175066100
6734025462528
6734416998400
6734420352000
6734669943750
6734821710960
6734845504800
6735426048000
6735448544832
6736000352256
6738149376000
6738302238976
6738638400000
6738698789361
6738766650000
6738865351680
6739200000000
6739331245920
6739454279250
6740267821056
6740636000000
6740982753792
6742008000000
6742117788160
6742967091200
6743151456000
6743293011000
6743523031000
6744017918880
6744342528000
6745001155200
6745296470016
6746155891200
6746572800000
6747536250000
6747738117120
6748697088000
6748710912000
6748804786815
6748852521920
6749568000000
6750072584640
6750300281472
6750411696000
6750414600336
6750452846592
6750651600000
6750679040000
6751869696000
6752608537500
6752912924160
6753247312500
6753529549046
6753573028125
6753956470625
6754174500864
6755047907244
6755287612500
6755530369500
6755599190016
6756825600000
6756870309408
6757699829760
6759169913664
6759256356864
6759567360000
6760000000000
6760089705600
6761229205500
6761270880000
6761876275000
6762487108608
6763253760000
6763767349248
6763961385720
6764517900000
6764957079111
6765718868064
6766146463104
6767366247936
6767392063488
6767542015542
6768256320000
6768515200000
6770022525000
6770558340000
6771287577600
6771982421875
6771999750656
6772873060800
6773004000000
6773348155392
6773927086080
6774423552000
6774451200000
6774903995880
6775033466880
6775223520000
6775765631250
6776352000000
6777007990800
6777649905664
6777966018096
6778079294976
6778447441920
6778751388750
6779002608000
6779066224896
6779114930432
6779314437500
6779446779017
6780097752120
6780355050240
6780609626112
6780816000000
6781025298432
6781250000000
6781319114752
6781501440000
6781985718750
6782524875000
6782652471000
6782881628160
6782958984375
6784512748650
6784533590016
6785507033088
6786000113256
6786093600000
6787202400000
6787314293760
6787765921248
6788571990750
6788861896726
6789000000000
6789090277242
6789158775000
6789252218112
6789625959753
6789902792400
6789968756480
6790634113536
6792573060000
6792608249856
6793425072000
6793440637500
6793722369920
6794178560000
6794563878648
6794772480000
6794923038750
6795273419571
6795615234375
6797336832000
6797683200000
6797973600000
6798176000000
6798635430912
6798795933384
6799749862689
6799944038400
6799961907648
6800972709888
6801404037120
6801516540000
6801850368000
6802286277600
6802444800000
6803202244608
6803974621998
6804255209535
6804608318464
6805615804416
6806012129280
6806087887104
6806203150752
6806317942008
6806835000000
6807273291000
6807529575000
6807674159104
6808935628800
6808956566256
6809302514664
6809650634752
6810006264831
6810010453125
6810959925000
6811078059045
6811346554848
6811361199000
6811436250000
6811549696000
6812001337344
6812155350000
6812574065460
6812939823417
6813056613888
6813318758400
6813425203200
6813925453125
6814335937500
6814931760000
6815007581184
6815799475200
6816623941125
6816965591040
6817025359872
6817940990625
6818643121680
6818918400000
6819006982347
6819535800000
6819659581350
6819994048000
6820741444608
6820933109760
6821062377472
6821512706250
6821930970000
6822615121920
6822972200000
6823120911360
6823205049375
6823205286912
6823436086032
6824669478912
6824825222043
6824971468800
6825132916875
6825467904000
6826389405696
6827195735100
6827273178336
6827593006080
6827864062500
6828244718715
6828702236928
6829127384625
6829524450000
6829635162042
6830292992000
6830339862528
6830795059200
6830875012500
6830904960000
6831334195200
6831563200000
6832375557120
6832711480320
6832744249344
6833213178444
6833340416000
6833483057390
6833548800000
6833548953000
6833750000000
6833981689920
6834097425960
6834388838400
6834768398640
6835368601600
6835419021312
6835465144235
6835901025800
6836160441600
6837222656250
6837335746592
6837351281250
6838005420000
6838020486000
6838048000000
6838125000000
6838322400000
6838887510000
6839047798875
6840050860800
6841607976000
6841851966040
6841940142912
6842001757500
6842217828688
6842505969000
6842900881992
6843680370072
6843744000000
6843870412500
6844061952000
6845662262208
6846050469888
6846471143424
6846699200000
6847125000000
6847351875000
6847715700000
6847792774875
6848495351250
6848693775000
6849130659840
6849722880000
6850848331250
6851501353125
6853081029921
6853436325216
6853463136000
6854145480000
6854989824000
6855468750000
6855840000000
6856704000000
6857312000000
6857804800000
6857993060352
6858432000000
6859792800000
6860096405415
6860128275000
6860406208975
6860772600000
6861571411968
6861720590685
6862324218750
6862336547328
6862496036250
6862968750000
6863616414720
6863740140600
6865256466432
6865337014272
6865976033280
6866276769000
6866291531250
6866966937600
6867031080000
6867448458624
6868587821472
6868592640000
6869431296000
6869551528125
6871098178560
6871198950000
6872337350208
6872396484375
6872801177088
6872954880000
6873153011712
6873282087000
6873819973632
6873908644512
6874466615296
6874843365936
6875747424000
6876223254450
6876455399424
6876994162500
6877177970688
6877668704256
6878126178000
6878153527750
6878231136000
6878643899544
6878828125000
6880128579072
6880672915200
6880702878720
6880745883375
6882573680640
6882654240000
6882676703232
6882851136000
6883581250000
6883787187200
6883897245696
6884074137600
6884924523750
6885703890000
6885969131520
6886479600000
6886535496750
6886942501824
6887366793216
6887466649728
6887475360000
6887829168000
6888448000000
6889195348992
6889750000000
6889792000000
6890114614560
6890184000000
6890345141400
6891087280896
6891245048160
6891290175000
6891328125000
6891445471680
6891551100000
6891920437500
6892120188603
6892906027800
6893150625000
6893165812500
6893714400768
6893931082090
6894520673337
6894649813500
6894784040625
6894922442733
6894948335616
6895006942208
6895075178628
6896320512000
6896340839808
6897687468750
6897852000000
6900553060128
6901201181952
6901228623456
6902119873152
6902130690000
6902781050880
6903372256704
6903641390625
6904808064000
6905132043264
6905367583744
6905445356250
6906099200000
6906211312455
6906548187000
6907897810944
6908129280000
6908146165760
6908439037500
6908705973000
6908733000000
6909477120000
6909680775816
6910031841804
6910588375768
6914163618432
6914235600000
6914437447680
6914880000000
6914960937500
6915325248000
6915442583808
6915585600000
6916291272000
6917068021500
6917300000000
6917396004540
6917414515200
6917590350000
6918101602368
6918250962528
6918968160000
6919070400000
6919292878848
6919510623480
6919587675000
6919756800000
6920110080000
6920534491136
6920601600000
6920937975105
6921045120000
6921200000000
6921298125000
6921522855936
6921649968750
6922083000000
6922296342000
6922485504000
6922893186396
6923022858000
6923498706432
6923526001000
6923842748416
6925500000000
6925551496560
6925996630000
6926407500000
6926683593750
6926801994000
6927782400000
6927810560000
6928254542000
6930056250000
6930263577600
6931197000000
6932584209375
6933051740160
6933097089792
6933468360000
6933594937500
6933828825000
6933952468950
6934275031040
6934744793088
6935400709380
6935633100000
6935978727288
6937038028800
6937546870800
6937637850000
6938520268050
6939301600000
6939483992064
6940717875000
6940837515625
6941441422080
6941698670592
6942017984000
6942412800000
6942731250000
6942773440512
6943192464384
6943214801250
6944753376000
6944870988000
6945305472000
6945619000320
6946287552000
6946748901750
6947441280000
6948755859375
6948874183944
6949800000000
6950204928000
6950251828125
6950604960000
6951000420000
6951265699455
6951619872000
6951815858988
6952058880000
6952098585600
6953341171875
6954678198000
6955216800000
6955952607396
6956035120125
6956409600000
6956467273728
6956566364160
6956883693000
6956986905792
6957793935360
6957847019520
6958001191680
6958028859040
6958235902464
6958495989760
6958864078848
6960818592000
6961056032000
6961609462500
6961743750000
6962058335232
6962246156250
6962263621632
6962496328125
6963426745443
6964209025200
6964421343750
6964509081600
6964752936960
6965095540599
6965523925776
6965533575000
6965703475200
6966032679936
6966453731328
6966925258059
6967427072000
6968678400000
6969560555880
6970054123872
6970803840000
6971070463056
6971961724416
6972850828125
6972900390625
6973082515456
6973215480000
6973332608000
6973450704000
6973568802000
6974422963200
6974526371904
6974833867776
6975909084375
6976008749304
6976023035904
6977588540076
6977617920000
6978853687500
6978881126400
6979215360000
6979768592706
6980031300000
6981237559296
6981571574400
6982551920400
6982702848000
6982922158080
6983264425698
6983967863808
6984057031250
6984825430968
6986152800000
6986289063936
6986854400000
6987093750000
6987202560000
6987302784000
6988212275000
6988280226004
6988350600000
6988650240000
6988936106880
6989091487875
6989715798996
6990113894400
6990376443750
6990449218750
6991453710024
6991820881920
6992939826450
6993026441856
6993614960640
6993691607552
6995451498750
6995982680064
6997073332158
6997575467008
6997722779340
6997816800000
6998034434688
6998100203520
6998760519660
6999552000000
6999986000000
7000000000000
7000717862880
7001245495440
7001316000000
7001704448000
7001766813600
7002632247408
7002705150000
7003020810240
7003560722125
7003687680000
7003705362500
7004156949504
7004233215000
7004467200000
7005476782080
7006249287680
7006726112256
7007109120000
7007558184000
7008477762825
7008955555500
7010634881250
7010764312500
7010920000000
7011242606592
7011688320000
7011894988476
7012120890267
7012571587875
7012859239680
7012987593750
7014117187500
7015055600000
7015511045004
7015764000000
7016681953125
7017472962864
7017532610907
7017753600000
7017946251264
7018069269393
7018496100000
7019151360000
7019159353920
7020407808000
7020969900000
7021264896000
7021714867200
7022076006400
7022244100410
7022700000000
7022925000000
7024001600000
7024358323125
7024936439808
7025356800000
7025792400000
7027077037500
7027195941120
7027693378125
7028445379200
7028578713600
7028793208800
7029317671488
7029519286272
7029554048000
7030214100000
7030290758400
7030608200000
7030764148356
7031067411456
7031082528000
7031160000000
7031507288064
7032571875000
7032646293750
7033146400000
7033607387136
7033617448960
7033729500000
7034179687500
7035134765625
7036515036000
7037082489600
7037241120000
7037470668800
7037487522000
7037747200000
7037940400128
7038286430208
7038657018792
7040000000000
7040014607304
7040765362176
7041216000000
7041380673600
7042042022400
7042968750000
7043308683264
7043505556725
7044183628677
7044341990400
7044387918750
7044605116416
7044820107264
7045049550000
7045434375000
7045691625000
7045925079375
7046500000000
7047097200000
7047304687500
7047507796992
7047645696000
7047694832640
7047837941760
7047913429440
7048069232400
7048658232000
7048800000000
7049366732800
7049971969677
7050240000000
7050603190176
7050694669200
7051175577600
7051699814400
7051812348672
7052106796875
7053137068032
7053265147500
7053424560000
7054087040000
7055104000000
7055893258596
7055973682072
7056233676800
7056419727114
7056720000000
7056882000000
7057191662375
7057326528000
7058564311040
7058586240000
7058601792000
7059085647768
7059383323750
7059589207902
7059898440000
7060725126000
7060738412025
7061461050000
7061485616640
7061706815625
7061814580050
7062012559360
7062187500000
7062228719084
7062554362500
7062670098432
7063216782336
7063217700000
7063231968000
7064070750000
7064733669552
7064838144000
7065479390625
7066017939456
7066293062500
7067174400000
7067286026240
7067302734375
7067647202490
7067965478184
7068000000000
7068689316000
7068841219080
7069833819405
7070068482750
7071198765228
7071277418496
7072111200000
7073125416000
7074161325000
7074375000000
7074432052272
7074514916352
7074542592000
7075096875000
7075171743750
7075304570880
7076160000000
7076425781250
7076778529625
7077652348536
7077888000000
7077915617500
7078340984832
7079129460000
7079301504000
7079464022400
7079777126400
7080122722500
7080675803136
7081113600000
7081271697942
7081617134592
7081804687500
7082282262528
7082410871250
7083235737600
7083236160000
7083984375000
7084459628064
7085025915264
7085538410496
7086295148016
7086637800000
7086678810624
7086739046912
7086876451875
7087508480000
7087769568000
7088761064133
7088906250000
7089999336000
7090156339200
7090349878080
7091245904125
7091430724098
7091829013248
7092095512320
7092179640000
7092220549120
7092290304000
7092508431360
7093045241856
7093128264750
7093261125000
7093984499712
7093996284375
7095409230000
7095724843680
7096007393280
7097545728000
7098966230400
7099276800000
7100001216000
7100029448000
7100283564504
7100519980176
7101151200000
7101334800000
7102292480010
7102585405440
7103709770625
7103769660000
7104407990625
7105164853248
7105208647680
7105502250000
7105536000000
7105606323200
7105823010000
7106803142670
7106912583680
7107417616000
7107572957184
7108620976128
7110656000000
7110711562500
7111285334272
7111427457024
7111547891712
7111985776000
7112448000000
7113543275520
7113731719168
7113859200000
7114500000000
7114791043584
7115035890384
7115526000000
7116726925000
7117009846272
7117057872000
7120494864378
7120793272320
7120918552041
7121039062500
7121160320736
7122025709568
7122212849700
7122505001472
7122823407000
7122941056000
7122979963008
7122984960000
7123848901632
7123979362500
7124008320000
7125046020720
7125052980000
7125694875000
7125819402240
7126100296875
7126259765625
7126750742265
7126946611200
7127020982200
7127878238208
7128021752075
7128121376768
7128714313728
7128770052096
7129410140160
7129467194304
7130166750000
7130898189800
7130972160000
7131567456000
7131697650000
7131802106880
7133644237500
7134400000000
7135185915000
7135741267200
7135791018048
7136170097805
7136251460000
7136443367424
7136870400000
7136897040000
7137567360000
7137643808750
7138289746224
7138773565440
7140199248000
7140573253632
7140813520896
7140943192500
7141592367000
7142043488832
7142104195716
7142664830976
7143090094080
7143398437500
7143516571961
7144052256000
7144275600000
7144331307750
7144929000000
7145080856576
7145376000000
7145543109600
7145751838720
7145953165312
7146346176000
7147176750000
7147697995776
7148594840625
7149729313125
7149840000000
7150007214000
7150464843750
7151270935200
7151272184628
7151328000000
7151344200000
7151402246625
7151507921250
7151760870912
7151980492800
7152730112000
7153148620800
7154443604736
7154621743104
7154723727360
7154895421440
7154994886200
7155013824000
7155744768000
7156129099392
7156154775000
7156615348224
7156801225728
7156884994875
7157287750000
7157625106320
7158684739800
7158956046000
7159363200000
7159464895500
7160270377806
7160539448790
7161167475000
7161271999315
7161651200000
7161964862976
7163750000000
7164548820000
7164612000000
7165254062025
7165383680000
7165729153863
7166208000000
7166361600000
7167369369600
7167597255000
7167985664000
7169241564072
7169257265625
7169347584000
7169361586632
7169482457088
7169792112000
7169969664000
7170079150080
7170639918750
7170779353122
7170854006250
7170910560000
7171583718600
7171646179456
7172521180524
7173348994560
7173595856560
7173797400000
7174117996704
7174148231250
7174160988750
7174655294625
7174822050000
7175980449792
7177202723500
7177642500000
7178466796875
7178589033000
7179022656000
7179083413992
7179968839680
7180110445625
7180265531250
7180613701632
7180643205120
7180873305984
7180952500800
7181299296000
7182053403840
7183160156250
7183809825024
7184929048479
7185082320000
7185725662500
7185856204800
7186449600000
7187610992640
7187626019700
7188538509000
7188750000000
7189346587500
7189359548960
7189697265625
7189952343750
7190016000000
7190610369282
7190709313536
7191821415625
7191938257920
7192209024000
7192627200000
7193285885952
7194493051200
7194587400000
7195726886400
7195968000000
7196027343750
7197469344520
7197781500000
7198242187500
7198990130970
7199188195680
7199828508672
7200077423616
7200370905000
7200857309184
7201281081024
7201424724480
7202539008000
7202747139876
7202903685120
7203000000000
7203735000000
7203874073760
7203978000000
7204470075000
7204753920000
7205193600000
7205317345044
7206355835800
7206387222528
7206422446080
7206921462624
7207668562500
7208196384000
7209121920000
7209759375000
7210224450000
7210368068750
7210810463562
7210938735000
7212022272000
7212236800000
7212591477630
7213536000000
7213580481744
7213783449600
7214054400000
7214109095979
7214116142250
7214202880000
7215007812500
7215517532160
7215545057280
7215704939520
7215728751000
7216061078772
7217202515625
7217306664960
7217602966260
7218014478741
7218288000000
7218330018040
7219446850000
7221357360000
7221836221875
7221860800000
7221959129088
7222538400000
7222665827520
7222840819712
7223061250048
7223588642816
7224426496000
7224959526876
7225344000000
7225758990336
7226247168000
7226547471360
7226564262272
7226611323750
7226777600000
7227597600000
7227630259200
7227843750000
7227992309760
7228117907712
7228808523520
7229092147200
7229094137856
7229374416000
7229503125000
7229798113230
7230182529024
7230932775000
7230936115200
7231104562500
7231217172480
7232055667200
7232749535232
7233608448000
7233759691200
7233926296933
7234118100000
7234240612500
7234276087500
7234370659264
7234394259456
7234516351647
7235234051661
7235604440064
7235699328000
7235884096000
7235885422395
7235993600000
7236153800100
7236591796875
7236619315200
7236768000000
7236918000000
7237551329190
7237632000000
7238278540584
7238410608275
7238468340320
7239077406000
7239103200000
7239206926336
7239213000000
7239746262528
7239933339282
7242472440000
7242681600000
7242777386208
7243230255625
7243615306752
7243758305280
7244331614208
7244899200000
7245035494400
7245237086208
7246404893750
7247452800000
7248776527872
7249028567040
7249279275000
7249694838048
7249892106240
7250045667840
7252027421184
7252932225000
7254981347328
7255307059200
7255329177600
7255754089350
7255941120000
7256769822720
7256915858556
7256961486720
7256995200000
7257390182460
7257536917501
7257600000000
7257876037632
7257973872240
7259049393750
7259925657600
7260000000000
7261531732350
7261936000000
7261941423555
7261988997312
7262007858000
7262064600000
7263265804767
7263363343104
7263412079616
7263499392000
7264857600000
7265280884736
7265329911000
7265648351808
7265794921875
7266191537241
7266234486784
7266963600000
7267608625032
7267886825472
7268243374080
7270236684288
7270349239296
7270401245184
7270714407060
7270957056000
7271380480000
7271829071388
7271851950000
7272470390000
7272657419508
7272727875000
7272972000000
7273170358272
7273173980160
7273193359375
7273491583750
7273787040000
7274303553440
7274836800000
7277201326080
7277667490962
7277997760852
7280274684375
7280867328000
7281368640000
7282404458496
7282603572480
7283146752000
7284508785792
7284826080000
7285570977216
7285838284800
7286298624000
7287084000000
7287255985680
7287339150000
7287375769128
7287667200000
7289081209375
7289118720000
7289497600000
7290733363200
7290818700000
7291370520000
7291905280000
7291944000000
7292019271680
7292414440500
7293114675000
7294238000000
7294272988275
7295467520000
7295853035520
7296000000000
7296054251520
7296075694080
7296076265625
7296179968000
7296652125000
7296711552000
7296735923568
7297247232000
7297349231250
7297371648000
7297457062500
7297593750000
7300043637120
7300444225536
7300512416925
7300800000000
7301015190000
7301388697600
7302101376672
7302172550400
7302317496012
7302574272000
7302725074944
7303377715200
7303463200000
7304314060800
7304528000000
7305061708000
7305627893760
7306885267500
7307972742146
7308095231250
7308100800000
7308526604288
7308691353600
7308787200000
7308984375000
7310014496512
7310250000000
7311227222475
7311624327000
7311904879734
7312500000000
7312990583808
7313622243840
7315239376896
7315325915625
7315504035840
7315552616400
7315660800000
7316017921875
7316407296000
7316865024000
7317121788900
7317611642880
7317768605896
7317942570000
7318139400000
7318565789184
7318813016064
7319168630064
7319241648000
7319995772000
7321322816640
7321758454080
7322076000000
7322100371915
7322623384230
7323035900544
7323144111360
7323251512500
7323664875520
7324218750000
7324297509375
7325428746240
7325595320400
7327176718750
7327273768542
7328563200000
7328650234752
7329062656000
7329630126080
7330738688000
7331679516420
7332722455968
7332923520000
7333035494400
7333095015792
7334191068750
7334638138080
7334712000000
7335007140510
7335519981075
7335978904800
7336167300000
7336448437500
7336497991680
7336779878400
7336899077760
7337095987200
7337712844800
7337827252224
7338515625000
7338988800000
7339136000000
7339293743616
7339377117588
7339838837760
7340561982000
7340748800000
7341123778560
7341319440000
7341411926016
7341867122688
7341994193625
7342937677824
7343154131040
7343167948506
7343846439750
7343939561472
7344421875000
7345044406656
7345056537000
7345936465920
7346340852480
7346469179808
7346633580000
7346640384000
7347527221248
7348066976250
7348098566250
7350750000000
7350811710336
7350875169792
7350951813536
7351224234375
7351307770212
7352433096320
7352708688000
7353650479104
7353987024384
7354041585660
7355086200000
7355556000000
7355688593750
7355974500000
7356445312500
7356473671680
7357211237376
7357464576000
7357524295680
7358352155448
7358499219456
7359560690625
7359897600000
7359925072500
7360530186240
7360768800000
7361063433216
7362345443750
7362554746000
7363327631400
7363376269875
7364266684866
7364347200000
7364431872000
7364766689280
7365232347858
7365879770724
7366237270875
7366367473920
7366453120000
7366810132500
7367534212500
7367564160000
7367591540736
7368309585000
7368586534375
7369500000000
7369879104000
7369892578125
7370528256000
7370969186304
7371143550225
7371650587950
7371728991744
7373201741568
7373566406250
7374122662500
7374272400000
7374546065250
7374744059904
7374766080000
7374793608000
7375872000000
7375886406000
7376053938176
7376269598775
7376716431360
7376873472000
7377258663936
7377345013500
7377377356800
7378430889375
7378539918750
7378555738176
7378791865704
7379866154052
7380232704000
7380480000000
7380528100000
7380652608000
7380779832000
7381139945472
7381557445850
7381975040000
7382198089728
7382773107864
7382890625000
7382891889450
7383053276928
7383093300000
7384759200000
7385253906250
7387254929664
7387617187500
7387830450000
7388168000000
7388409600000
7388724853125
7388884800000
7389184000000
7389556975584
7389906446520
7390029937500
7390415376000
7391243520000
7391744325000
7393280000000
7394669936640
7395140025000
7395526656000
7395615750000
7395760122564
7395834600000
7396215966880
7396374979350
7396945920000
7397707825152
7397978568750
7398365331456
7398400000000
7399634619825
7399677100032
7399760062500
7400147040000
7402647609981
7402879401984
7403906250000
7404475161600
7404536747520
7404651072000
7405275596796
7405298184375
7405896960000
7405973284864
7406095788000
7406129561600
7406719198560
7407106560000
7408051402752
7408692117504
7408878400000
7409238705693
7409865495200
7410212100000
7410604032000
7410945808000
7410990985216
7411026150000
7411495719150
7412839351848
7412954112000
7413357612500
7413398437500
7413551923200
7413719040000
7413978624000
7414174351360
7414603683480
7414822296000
7415296875000
7415927168400
7417492992000
7418144531250
7418776780800
7418985799680
7419062999040
7419113281125
7419501270720
7420317584160
7420533120000
7421170917888
7421274373120
7421455183968
7421689331712
7421703487488
7421930187500
7422283280034
7422791270400
7422818863104
7423348865625
7424526251196
7425044480000
7425152043750
7425301092174
7425744613560
7426321114806
7426837231616
7427238275072
7427256061680
7428489626880
7428548728125
7429748480000
7429888589312
7430355900000
7430600320000
7430726160000
7431364833984
7431635599360
7434267750000
7434490162176
7434913024000
7435665392337
7436007502560
7436349514368
7437118937500
7437352126050
7437458336490
7437500000000
7437619200000
7437816488960
7437976842240
7438263762944
7438473388800
7438693536000
7439493600000
7439857425000
7440174000000
7440357524292
7440556200000
7440975360000
7441194681648
7441572752712
7441650225000
7442792448000
7443579260000
7443819147520
7444091074464
7444158626520
7444338510024
7444358559846
7444428488704
7444889600000
7445057372160
7445281480000
7447009679360
7447523328000
7447750000000
7448000000000
7448055381760
7449150177000
7449156802560
7449502466250
7449680160000
7450077009375
7450420251648
7451780671440
7451864224506
7452614400000
7452753100800
7452795863040
7452900000000
7454708789880
7455000000000
7456121487360
7456626527625
7456766191875
7456963270625
7457487077376
7457848320000
7458107527332
7458637889024
7458744674304
7458780551040
7459435546875
7460185955040
7460779622400
7461127428300
7461169790976
7461919148544
7462069272000
7462235289600
7462322841600
7462546875000
7462975602688
7463579418624
7463994967296
7464237631296
7464366000000
7464843750000
7464849244160
7465788690750
7466040450000
7466339584000
7466363412480
7466450805000
7466950656000
7467679850400
7467995195136
7468070400000
7468236840625
7468362000000
7468893071640
7469515552464
7470352027008
7470444659720
7471208356092
7471302300000
7471967319040
7472485612800
7472596032000
7472736000000
7473290452992
7473652725000
7473935700000
7474216960000
7474619250000
7474728729600
7474748093750
7474896000000
7475193446400
7475238281250
7475676975000
7476521730048
7477408081080
7477441846875
7477696909375
7478519552000
7479445507072
7479720589824
7480047411200
7480076360400
7480158855000
7480383188992
7480520100000
7481170329600
7481241600000
7481305629000
7481511112848
7481668141056
7482035404800
7483073664000
7483555961856
7484479200000
7484657474080
7484684663808
7484866062336
7486035722240
7486570925064
7486875000000
7487443099290
7487751432672
7488408018780
7488668666466
7489004118750
7489120665600
7489349222400
7490422964224
7491265889562
7491602352000
7491988080324
7492001071104
7492137120000
7492165660800
7492431052800
7492497318900
7492550620464
7494263595000
7494358007808
7494903447552
7494993312408
7495488947583
7495548840000
7495675670528
7495853400000
7496197214625
7496663040000
7497262500000
7497318400000
7497805824000
7498072968750
7498537200000
7499489639040
7500808060928
7501334459400
7501625539485
7501718224896
7502000000000
7502334787584
7502722246656
7503125000000
7504826204160
7506221322240
7506362930976
7507332000000
7507749461760
7507812500000
7508223590400
7508872800000
7508995425792
7509223968750
7509983040000
7510211654400
7511731940160
7512399282176
7512517929735
7513228800000
7513976954562
7515406800000
7515653418000
7516618976790
7516831363129
7516903680000
7517379858912
7517511106560
7517771100000
7517812500000
7517940514560
7519491128380
7520173559808
7521345747216
7521575051250
7522247250000
7524679680000
7525772800000
7526006400000
7526258049024
7527166075926
7527168000000
7527264998272
7527653616000
7527903075000
7528322587500
7528468147200
7529054109696
7529173696512
7529536000000
7530732421875
7530951552768
7531199216640
7531287808000
7531454306160
7532028000000
7532089344000
7532091777692
7532225120000
7532275649388
7532376800256
7532517888000
7533000000000
7533062121984
7533155395584
7533176175000
7533391320000
7533563152500
7533652000000
7534114099200
7534576800000
7535975097600
7536028006962
7536110400000
7537191616512
7537653033984
7537667604480
7538456250000
7538695312500
7538823682656
7540097300352
7541156074032
7541179800000
7541319075840
7546061250000
7546079136960
7546287006720
7546462200000
7547088473694
7547479909515
7547712890625
7548090181632
7548188792760
7549323005952
7549401600000
7549691078125
7549747200000
7549818345277
7549914487500
7552488172320
7552907679744
7552920684375
7553918435328
7553941504000
7554401293824
7554482207181
7555394880000
7556019634944
7556039966720
7556426718750
7557240600000
7557469962240
7557580800000
7558095864000
7559216784000
7559516160000
7559692955136
7559971802220
7560000000000
7561840803840
7561908158688
7562330112000
7563845579895
7563871756800
7563982694400
7564567511040
7564571872200
7564824576000
7565422528125
7565484032000
7565849851725
7565922126000
7565937500000
7566673627590
7566914000000
7566960128000
7567390656000
7567522560000
7567659452556
7567875000000
7568000921600
7568359375000
7569234784375
7569541638400
7571426508800
7571793600000
7572623385600
7573110528000
7573423275000
7573577314905
7574637402000
7574927818752
7576612084800
7576674424830
7577290422000
7577292800000
7577354304000
7577379612936
7578090130000
7578707355648
7578765425000
7578889224192
7578959403125
7579506965184
7580590018848
7580866344285
7581000000000
7581191406250
7581204480000
7581338943750
7583025340800
7583452056576
7583621760000
7583795856000
7583842086912
7584516000000
7585801494000
7586043907806
7586044921875
7586263912500
7586463409875
7586534801408
7586823372480
7587456215625
7587855792000
7588079291392
7588458528768
7588754731250
7589181600000
7589243200500
7589355345000
7589894400000
7590248949696
7590546754560
7590721009536
7590865010688
7591034880000
7591096665504
7591918371840
7592201555400
7592459087160
7592714019072
7593264000000
7593342382080
7593441584400
7594173555804
7594259452416
7594371671040
7594483050000
7595567787500
7595824005000
7596427860000
7596484784928
7596670648320
7597022400000
7598094680064
7598223360000
7599339601920
7599436238880
7599606300000
7600049088768
7600056512000
7600424832000
7600468322304
7600486523760
7601755392000
7602424872000
7602737725440
7602784410000
7603857828000
7604691127488
7605900000000
7606187776000
7606370304000
7606429740000
7607005286400
7607685120000
7607877200000
7607889349632
7607920399200
7608168750000
7608174721056
7608396364800
7609091990409
7609204428210
7610082637500
7610312500000
7610313803400
7610504839168
7611120000000
7611169603125
7611457351680
7611655130352
7611914770992
7612434648000
7612704000000
7613220160000
7613316071424
7614259200000
7614464962624
7614925634547
7615068268500
7615137131784
7615269623808
7615609792000
7615835799552
7617435920640
7617579200000
7618414003200
7618560000000
7618619133216
7618738176000
7620153554944
7620361328125
7620732370944
7621257600000
7621734400000
7621766995365
7622543880000
7622891289000
7623504300000
7623578428368
7624133989650
7624316700000
7624822663692
7625130459807
7625210064498
7625984905476
7626377934000
7626496000000
7627162500000
7627558711500
7627861917696
7627929781248
7628027648000
7628290525440
7628418000000
7628815872000
7628906250000
7628940780318
7629170270733
7629390625000
7629882812500
7630025195520
7630303897937
7630340484375
7632486400000
7632600288768
7632686953125
7633447180800
7634184461280
7634566877184
7635234501216
7635585564288
7635723187500
7635930389120
7636569292800
7637100800000
7637136192000
7638462000000
7638858798480
7639358086800
7639688306250
7640248060500
7640405850000
7640562686400
7641501565500
7642151858131
7642252800000
7642851562500
7642937666160
7643462400000
7644119040000
7644148866900
7645459816800
7645645624320
7646159296512
7646459223312
7646936020416
7647035370000
7647393600000
7647507711207
7647602688000
7647677401000
7649894596608
7651596837500
7651706107500
7651938336768
7652081664000
7652424780000
7652510401536
7653455468750
7654509158400
7655428862640
7655934274560
7657161635200
7657368846336
7657860736656
7658182452375
7658341075000
7658439516000
7659366400000
7659554011200
7659673528320
7659682667520
7660670320640
7660856964096
7660863478125
7661318117376
7662037500000
7662329915625
7662865781250
7663734750000
7664429261853
7664774040000
7665968977920
7666516611468
7668172800000
7669157535403
7669754400000
7670044800000
7670543155200
7670795774400
7670925682200
7671955078125
7671977775000
7672352512000
7672816256625
7673825250000
7673978880000
7674054829056
7674103091200
7674316406250
7674391331250
7674433593750
7675843725000
7675878712320
7676176564224
7676365596786
7676480109375
7676928000000
7677026000000
7677196800000
7677542400000
7677712852992
7678517575680
7679688081408
7680164252544
7680605137920
7680912521472
7681533750000
7683654954052
7683694720000
7683984000000
7684046370000
7684223044608
7684342364160
7684366218750
7684812800000
7685293824000
7685428588992
7685508600000
7685995560600
7686645350400
7687507968000
7687856000000
7687968750000
7687984624000
7688000000000
7688316203190
7689065201664
7689445344000
7690246515000
7690945626000
7691440380000
7691989877676
7692776340480
7692890625000
7695057218400
7695409920000
7695620004618
7696029100032
7697102340096
7697182660776
7697495057274
7698263492241
7698287712500
7698559199232
7699169280000
7700837114880
7700840448000
7701370044984
7701447600000
7701449932800
7701510111750
7702092852480
7702233462000
7702339619520
7702439786496
7703015625000
7703126578125
7703322891264
7703680162500
7705152000000
7705313376000
7706443264000
7706620584000
7706643030320
7707033600000
7707151576800
7707524544000
7707820032000
7708314002400
7708572748800
7708655313450
7709261484672
7711470000000
7711597239255
7711621120000
7712789847168
7712796672000
7712919756360
7712998522880
7713792000000
7714368668160
7715030400000
7716547254528
7717266900000
7718466502656
7718807395000
7720054751136
7720328700000
7720361662464
7720839843750
7721503453125
7721707658175
7721827200000
7722000000000
7722532021248
7723372610016
7724138932224
7724468510451
7724765615616
7724948520960
7725400510464
7725409965000
7725545295297
7725841760000
7726005787500
7726763606016
7727420220000
7727743505664
7728927911250
7729024064256
7729497483500
7730098818750
7730241583680
7730448000000
7730680042917
7730717829120
7730877600000
7732112256000
7733266944000
7733926330368
7734060873000
7734162358272
7734190780800
7734198786678
7735705600000
7735710937500
7736393728000
7736748830720
7737140828270
7737279545359
7737615898362
7737750689760
7737780960000
7738010028000
7738474386987
7738614374400
7738681640625
7738995045110
7739471028640
7739670528000
7740144651456
7740392420250
7740637986816
7740758919168
7741059006186
7742279274912
7742797846875
7742895390720
7743146400000
7744109248512
7744504582080
7745633847840
7747504257024
7748519936000
7748683145280
7749015386112
7749504000000
7749766375936
7750000000000
7750263262500
7750472688000
7750729659582
7751457000000
7751602520064
7751859668280
7751953125000
7752057642240
7752146688000
7752701446875
7752744140625
7752876155640
7753665920000
7754150405682
7754519281275
7755185433600
7755428700864
7756206550911
7757100000000
7758960316848
7759038600000
7759145392128
7759572525432
7760677392000
7760724701184
7763135485952
7763203012500
7764229687500
7764494314500
7765217280000
7765321656125
7765626330000
7766026765224
7766668700000
7767089897280
7768280162160
7768770750000
7768780800000
7769964331008
7770052495296
7770091732992
7770332280150
7770481152000
7771142700216
7771385037312
7771815936000
7772017792000
7772723887500
7773161760000
7774411922739
7775059968000
7775247532600
7775313980625
7775725340988
7776153335808
7776412000000
7778031435776
7779240000000
7779279414816
7779740904000
7780033800000
7780256000000
7781134233600
7782327306250
7782402978959
7782457868288
7782864302664
7783208984375
7783796143750
7783863091200
7783954200000
7785320400000
7785657873000
7786350415872
7786460390625
7787343375000
7787812500000
7787841796875
7788984053760
7790618880000
7790759334540
7790863564800
7790886125568
7791187500000
7791245433630
7791339110400
7791746208750
7791832140625
7793026696875
7793755200000
7794286359750
7794624944128
7794868400000
7795328620800
7795394740224
7795658038000
7795751040000
7797715695000
7798880180000
7799500800000
7799580971875
7799858416000
7800000000000
7800151905000
7801442604032
7801587892224
7802321912658
7802396787500
7802976068199
7804771425990
7805160000000
7805297328048
7805805408000
7805840679936
7806015360000
7806622924800
7806714300000
7807500800000
7808401582080
7809148620000
7809411004416
7809531904000
7809770232000
7810000000000
7810264788480
7810397058240
7810620120576
7811907452928
7811960164840
7812500000000
7813068834816
7813968750000
7814555274240
7815000000000
7815225600000
7815437776125
7815548860416
7815871440000
7817231389500
7817483456937
7817579827200
7817873456250
7818980544000
7819259389760
7819360163328
7819430580000
7820458150848
7821142272000
7821319274496
7821785088000
7822055688960
7822688676075
7823395890625
7823614013952
7824491136000
7824598978560
7824638333952
7825875237999
7825888000000
7825898536960
7825960800000
7826241280000
7826494154625
7827078600000
7828254720000
7828307988480
7829243136000
7829540950000
7830813604284
7830960282000
7831145152512
7831186272000
7831221658624
7832092605624
7832132240625
7833309120000
7833436202400
7834735153350
7834853520000
7835731623936
7835755511808
7836082974720
7836214416498
7836416409600
7836961275000
7837491200000
7837550622792
7837808461824
7837841457152
7839088266240
7839763200000
7840146600000
7840719710208
7841310889356
7841708160000
7842454270938
7842656250000
7842890880000
7843080960000
7843183425000
7843988008780
7844579343360
7845220615500
7845623362500
7847962214400
7848035520000
7848134765625
7848222720000
7849495094364
7849820160000
7850053288448
7850557440000
7851661424640
7852633620480
7852941336100
7853090918400
7854268021200
7854629916672
7855008645120
7855179528000
7855370910450
7855765809375
7856896868352
7856963846784
7857100934144
7857632000000
7857997056000
7858683787500
7860313393152
7860715632000
7861363107840
7861738809375
7861894425000
7862192100000
7862277830400
7862537797632
7863726925824
7863878131200
7865890560000
7866182469600
7866806062500
7867612166400
7868791008000
7868976774750
7870262400000
7870326282000
7870543872000
7870791430656
7872272400384
7872512000000
7872657408000
7872831820800
7872928903125
7873992032256
7874359101252
7874496000000
7875257702400
7875500000000
7875528321024
7875760200000
7876480500000
7877814827337
7877839612500
7878043293750
7878502521600
7878788531250
7879000064000
7879104921600
7879874365440
7880273578125
7880448476160
7880889225118
7881161379840
7881532388352
7882088527872
7884864000000
7885499793408
7886156387616
7886346354432
7887087065088
7887647932416
7888001616000
7888071600000
7888149360000
7888659185664
7888726223532
7888890240000
7889233553760
7889466644640
7889568293376
7890529296875
7891898850000
7891937550000
7892807712768
7892812928520
7893103763475
7893197928000
7893386661888
7893600000000
7894113187500
7894326960128
7894494171648
7895358900000
7896447936300
7896545280000
7896554273160
7896778029504
7897179247776
7898489044992
7898923008000
7899100425216
7900066268160
7900790625000
7901397647360
7902057212280
7902812500000
7903053494784
7903526400000
7903733874688
7904797250532
7905220596000
7905252382720
7905595433760
7905616588800
7906509322600
7906762977750
7907788718080
7908012141120
7908027021468
7908811549125
7909232329656
7909398609920
7909434225000
7909733700000
7909816882176
7909943279616
7910055000000
7910156250000
7910611572500
7910952000000
7911381829764
7911660960420
7912131724490
7912289700000
7912945687500
7914584832000
7916079415500
7916717800800
7916966903808
7917197783040
7917465600000
7917931148400
7918527750000
7918889144067
7919389440000
7919437500000
7920000000000
7921368000000
7922857217184
7923339843750
7923487703040
7923632863968
7923722268672
7923963840000
7924063666176
7924108500000
7924375800000
7924672000000
7924729872384
7925680743750
7925984000000
7926161838336
7926266880000
7926403078125
7927250042880
7927522887680
7928624995200
7929099349236
7929737449200
7929946112256
7930591538688
7930630400000
7931555840000
7931678980320
7932249000000
7932460800000
7932661059960
7933522471875
7934371614720
7935102630000
7935425050000
7935527756475
7936000000000
7936593280000
7937034488320
7937491968000
7938798551040
7939363262886
7940824668504
7940901961728
7940925383040
7941152115000
7942000000000
7944143681250
7944199870464
7944303656520
7944373305344
7944615755776
7944932410272
7945255526400
7945429459968
7946111287296
7946119912500
7946675625000
7947285156250
7947500000000
7947907138304
7948038912000
7949251215360
7949698320672
7949754423000
7949760000000
7950182400000
7950276817164
7950842178048
7951088091375
7951347148800
7951500000000
7951689375872
7952001361920
7952269602816
7952373046875
7952446371465
7952566845440
7953289344000
7953586421760
7954029726720
7954503011840
7955769369600
7956125100000
7956852750000
7956969292800
7956972699648
7958431490625
7958671875000
7959060000000
7959469432320
7959981250000
7960211176320
7960251138048
7960609800000
7960675433704
7960835034243
7961393402250
7961661407232
7961921516160
7963134300000
7963366687500
7963916751063
7963996950000
7964020642500
7964052475500
7964155399936
7964747366400
7965841406250
7965957318480
7967567545344
7967927362560
7968972375000
7969354181250
7969389120000
7969482421875
7970651320320
7970918400000
7972082041518
7972486905856
7972513661952
7972533043200
7972581427776
7974886430720
7974936506250
7975019531250
7975185039360
7975539936000
7975899187200
7976027211264
7976249253000
7976691840000
7976878391664
7977211527168
7978702095000
7978748117760
7978836112000
7979482368000
7979822841375
7979849672608
7979918765625
7980059337600
7980318720000
7981495396875
7982543001600
7982657635392
7982753830912
7982805600000
7983384362324
7983864000000
7984742400000
7985282707584
7986000000000
7986520350270
7986605972576
7986686400000
7986751227000
7987355550720
7987429818108
7987533129000
7988084977698
7988842545750
7989001650000
7990272000000
7990621954560
7992030219264
7992910126080
7994169012500
7995844818000
7996218750000
7998368716800
7998583451040
7998619926528
7999488000000
7999675084800
8000132000000
8001680670720
8001733908784
8002654734816
8003008282752
8003091600000
8003251953125
8003452354560
8003515520000
8003557851136
8004234700000
8004415376682
8004681331920
8005181184000
8005865765625
8006245375625
8006259179520
8006636077056
8006690106000
8006796875000
8007096913920
8007670809600
8008416000000
8008521278670
8008825766175
8009570516220
8009688871800
8010382442496
8010868045824
8010892431360
8011251641250
8012154150000
8012800000000
8013297600000
8013594272544
8013808791000
8014209641856
8014928486400
8015676773310
8015684602500
8015711194260
8016614572032
8017177344000
8017206400000
8017236552645
8017726908576
8019048038400
8019136548864
8019928800000
8020650593592
8021606400000
8021738044782
8022260463525
8022458752000
8022857807250
8022890004480
8023159856250
8023726927125
8024128358400
8025048345600
8027352532080
8028979200000
8029009170000
8029568137500
8031574830825
8031649575000
8032424558592
8033144910336
8033238281250
8033328648576
8033551259904
8033773966848
8034156090800
8034798924936
8034980800000
8036253388800
8037225000000
8037310050000
8038215843840
8038458037500
8038548000000
8038940152320
8039065600800
8039838537500
8040080128500
8040178778112
8040356932608
8040903998400
8041182240000
8041723699100
8042141712384
8043000496128
8043325194240
8044370376980
8044571220480
8045157120000
8045462663550
8045654572800
8045730979776
8047292198400
8048048025600
8048834646489
8048973348864
8049391298560
8050008117060
8050456960000
8050729050000
8050871073375
8051163130080
8051471082375
8051485200000
8051948718750
8052485805000
8052629681250
8052940800000
8053063680000
8053455098304
8053520332275
8053605468750
8053825551750
8054062500000
8054671933440
8055609408000
8056352915625
8056419123200
8057641992192
8057832217344
8058273300000
8059214112768
8059218750000
8060468224000
8061056640000
8061452288000
8061787743750
8061968921600
8063323686000
8063787785625
8063969922368
8064198912000
8065516032000
8065531784961
8066150400000
8067526454592
8068101951888
8068368591500
8068455360000
8069400144000
8069644162560
8070284461824
8070295338630
8070522075000
8071118536096
8071674806250
8072154316800
8072248800000
8072649164800
8072707027968
8072887680000
8073208922112
8074326871254
8074847812500
8075446035030
8075763500000
8075912662125
8076801116160
8077313654784
8077984563200
8078436281250
8078451204096
8078482469232
8078571563400
8078961708000
8079810079320
8080078266000
8080598237184
8081304422400
8081719557120
8081786053152
8082412800000
8082594938880
8082599243040
8083152000000
8083217610000
8083571904000
8084755800000
8084832800000
8085000000000
8085264574464
8085825000000
8086062366720
8086257433904
8087105822625
8087343750000
8088250318848
8088497160192
8089046420000
8089214386176
8089445744226
8089611213775
8089631447040
8090504728992
8090718643000
8091538913664
8091975181836
8094033570720
8095127040000
8095217614848
8096396083200
8096909568000
8097630289920
8098623026304
8099130339328
8100417268125
8101441216152
8102160000000
8102279487500
8102346000000
8102395392000
8102411216991
8102493966996
8102856384000
8103257003520
8103375000000
8104492256112
8104919484375
8105028834375
8105348160000
8105616864000
8106345447424
8106497489792
8107150315275
8107424325000
8107646889888
8108437500000
8108815646745
8108881477632
8110080000000
8110141421568
8111220480000
8111471943168
8111480832000
8113459200000
8113862759904
8114287104000
8114560819200
8114635745820
8115811200000
8115902548000
8116101120000
8116287473385
8116905691440
8117760000000
8118560896875
8119237500000
8120158464000
8120177910000
8120507850000
8120574000000
8120621270295
8121596820480
8121877706250
8122154826240
8122583040000
8122622976000
8123301055350
8124362924769
8125640427520
8126444580072
8126464000000
8127889380000
8127991775232
8128055287170
8128086912000
8128512000000
8129664811008
8129884795056
8130124800000
8130236115456
8130513445376
8130745598976
8130960937500
8131324218750
8131898880000
8132126302377
8132216400000
8132409588960
8133191015625
8134009202592
8134583041935
8134656491520
8134803129600
8135723980800
8136843227136
8137690312500
8138049454080
8138286240000
8138382862500
8138666991672
8140369608000
8140548529152
8140890625000
8141690700000
8141798558439
8142758973440
8143643200000
8144114625000
8144296875000
8144857991160
8145062500000
8145166836800
8145959124992
8146146557952
8146310573800
8146593771750
8147962507776
8149120598016
8149597931200
8149746150000
8150511600000
8152466843904
8153726976000
8154487488000
8154597189375
8154820280320
8155069153280
8155189734912
8155251818496
8155439184375
8156179980000
8157244218750
8157307210000
8157388800000
8157832151040
8158135941760
8158208000000
8158256824320
8158354400000
8158662799560
8159548753125
8160227712000
8160969554064
8161753600000
8161819848000
8162387200000
8164123206250
8164277452800
8164518862500
8164800000000
8164886400000
8166144000000
8166334982400
8167316520960
8167500000000
8167774836375
8168438742048
8168500000000
8168981497344
8169585746868
8169737621976
8169822675000
8170010542080
8170328178688
8170530351104
8171338589568
8171436816000
8171874150000
8172964800000
8173031139000
8173151910000
8173440995328
8173911432960
8174252734375
8175104969472
8175621242880
8175830652090
8176125021484
8176573906956
8177140629504
8177537088000
8177694525000
8177894400000
8178433256448
8179233924096
8179297137000
8179416960000
8179600000000
8179614220288
8179878784000
8180526182400
8180670603375
8180833443750
8181087338655
8181390800000
8181529188750
8181818859375
8182093500000
8183473655760
8183591497620
8184191400000
8184310856360
8184337340400
8184429607243
8184762885838
8185133924352
8185792518144
8186724000000
8187379200000
8187412480000
8187700838400
8188574489172
8189009920000
8189728129485
8191277280000
8191539720000
8191710647296
8193418930368
8193436875000
8194376171520
8195017050000
8195176403568
8195429340000
8195484521250
8196095678400
8196267349368
8196382656540
8197167063456
8197462488964
8198395264640
8198510546304
8198657628560
8199026550000
8199041130000
8199606051000
8200179668868
8200283750400
8200821428968
8201250000000
8202558173082
8203020000000
8203813130240
8204482510848
8204666758848
8204754009375
8205678673920
8205774720000
8205857185500
8206017750000
8206081228800
8206140201984
8207574804000
8207601405696
8207654112448
8207830396260
8208061032960
8208458818560
8208827914014
8209792968750
8210084455755
8210784000000
8211347483976
8211764684844
8212304392704
8213214422790
8213645721600
8215015872000
8215278059520
8215565709312
8215782378804
8215855104000
8216299929600
8216396100000
8216796875000
8217068073984
8217951618500
8218194421500
8219224475000
8219466399744
8219866232716
8220009600000
8221654713888
8221720320000
8221855468750
8222134220685
8222277772800
8222385600000
8223399936000
8223863510016
8224031250000
8225577367875
8226036000000
8226562500000
8227356637500
8227887123456
8228044800000
8228731680000
8228995320000
8229040768872
8230958208000
8231473152000
8231983536000
8232000000000
8232487450770
8232489681633
8232840000000
8234004430848
8234004480000
8234064708822
8234648394336
8234995243500
8236009774272
8236187409219
8236336711680
8236488168720
8236500000000
8237253427200
8237335500000
8237763408420
8238155625000
8238827520000
8239122984960
8239725000000
8240420650000
8241072840000
8241553015776
8241747050790
8242930510848
8242961688720
8243301909375
8244091979136
8244122955264
8244324065280
8244633600000
8245195488000
8245330575360
8245769995008
8245811200000
8246241001908
8246547144000
8246926947168
8247273410250
8247343841280
8247494836224
8248078125000
8249854938624
8250000000000
8250503184000
8250553479168
8250758364618
8250796400000
8251467905340
8253188212500
8253633024000
8254367034375
8254536473700
8255648563200
8255680776252
8255830078125
8256136224000
8256248658504
8256843454464
8257096602144
8258342400000
8258695200000
8258957869056
8258984370000
8259174400000
8259313920000
8260256268288
8260804887552
8261001216000
8261421950628
8261508562944
8261819596800
8261909428500
8262009437696
8262626415120
8262777600000
8262838666751
8263065747456
8264119500000
8264648437500
8265731906250
8266199040000
8266254038000
8266755560448
8266869891072
8267153932800
8267344339352
8267351771250
8267744100000
8267879153664
8268838916184
8269212155904
8269426930688
8269581824000
8269583339880
8269734566016
8270390625000
8271487233360
8272318332096
8272318752000
8272717298508
8272997316864
8273430097920
8274022576875
8274471975000
8275471312500
8277640031232
8278200000000
8280470016000
8281901355000
8282208000000
8282874089250
8283183534080
8283680980992
8284186607616
8284890600000
8285295768750
8286140712960
8286961009152
8287100616960
8287664000000
8287897190400
8288031338496
8288513228800
8291372544000
8292873588480
8293397299200
8293708800000
8293933966500
8294400000000
8294679106560
8294827282560
8295469600000
8296056450000
8296802304000
8297856000000
8297872206750
8298088063650
8298390297600
8298873870336
8299415996928
8299437552000
8299502400000
8300875205448
8301140848917
8301514381875
8301576978432
8302508605440
8302884480000
8303094112500
8303178153984
8303234184000
8303377311000
8304772320600
8305751953125
8305838428608
8305839300000
8306636800000
8308017153000
8308606509056
8308634400000
8309029994496
8310149120000
8310661795872
8310756844544
8311042713600
8311195956000
8311689000000
8312561810000
8313905450400
8314099200000
8315102822400
8315375452160
8315678610720
8315712365625
8315781443424
8316719499375
8317565927424
8317711726688
8318217600000
8320067718750
8320105277440
8320313925000
8320742962740
8320901998500
8320942080000
8321499136000
8321564160000
8322584943750
8323596288000
8323723702944
8325258568704
8325347738526
8326668000000
8327069194752
8327770347120
8328387600000
8328550809600
8329670788608
8330421580800
8330765625000
8330784000000
8332470000000
8332800000000
8332994880000
8333249143401
8334233600000
8334273293280
8334816066000
8334909972480
8334988200000
8336272000000
8336311986600
8336696023040
8337404418750
8338372875000
8339031000000
8339444270829
8339473128448
8339513600000
8339573376000
8339760000000
8340712256250
8341675083000
8342112022272
8343048198240
8343350362179
8343364829184
8343442762200
8343909100800
8345020170240
8345505709728
8347196550000
8347438015488
8348883840000
8350285176909
8350681236480
8351208425952
8351798863100
8351861350000
8351971752375
8352100000000
8352115200000
8352115387000
8352369213440
8352837824058
8352993116160
8353125000000
8353141913600
8353555248640
8355522334432
8356462719696
8356865438250
8357703524352
8358844170240
8360372475000
8361279193088
8361478125000
8362131456000
8362221674625
8362424901600
8363164121024
8364576000000
8365996340625
8366652000000
8367395018752
8367723947520
8368475340800
8368712439120
8369183886336
8369307555840
8369393760000
8369430300000
8369582213475
8369902714880
8370000000000
8370121938750
8370195750000
8370625725000
8370648760320
8370842009600
8371627570152
8371856503125
8373041600000
8373916250000
8373959193600
8374707379584
8374880823777
8375399443125
8375500800000
8375600268288
8375623534080
8375661145566
8375816355840
8375941665000
8376556639500
8376875668125
8376976453125
8377006697856
8377637199750
8377668000000
8377885889280
8378463744000
8378718750000
8379062304480
8379360000000
8380254235392
8380680018048
8380969770600
8381269312500
8382528000000
8382865303440
8383813790625
8384191200000
8384512500000
8386108194816
8386434662400
8386547388615
8386875000000
8387571018750
8389427200000
8389879963920
8389932878250
8390054400000
8390079360000
8390112896000
8390185058304
8390850507000
8390967461888
8390967625152
8392119644160
8392176149760
8393250000000
8393561210880
8393625000000
8393779215360
8394256640000
8394827931000
8395492341600
8395604743680
8396396596224
8397064765440
8397101373416
8397267335208
8397496800000
8397790830000
8398080000000
8398132050000
8398949168610
8399295506250
8399717625600
8400432722500
8400998070360
8401335523328
8401494594528
8401579200000
8403204996522
8403281396640
8403293895480
8403624972288
8404272866550
8404556599296
8404618955040
8405079858000
8405439741952
8406281250000
8406828000000
8408946656250
8409545965568
8409747962880
8409941024128
8410123975212
8411608467072
8411610611712
8412034498560
8413652189184
8413868390400
8414132649984
8414296257024
8414646239232
8415085905450
8415155847168
8415178711875
8415431087616
8416184494080
8416263780000
8416396800000
8416468832625
8416700001954
8416939474944
8417262147840
8417531828160
8418556881000
8418866429952
8418954910464
8419211580000
8419248337500
8419282560000
8419310681040
8419964000000
8420039100000
8420295966720
8420925240000
8421422929920
8422734375000
8422790594400
8422877798720
8422991224704
8423006900000
8423460864000
8424000000000
8424164057400
8427460608000
8428052646000
8428358467584
8429487264000
8429572800000
8430022398600
8430269840640
8430968440125
8431046544375
8431152758784
8431251444000
8431284969500
8431675523712
8431867476459
8432484375000
8432492445000
8432617050000
8432635129344
8432835075000
8432915312640
8434420312500
8434632111360
8435031552000
8435164774400
8436065652400
8437141440000
8437500000000
8437590730800
8437783921875
8437875351840
8438018250420
8438164824375
8439105024448
8439988768750
8440649957376
8441015625000
8441141155200
8442050326528
8443080179712
8443234800000
8443809884055
8444109515625
8444464275456
8444535249920
8445748500000
8446032000000
8446087886760
8446115417600
8446289062500
8447619854016
8448503770161
8448962392080
8450450426880
8450732400000
8451503490924
8451522560000
8451536506875
8452340582400
8452382400000
8453652480000
8454246828375
8454832650000
8455458816000
8455582586880
8457147823509
8457492487500
8457539062500
8458252243200
8458544640000
8459422012119
8460111098592
8460195254784
8460815616000
8461396377600
8461513965618
8461641801600
8462299862016
8462458368000
8462528156250
8462644019200
8463197925000
8463329722368
8464109472000
8464644134912
8465789520000
8466250000000
8467289600000
8468610318000
8468629994850
8468890959375
8469563310080
8470322150400
8470854402048
8471259988500
8472408700000
8472456808200
8472457522620
8472599118720
8472790609920
8473600512000
8473692754800
8473729904640
8473751833932
8473753260000
8473832781120
8474082624000
8474625000000
8474712480000
8475065235000
8475212756250
8476400513763
8476884900000
8477841604608
8478538818750
8478602035200
8479126720800
8480763281250
8481176642988
8481338191872
8482609462896
8483642578125
8483800583286
8483827275000
8483902586880
8484416389120
8484707401560
8484849187500
8485171200000
8485888050000
8486058391056
8486246373696
8486448468750
8486565272640
8487393024000
8489322397696
8491317120000
8492152962400
8492221237500
8492380281000
8492789760000
8492988381696
8494257800000
8494831296000
8495477067168
8496020812500
8496093750000
8497021139712
8497104000000
8497216406250
8498066669568
8498494916730
8499883392000
8499952384560
8500377600000
8500544962560
8502278400000
8502470000640
8502658366464
8502694200000
8502857847000
8503056000000
8503265742048
8503492800000
8504222493312
8504654574528
8505278318592
8505841144320
8506758970080
8507111768064
8507409564672
8507609858880
8507753938440
8507897427510
8508633787500
8508782723328
8509320069120
8509433315328
8510664658944
8511169536000
8511195707820
8511455232000
8512063293440
8512522536960
8513314488000
8513637580800
8513859375000
8514201498750
8514373725000
8514404296875
8514975514500
8515653120000
8515717581825
8516320767360
8517273600000
8519749344000
8519871360000
8520000000000
8520001459200
8520101184375
8520332583168
8521467077250
8522018505000
8523303902100
8523551459808
8524552064553
8526111103125
8526602700000
8527413712500
8527472761500
8528163771204
8528199680000
8528268902400
8528625000000
8529300000000
8530704000000
8530774167216
8532449280000
8532986757120
8533291200000
8533994668875
8534026680750
8534851651584
8535609595744
8535877796160
8535896112128
8535960722432
8536589202816
8538447864519
8538519225600
8538631200000
8539030068408
8539167744000
8540722208000
8540903374848
8541317400000
8541516473055
8542188963000
8542422000000
8542559600640
8542569250000
8542968750000
8543460498300
8543472537600
8543793431250
8545647825000
8546638675968
8547751618560
8548384768000
8548609387500
8549552830000
8549727187986
8549990400000
8550055224864
8550063576000
8550645497856
8551051027200
8551143444480
8551281024000
8551607400000
8552184768000
8552727981000
8552772285860
8553132461250
8553233582080
8553600000000
8553626102490
8554590720000
8554600462590
8554669200000
8556000000000
8556081057216
8557077827760
8557430208768
8558645760000
8558861850000
8559189843750
8560062720000
8560368230400
8560867218750
8561446730928
8561601562500
8561961999360
8562350160000
8562552920064
8562606637186
8562914994816
8563404117366
8563530354743
8564537109375
8564872680000
8564980580352
8565398689120
8566080307200
8566273082952
8566735896576
8567161344000
8567561016000
8568109375000
8568300000000
8569226250000
8569841280000
8571520742400
8572449177600
8573769600000
8573914800000
8574096900096
8576442337500
8576525731914
8577088000000
8577920684160
8578700492544
8579675175750
8579808000000
8580307642368
8580710856704
8581970250000
8582031250000
8582095948800
8582419776000
8582519531250
8583064453125
8584032457728
8584729954304
8585734776840
8585740800000
8585874505728
8586317924352
8586547200000
8587079600000
8587454920704
8587837440000
8588745300000
8589552491520
8589934592000
8590124928000
8590421687760
8590485094400
8590747255200
8591289408000
8591291267328
8591441264640
8591738400000
8592031744000
8592230919168
8592385805640
8593526399178
8593526836224
8593554207420
8593600768000
8594611821250
8595456581250
8595784800000
8596242703125
8596404419625
8596631250944
8597798912000
8597947743000
8598304874430
8599633920000
8601072480000
8601242152320
8601927155712
8602475515344
8603143106250
8603317800000
8603637076125
8603960990625
8606091252096
8606744950125
8606801774592
8607683446875
8608032000000
8608315027872
8608591872000
8609344200000
8609786460000
8610335686656
8611023022119
8611640025120
8612178785280
8612697600000
8613583130880
8614060800000
8614306839600
8615111780352
8615200000000
8616132534750
8616438281250
8617143000960
8617706240000
8617840957440
8618464084608
8618491200000
8618744217600
8618843973285
8619240520800
8620602246144
8621146441728
8621272657920
8621430048000
8621701593750
8621916160000
8623521792000
8624880000000
8625243969936
8625691325160
8626501477440
8628218375000
8628386809658
8628473700000
8629493760000
8629742677050
8630338590720
8630823936000
8630974996875
8631562500000
8631894491136
8633601478656
8633693951064
8635324190625
8635916250000
8636654250000
8636839818750
8636846400000
8636889800448
8637657600000
8638235469710
8638238214144
8638321012992
8639649091584
8640936690750
8642768640000
8643796761600
8645224996800
8645364090000
8645595678720
8646197175000
8646528515625
8646745005675
8646768144000
8646932433920
8647201500000
8647432131250
8647627002960
8648284474368
8648375589000
8648446464000
8648964843750
8649000000000
8649388279350
8650730970000
8651179687500
8653616482995
8654373383040
8654694400000
8654778531840
8655925781250
8656939370700
8657495787500
8658502492500
8659926800000
8660571881472
8661446200000
8661523104000
8661907625000
8661996021648
8662165219500
8662293674496
8663334912000
8664000000000
8664041300607
8664218750000
8664255452160
8665683699456
8665746636800
8665892578125
8666058627072
8666314675200
8666532000000
8666977826304
8666992187500
8666993671875
8667052213248
8667138910625
8667248099328
8667280357004
8667286031250
8668354816000
8668968468480
8669002730656
8669250886725
8669764466064
8669765625000
8669967280128
8670015900000
8671329903600
8671933588500
8672862550000
8673350400000
8673855750144
8674570228224
8675100000000
8676801777600
8676888578064
8677123338240
8677515840000
8677778054400
8678016000000
8679100752000
8679153659904
8679409200000
8679444480000
8680648900000
8680921875000
8680941720000
8681088735000
8681202647040
8681925262500
8682190848864
8682385140000
8683658319375
8683938643968
8684176318272
8685061595028
8685539328000
8685678600648
8686092729930
8687920059000
8688485568000
8689099676634
8689306938624
8689769823735
8690123232000
8690872320000
8691075574272
8692374600000
8693062560000
8694493516800
8694497280000
8694716800000
8694940759245
8695056824064
8695185408000
8696233632240
8696408168448
8696805906000
8697176064000
8697308774400
8697500000000
8697501489600
8697662634375
8698060800000
8699034434688
8699347762560
8699925312000
8700823040000
8700932653056
8702772153768
8702935164000
8703013864896
8703344896939
8703391026176
8706856822272
8706904907220
8706926435328
8706993295104
8707121280000
8707662732888
8708050331253
8708148000000
8708206307328
8709334824960
8709678140625
8709970500000
8710380525000
8710757314560
8711950694850
8712661060992
8713575526500
8713838078820
8714434811208
8715411320544
8715437604864
8715632640000
8716520085000
8716647019520
8716813380000
8716961002500
8717926662144
8718157964880
8718192000000
8718461097984
8718533591040
8718542334720
8718718694400
8718750000000
8718838861824
8720389125000
8721689453125
8721985675095
8722841600000
8723886080000
8724223328256
8724846878352
8724857288472
8725095491112
8725278644640
8725473900000
8726747283072
8726964468000
8728115200000
8728189900500
8728429631656
8729015625000
8729164264128
8729959829760
8730820312500
8731031788710
8731072350000
8731852308480
8731892400000
8732071641600
8733308220000
8734638080000
8734687500000
8734984068096
8735350282505
8736170133600
8736780110877
8737144748745
8737171471875
8737228062720
8737384212480
8737976134440
8738150400000
8738810540928
8739878400000
8740202744000
8740512000000
8740591276200
8741283052320
8743065581250
8743307527500
8744107769856
8744537686016
8744662333440
8744806980000
8745628320000
8746806250000
8747153474175
8747590912000
8748450649575
8750332800000
8750587023360
8750743372800
8751645000000
8752208517000
8752389800000
8752538025000
8752646937600
8752723918848
8753290309260
8753776012800
8753981182560
8754969839616
8755265101824
8755722340497
8756211702000
8756732719000
8756948475000
8757112500000
8757567409500
8757706752000
8758407640320
8758554000000
8758886400000
8759347727832
8759644217856
8760118118400
8760761296875
8761411317204
8761998981120
8764610400000
8764751469032
8765174751840
8765389209600
8765397585000
8765433600000
8766074049600
8766306446989
8766941437500
8767180800000
8767846563840
8767974600000
8768563776000
8769226950000
8769388806255
8769771141120
8769937342464
8770086000000
8770732950000
8770781250000
8772773216256
8773120125000
8773165139778
8775170893125
8776561317498
8776786378752
8777645234176
8778120530400
8778333864960
8781319947488
8781767280000
8781873896250
8782450790400
8782553587500
8783346958848
8783438400000
8783846296875
8783994926400
8785116434304
8785172385297
8785587379968
8785665327872
8785723392000
8785991511000
8786250000000
8786520446298
8786581899264
8786647089360
8787251692800
8787654924286
8787937536000
8788331059200
8788455185445
8788644716544
8788853160000
8789349139200
8790146759680
8790519479040
8790988800000
8791104403125
8791793860608
8791875000000
8792558775000
8792855370000
8794738993152
8794865625000
8795180040192
8795461828608
8796666813480
8796780183744
8797408704000
8797638940160
8798015419704
8798043100000
8798105156250
8801047822336
8801565765696
8801654400000
8801725842000
8802064889856
8802552528000
8804205900000
8804636465625
8806025134080
8806846487040
8807354730720
8808233568750
8809372687500
8809384746240
8809529776125
8809797427200
8809891786800
8810086540500
8810951840768
8811362560000
8812640464992
8813253987720
8813556950702
8814624768000
8814765435840
8814880069632
8815968460800
8816421335040
8816544000000
8816889240978
8817177600000
8817419649024
8817984000000
8819733600000
8819833848672
8822352000000
8822790843750
8822919715584
8823232800000
8823857059710
8824575375000
8824577805000
8825241600000
8825906407500
8826826312500
8827785898855
8828192953125
8828303560704
8829039960000
8829720900000
8830022398848
8830321920000
8830976000000
8831301496875
8831309949504
8831740055040
8832125952000
8832217856000
8832446909440
8833060470000
8833221476352
8833730400000
8833968000000
8834269086720
8834561809920
8834705770240
8835065695200
8835660487500
8836051523850
8836884725760
8837076969000
8838599933952
8838926712000
8839042695168
8839084327632
8840812500000
8841271757500
8841661920000
8841849637500
8842405478400
8842474572750
8842716905472
8842989598128
8843178240000
8843871093750
8844130713600
8844203125000
8846579462400
8846656000000
8847765638712
8847792800000
8848807414678
8848911825000
8849380032000
8850101743000
8850153403125
8850583526400
8852166400000
8852852828160
8853482373120
8854167731292
8854290579456
8854734336000
8855637880320
8856306450432
8856576000000
8857868935020
8858250000000
8858304000000
8858808000000
8859375000000
8859615756288
8859907680000
8860230225000
8860467200000
8860473455904
8860565700000
8861040562500
8861166927360
8861265600000
8861355621720
8861907600000
8862567727104
8863934625000
8864236058184
8865275686400
8865801600000
8866231560192
8866306552320
8867575959648
8868082886208
8869123081728
8869385338880
8869399658496
8869656054600
8869915145000
8870562889728
8872325120000
8873603923968
8873707788000
8874096000000
8874122400000
8874168030000
8874738900000
8875001520000
8875459160256
8875649975220
8877503652864
8877610368000
8877960806400
8878429743750
8879270400000
8879457945600
8880059994624
8881271930880
8881305943104
8881902213120
8882955036928
8883149996032
8883613440000
8883974400000
8884272020000
8884381884000
8885213593600
8886288384000
8886479486976
8887791087252
8888389453125
8889075499008
8889284321280
8889434864640
8889638937984
8889991004160
8890470470400
8890560000000
8890664062500
8890935181632
8891017993494
8891467200000
8891704826298
8892280419600
8893794862980
8894088350000
8894174833096
8894407500000
8894668603392
8896233701376
8896322340000
8896524819021
8897108512500
8897280537600
8897830060032
8897850000000
8898686189568
8898690864000
8898811875000
8899406530560
8899821000000
8900390625000
8901325912500
8901517285125
8901557437500
8902343131136
8902766062125
8903724953760
8903869857792
8904429273600
8906316225000
8906436000000
8907148800000
8910000000000
8910407376000
8911675080000
8911833992880
8913622737250
8913806825000
8913923665920
8914187552256
8914459320000
8915256000000
8915496468480
8915619840000
8916100448256
8916627121920
8916660156250
8916760610520
8917425848320
8918339189760
8918376339600
8919009792000
8919738772560
8920470214656
8921260228608
8921854771200
8921881313280
8921959200000
8922652756875
8922862182780
8925249060000
8926016901120
8926368750000
8926888582458
8926990458750
8927017881600
8927080121344
8927353181250
8927554361040
8927630244645
8928000000000
8928969524480
8929103040000
8929841386752
8930286578304
8931161250000
8931489064960
8931588748992
8931686400000
8931928887000
8934098342400
8936296445440
8936411615232
8937000540000
8937666458112
8939088669000
8939090230785
8940010078125
8940020600000
8940092411250
8941023875000
8941324000000
8942038126080
8942421600000
8943004968912
8943393368448
8943743607750
8945412303750
8945437500000
8945650547856
8946037104480
8948046800000
8948815888320
8950640737500
8950928965632
8950962977856
8951581900800
8951594287104
8952353123154
8952353280000
8952539904000
8953369140625
8953456553125
8954682347520
8954912000000
8955151012500
8956654147584
8956869083136
8957132800000
8959764206250
8960971383000
8961684480000
8962221024000
8962261521408
8962462080000
8962804690560
8963159654400
8963546970000
8963638200000
8964557724320
8965759103028
8966426700000
8966994820700
8967115238400
8967931097600
8968323994112
8969032800000
8969077869696
8969099673600
8969154106248
8969296875000
8969453731840
8969884858116
8970646164480
8970851536416
8971223040000
8972059801250
8972267166720
8973236291250
8974961049600
8975812315250
8975926130688
8976091632480
8976190626000
8976719904768
8977348032000
8977566754800
8977864740000
8979017886432
8979559925000
8979830016000
8980311048192
8980441071616
8980568064000
8980598059776
8981352900000
8982371653632
8983675008000
8983844013056
8984532524625
8984931719148
8985022200000
8985600000000
8985974770125
8986377261312
8987203680000
8987289292800
8987626856250
8989483991040
8989549800000
8990635500000
8992614805902
8992630759424
8992768400000
8993089560000
8993116314000
8993413717299
8994585600000
8994658608000
8994834874368
8995190206464
8995325420250
8995363810524
8995430400000
8995627397120
8996495200000
8996580753408
8996608180224
8996855307264
8999267544288
8999424000000
8999785635840
8999981678520
8999982000000
9000000000000
9000603795456
9000868800000
9001601351280
9001692000000
9001950647382
9003216945528
9003478050000
9004329750000
9004764037500
9004800640000
9004842592200
9004972500000
9006320074752
9006674688000
9006730542992
9006739246080
9006940800000
9007465586688
9007526369250
9007944794750
9008139274125
9008514662400
9010918183176
9011421828864
9012136718750
9012885200000
9012967262208
9013813788672
9015687112608
9015986749440
9016020922194
9016649478144
9016794547200
9016975602180
9017001544320
9017082563125
9019357200000
9019942772148
9020076348465
9020268000000
9020797632000
9021393266688
9021528617472
9022003707825
9022541928309
9022912522550
9023231917791
9023389354056
9023780700000
9024889176576
9025347711744
9026696700000
9026961300000
9028332284400
9028383436800
9028722543750
9029475000000
9030586177536
9030588170240
9030663709375
9030859200000
9030922528320
9031199408595
9032601600000
9032635316250
9033205327840
9033613312000
9033742080000
9034354175000
9034537824000
9034990387200
9035605771875
9036010654400
9036300546000
9036367672320
9037246093750
9037728161280
9037953368064
9038670144000
9038977024000
9039122662464
9039148790553
9039353400000
9039600000000
9040069584000
9040159261358
9040509370368
9040918656000
9040936919040
9041088000000
9041973806250
9042581200128
9042963324080
9043366500000
9043813620000
9043875929088
9045192250125
9045700000000
9046147500000
9047881440000
9047922324480
9048713046750
9049708800000
9051447352248
9052500000000
9052635396987
9052992000000
9052999383687
9054850042784
9055414517760
9055641600000
9056124000000
9057349435392
9057614720000
9057920850000
9058276517920
9058369320000
9060364559428
9060428722644
9060676086924
9060820312500
9061258752000
9061285708800
9061321927680
9062557084800
9063140625000
9063471513600
9063577600000
9065797171200
9065921755869
9066621093750
9066882825000
9068688720000
9068866437120
9069133824000
9069540480000
9070848000000
9071144823195
9071201858400
9071419392000
9071737728075
9071966162664
9072300441600
9072334166016
9072467340300
9073705536000
9075688605200
9075983095296
9076614695874
9076794757280
9078135270750
9079204178880
9079337334375
9080008353108
9081279900000
9081546100000
9081915000000
9082889512263
9083852800000
9084510781290
9085233937500
9086676774912
9086977861632
9087254426250
9087437120000
9088001556480
9088292777886
9088308117504
9088393008825
9088831921500
9089252640000
9089564882400
9089786339235
9090587987500
9090821774385
9091153920000
9091991552000
9092009309796
9092305096875
9092714400000
9092879441800
9092964013056
9093093750000
9093546000000
9093619811250
9094396925250
9094575360000
9095350275000
9095481393152
9095625000000
9096537151611
9096613841952
9097039613142
9097167968750
9097337733120
9097497201065
9097914781376
9097920000000
9098097181992
9098261718750
9098388675558
9098763927552
9099766962724
9100177222500
9100685015625
9101619144072
9101710800000
9102608928000
9102961792800
9103818750000
9104023355392
9105325015059
9106963721520
9107397000000
9107833350000
9107873280000
9109069982100
9109173937500
9109977956352
9110950904592
9111521631744
9112500000000
9114121368171
9114213150000
9115194816000
9115713432000
9116296875000
9116432447616
9116468375000
9118516680000
9120067814400
9120333365248
9120616806400
9121709025000
9121804651008
9121821328125
9122669010000
9123256074240
9123867842656
9124063782912
9124192000000
9124238462976
9124628906250
9125160550000
9126666240000
9126805504000
9127549682944
9127641600000
9127644364800
9127896870015
9128406343680
9128431322514
9128527828992
9129484615680
9129500000000
9130287600000
9130295164928
9130390366500
9130734112500
9131113505241
9131216346000
9131327135000
9131886438400
9131895521280
9133748822016
9134810300000
9135228211200
9135779558400
9136230468750
9136347545600
9137043855360
9138308087808
9138573145728
9139520000000
9139655540736
9139690405888
9139892923392
9141238229760
9142272000000
9142857900000
9143981712000
9144064580141
9144709939200
9145509120000
9145563807744
9146120394438
9146295180288
9146390400000
9146402236125
9147428212500
9147588484608
9147696800000
9147810000000
9147947922432
9148960787580
9149394012759
9149560875000
9149868000000
9149994715000
9150146484375
9150625000000
9150991200000
9151653520800
9151795200000
9152495616000
9153227256250
9153626797056
9153649049600
9153794875680
9153930139200
9155379200000
9156000365631
9156747600000
9156890198016
9157101408000
9157915809000
9158123520000
9158393454336
9160812793440
9161598600000
9161627904000
9162128953125
9162283528125
9162287458272
9162521600000
9162588160000
9163116466944
9163195312500
9163312691400
9164599395525
9164878800000
9165489831936
9165832473600
9166384465920
9166457821248
9167700622608
9168297672600
9169325550000
9169973631000
9171525199392
9172800000000
9172934100000
9173201571072
9173798424000
9174016000000
9174221396985
9175040000000
9175427186688
9175907812500
9176649300000
9176764907520
9176872320000
9176970611250
9177497731584
9178653818880
9178765516800
9178942663800
9179874063360
9179899365000
9180843750000
9181340928000
9181549200384
9182569748625
9182835200000
9182926065600
9183558777120
9184710697344
9185400000000
9185946412500
9186912000000
9187500000000
9188233214048
9188386900000
9188437500000
9188593962240
9188663004000
9189134712765
9189227250000
9189999396864
9190083624960
9190541370400
9191050509375
9191427918750
9191619201024
9191919953125
9192551982075
9192866418000
9193358418750
9195121119744
9195905832960
9196905369600
9198247936000
9198528102400
9199281197400
9200161305216
9200833200000
9201601575936
9202840920000
9203005350000
9203370773001
9204159539250
9204855187500
9205500000000
9206410752000
9207055155200
9207095040000
9207215325000
9207260475000
9207349713405
9208927200000
9208951105536
9210455654400
9210530414592
9212427212625
9212636160000
9213160320000
9213696000000
9215482185000
9215981568000
9217732608000
9219443546880
9220433664000
9220800768039
9221091840000
9221681266875
9223194672720
9223453800000
9223681600000
9224135469824
9224832692565
9225290880000
9225427200000
9225927553024
9226406250000
9226905600000
9226937338164
9227046400000
9227446368000
9227468800000
9228397500000
9229444000000
9230867205120
9231769968750
9232255549440
9232980224013
9233517056400
9233610876504
9234068662080
9234928926720
9235383505920
9235399928832
9235578125000
9235799359488
9237043200000
9237383058150
9237463416832
9238019220000
9238634496000
9238844085471
9238957977600
9239042736000
9239304993750
9240000000000
9241413844992
9242249871360
9243337420800
9243445612500
9243623285028
9243896484375
9243925031250
9244624480000
9244700153205
9244867737600
9245080850544
9245197688832
9245269958600
9246531271131
9246627534375
9247338172800
9247971636384
9249194240000
9251144000000
9251366731776
9251573760000
9252035156250
9252741888000
9254414400000
9255598227456
9256148959232
9256270485504
9256594495995
9257031254016
9257242401792
9257619735000
9258245111808
9259671168000
9259673128448
9259923014496
9260407296000
9260825333760
9260865146880
9261915912704
9262276864128
9262331869000
9262684637184
9262765125000
9263255040000
9265165578592
9265510996056
9265627800000
9265704075264
9265804143750
9266049189810
9267002437500
9268254604350
9268593750000
9268663624704
9268790577057
9268871040000
9269013358080
9269095680000
9269248000000
9269908960500
9270263808000
9270473231250
9270801128960
9271121562500
9272344167625
9272524800000
9272600064000
9273470976000
9274044850875
9274278746880
9274864435200
9275111393184
9275212800000
9275844924000
9277129359360
9277334922240
9277412734375
9277723901952
9277931520000
9278007035616
9279011343360
9279087690656
9279394283520
9280656000000
9281349803880
9281662887024
9282145950000
9282180766950
9282744446976
9283447584000
9284568993924
9284986199736
9285249600000
9286120800000
9286207193088
9286509625344
9286725000000
9286793035776
9286794054132
9287365234368
9287460000000
9287471112192
9288081735680
9288548352000
9288686764032
9289206042480
9289461282816
9289728000000
9290635200000
9290696675436
9291357416250
9291571200000
9293405498496
9293481640625
9293654917120
9293858631288
9294174960000
9294760617408
9295862169600
9297279221760
9297392025600
9297579878125
9300217500000
9300446905365
9300762381771
9301212112500
9301493352060
9301965940890
9302480000000
9303279552000
9303451386768
9303875000000
9304189453125
9304370521875
9304416000000
9304912638216
9305423137530
9305624128500
9306316800000
9307122739200
9307418400000
9307551762432
9307620900864
9308243755008
9308762099200
9309687500000
9310069227200
9310595991606
9311669452800
9311957151744
9312700458600
9313403535360
9314228453376
9314271330000
9314725839300
9314870400000
9314998784000
9315084240000
9316362092544
9317058379776
9318153600000
9318385987350
9318788650500
9319539645000
9319621065328
9319853260800
9320151859200
9320365232640
9320501925000
9320545118250
9321289850880
9321683217000
9322634409165
9325895904000
9325974528000
9326409285375
9326462238720
9326789550000
9327794112000
9328485621000
9330297039120
9330878700000
9331353964800
9331744942080
9332021140000
9332247936000
9332736000000
9332954265600
9333063506250
9333433697280
9334190131200
9334599813000
9335088000000
9335093315625
9335300502528
9335964843750
9336116339550
9336669424992
9336842996544
9336940200000
9338484606129
9339010445115
9339790786560
9340531200000
9340607016000
9340745040000
9341075423232
9341138457000
9341299474875
9341654606976
9342009600000
9342301483008
9342789447600
9344655893664
9345305806848
9346710320640
9346780864512
9347867100000
9348917760000
9349494520356
9349871173632
9350095450500
9350198568750
9350478986240
9350650125000
9351200768000
9351632036250
9352085242500
9352156250000
9354014726672
9354444952320
9356401704960
9356710147876
9356784595559
9356954387200
9357425692524
9358213656330
9358370844768
9358529332284
9358687170261
9358868480000
9359006367744
9359689290840
9360164044800
9360353165625
9360510023475
9361115136000
9361686528000
9361759680000
9361823201280
9363269622784
9363907348992
9364502940000
9364985100405
9365001338880
9365036295888
9365621648625
9365688275580
9365797010304
9365915889792
9366713606250
9366887464960
9366966489600
9367357440000
9367447668480
9368190929664
9369108000000
9369594588160
9370257837500
9370978344000
9371717107200
9372211200000
9373800038400
9374352197808
9374414100480
9374499200000
9374880000000
9375738693750
9375981103125
9376668074250
9376762010112
9376861725000
9377289338880
9377900356734
9378306000000
9378760753152
9378906250000
9380072533248
9380155083750
9380382474240
9380802816000
9382020048000
9382935281664
9382953663720
9383850567000
9384012321125
9384108622226
9384397124544
9384589843750
9384873925536
9386867419776
9387764568000
9388568870912
9389024064000
9389465575776
9390052998144
9390057062400
9390596118750
9390625000000
9391078244352
9391536000000
9391751600000
9391911360000
9391974000640
9392246093750
9392950149120
9393093476352
9393399400000
9393940171875
9394255500000
9395491123200
9395844018750
9396406250000
9396677062656
9396724823640
9396740471625
9396888883200
9397479798784
9397752567840
9398136803328
9398590066944
9399105188239
9399183605760
9399363910475
9399962626236
9400438989152
9401184000000
9402278168250
9402282193920
9402421875000
9402693300000
9404566080000
9407397888000
9408049514446
9408559636152
9408960000000
9409567020000
9409878843750
9410548000000
9411026736384
9411735840000
9412317183024
9412785610536
9415035000000
9415114722115
9415210942464
9415281400000
9415344561735
9415389189024
9415609087500
9416216189952
9416470218750
9416953940625
9417623600000
9418368960000
9419570546400
9420655781250
9421437333504
9421779296875
9421796966400
9422066292480
9422124800000
9422934373125
9423317246875
9423529603320
9423637977600
9424000000000
9424526791680
9425059368192
9425121625440
9425455326000
9425771712000
9426058593750
9426375000000
9426445092540
9426818750000
9427294319625
9428783706720
9429438130992
9429481600000
9431285760000
9432215100000
9432676378125
9433409126400
9433529548800
9433562325000
9433821295008
9434411492352
9434607237198
9435063744288
9435234375000
9435235990950
9435366033912
9435598616576
9435712752576
9436032000000
9436582031250
9437788800000
9438839280000
9438964903424
9439543443456
9439838578296
9440153927680
9440208093184
9440412038400
9440637712142
9441116160000
9441130557375
9441603747840
9441625086432
9441681408000
9442079539200
9442398044160
9442406250000
9442559274876
9442881759360
9442896758750
9443001617280
9444618247680
9444708000000
9445312500000
9445583093760
9446550750000
9446833363968
9446925752109
9447014400000
9447898556250
9448175923200
9448326701541
9448393530688
9448850400000
9448905080832
9449964752775
9450101618496
9450359424000
9450950656000
9451681418844
9451776600000
9451875000000
9452275599360
9452617574400
9452914458624
9454078093824
9457402657500
9457681500000
9458323292160
9458388671875
9459597312000
9460779761664
9460927567872
9463845600000
9464000000000
9464125587840
9465441638400
9465779232000
9466620346368
9467129954304
9467359973568
9467842848750
9468446400000
9468555264000
9468835200000
9468909450000
9469545940008
9470015625000
9470765106000
9471532313376
9471613027500
9472035815424
9472543987500
9475523990625
9475558848000
9475576171875
9475737523560
9476393472000
9478763840000
9478781676000
9479405942028
9479802608640
9480370172832
9481462179840
9481559226750
9483168501760
9483264000000
9483497920512
9483529215600
9483892957440
9484627833856
9484865594232
9485046853632
9485071488000
9485099114240
9485145600000
9485573160960
9486554000625
9486714520512
9486939459375
9489346461696
9489410496000
9490196960640
9490251944250
9490429698750
9490573858950
9491397543936
9492136852968
9492386775552
9492497070336
9492591869952
9492716944755
9493993152504
9494102016000
9494558069388
9494937341184
9496034279424
9496464999840
9500070640000
9501467062500
9502059016681
9502240011264
9503572335768
9504822285000
9505863909360
9505956259072
9508534272000
9508930200000
9509602284000
9510948720000
9511329484800
9511525650000
9511686731250
9511875360000
9512681472000
9512892254250
9513870557184
9514433053125
9514683129744
9514874880000
9515827200000
9516271564800
9517235159040
9518081203280
9518157470250
9519156429750
9519724032000
9519810721344
9519921653760
9520875000000
9521867520000
9521965651968
9522166579200
9522724651776
9522805594288
9523422720000
9524531250000
9525502457856
9525700800000
9526349995250
9527168000000
9527186607750
9528358896000
9528416980992
9529569000000
9531289040000
9531459787500
9531924480000
9532509880320
9532941440000
9532972417500
9533342952000
9533500000000
9533853175000
9533953125000
9534448389375
9535257556776
9535274090496
9535363156800
9535509282663
9535905678600
9536169574400
9538646261760
9538696028160
9538764800000
9538795284480
9539252043750
9540685440000
9541870950816
9542935645758
9543686880000
9544305684375
9544481955360
9544653984375
9544912986400
9545274728000
9546100370352
9546485760000
9548077500000
9548573498100
9549197608500
9549306353664
9549797916672
9550243108224
9550310075625
9550703358000
9551661170688
9552533760000
9552713900544
9553672082700
9554305819392
9554702002923
9554711400000
9554960056320
9555186083625
9555975000000
9556040025000
9556721664000
9556824771000
9556867955232
9557057030400
9558074029140
9558309362976
9558630208512
9559148782176
9559173888000
9560063620800
9561116768000
9561138675000
9561564000000
9562410188800
9562500000000
9563113082880
9563266944000
9563481980928
9563867873280
9564781584384
9564922920960
9565063200000
9565715077875
9565796072448
9566429400000
9566968320000
9567574365888
9567736396344
9569304576000
9569516042240
9569651201929
9570190000000
9570624618240
9571452044000
9572325920820
9572795285504
9573207588000
9573687375000
9574442514000
9574497741312
9574603334400
9575065728000
9575280000000
9576000000000
9576071205120
9577478799000
9578091796875
9578251166400
9578413100032
9578592752456
9579508356600
9580032000000
9580121484375
9581501475000
9581785513984
9581932800000
9582111129600
9582300000000
9582311464960
9583145764335
9584718012000
9585000000000
9585755520000
9585795450000
9585838080000
9585987840000
9586367004672
9587819197440
9588171285000
9588197670912
9588494718000
9588782923776
9589612032000
9590396568192
9592174018560
9594662878125
9594703125000
9595013781600
9595125760000
9595132434720
9595982131200
9596030681088
9596475074560
9597120938118
9597191454720
9597656250000
9597663313920
9598176000000
9599460609375
9600000000000
9600236800000
9600494540000
9601069330125
9601140651840
9601708108032
9601804800000
9601917187500
9602857738656
9603662853168
9603671951250
9604067828868
9604568692565
9605278805760
9605960100000
9606156000000
9606224609280
9606684672000
9607474365678
9607494450750
9608010048000
9608028127200
9608332687360
9608791878125
9608982075000
9609345900000
9610000000000
9610224750000
9610390406250
9610801200000
9612366446592
9613070917632
9613682032500
9613753712640
9614987347095
9616429937664
9616663001088
9616783615488
9617203814400
9618739200000
9618804000000
9618812127972
9618821523000
9619335600000
9619537449984
9619717632000
9621207864000
9621998100000
9622136832000
9622350003200
9622800000000
9623914560000
9625314969600
9626662500000
9626712556230
9626812416000
9627616065600
9627791827500
9628476480000
9628719581250
9628869427200
9630017126400
9632942081280
9633054080000
9633939471000
9634775040000
9635392503000
9635481765000
9635603152896
9635715936000
9635921377280
9637057218321
9637125000000
9637208217600
9637302062080
9637703792640
9638203271942
9638259019666
9638506143000
9639337500000
9640976400000
9641074360320
9641149695450
9641179312128
9641248153600
9641879200512
9642089843750
9642960835200
9643103071875
9643896078336
9645066289152
9645490800000
9645654150000
9645701450000
9645708800000
9646160460384
9648789062500
9649411200000
9650068438920
9650410875000
9651503514926
9652071770240
9652284000000
9652500000000
9653244452376
9654241536000
9654594073344
9654716531250
9655222248000
9655432880184
9659865600000
9661317120000
9662793893532
9663353104125
9664000000000
9665311798296
9665705700000
9666583680000
9666731289600
9666800000000
9667086275000
9667112878080
9667452300000
9667738476000
9668695837437
9670576300000
9671304960000
9671380992000
9671404632064
9672000000000
9672226200000
9672512535000
9672807421875
9673267968000
9673671875000
9674338785800
9675208174500
9675993600000
9676902400000
9677115360000
9678606080000
9678732525000
9680000000000
9680212426752
9680630727600
9680832000000
9680856285184
9682042309800
9682752800000
9682807780800
9684287810208
9684354406356
9684380321280
9684484457472
9684665856000
9685020150000
9685365585408
9686943131250
9687314872872
9688436000000
9689758650000
9689824585350
9690161270868
9691095194550
9691905069000
9692957933568
9694285876080
9695078400000
9695772095184
9695802600000
9695934097920
9696970500000
9697296000000
9698700396060
9698798250000
9698931740160
9699465656790
9702369008640
9704448000000
9705577464000
9705617893125
9706272436224
9706745671875
9707032912500
9707171341824
9707360355000
9707431395328
9707533456530
9707985043456
9709508943750
9709682434375
9710673164640
9711632531250
9712565619120
9713097281250
9713928375270
9714094636288
9714231296640
9716155904000
9716236031250
9716578560000
9716889600000
9717364800000
9718017990912
9719059415750
9719111420928
9719377920000
9719605228032
9719656676235
9720000000000
9723219254000
9723239662500
9723427660800
9723866600448
9724099268520
9724152900000
9725184691200
9725229999576
9725547447000
9726971821875
9727208663040
9727265625000
9727496064000
9728072335360
9728101687500
9728580378330
9728948736000
9728981231424
9729502272000
9730125000000
9730286899200
9731400588000
9731771979237
9732072341250
9732267820800
9732719700000
9732882432000
9732938019840
9734691225600
9736344028125
9738138110976
9738449168175
9739192909824
9739449720000
9741201668352
9741240402656
9741889440000
9742233600000
9742513690000
9744126975000
9744183364608
9744207052800
9744243425280
9744646078125
9744745524354
9744767896500
9745146028800
9745683156000
9745738104375
9747000000000
9747246093750
9748749087000
9749376000000
9750189881250
9750312714240
9750654111744
9751756800000
9751984865280
9753234046875
9753486328125
9753722880000
9754690562500
9756302376960
9756441446400
9756621660060
9756970368750
9757384778232
9757657801125
9758891506752
9759125376000
9759129600000
9759498440832
9759859200000
9761007360000
9761499650322
9761505600000
9761763755520
9762501672000
9762768000000
9763214972742
9763275150720
9763819520000
9764192148480
9764335350000
9764950206050
9765730012500
9768978874368
9769144320000
9769839300000
9770065593750
9770506638750
9770775678976
9771417600000
9771711955200
9773322668928
9773685504000
9773725680000
9774546264000
9775171875000
9775572688560
9776091021312
9779517517440
9779920238592
9780092928000
9781556400000
9781931250000
9782223897600
9782588781000
9782665491456
9783174349278
9783848250000
9783906644250
9784391962500
9784510549632
9784687500000
9784934793216
9785499521875
9785836156784
9785954574000
9786159452160
9786188565504
9786273997500
9788273887500
9788425920000
9788517005355
9788549234688
9790115757030
9790583570432
9791060944896
9791795253000
9792125000000
9792711751680
9794030400000
9796900000000
9796938278490
9797340284928
9797410080000
9798084476928
9798264727524
9798967885824
9799372800000
9799601978880
9800000000000
9801166893056
9801632312500
9801638611695
9801743693616
9801842400000
9802386227200
9802473539040
9802600153088
9802802580480
9803739162609
9803979281250
9804185600000
9804229134336
9804985010975
9805734631602
9806254080000
9806525769375
9807966000000
9808275609216
9808593750000
9808749002752
9810437765625
9810880633125
9811868867955
9813196800000
9814432089600
9815464449531
9816176670125
9816730072992
9817835026500
9818446233600
9818618591232
9818784873216
9819129600000
9819175104000
9819295200000
9819350876160
9819798793000
9820263196250
9820309797144
9821046009600
9821173027632
9821204808480
9822413510000
9823234882560
9823354734375
9823378950000
9824277375000
9824287500000
9825753600000
9825894540000
9826225992000
9826523437500
9827368031250
9827839683072
9830906408960
9831198736224
9831421875000
9832163550000
9832363200000
9832728087000
9833098275000
9833506851798
9834222614937
9834496000000
9835129241600
9836344885248
9837907852500
9838074317568
9838389154272
9839669218560
9840157031250
9841039776000
9841169168136
9841270656250
9841375667200
9841500000000
9842208480000
9842407061760
9842483200000
9842609459200
9843564563250
9844410401280
9845600625000
9846234581625
9846438525000
9846605278125
9847756800000
9849673239552
9850156250000
9850266150912
9850738164750
9851254627500
9851567034375
9851633137500
9851915485440
9852402560000
9852458936320
9852482530800
9853373250000
9854003906250
9855295734375
9855659100000
9856799539200
9856949944320
9857855913984
9857932943040
9858858831360
9860002020000
9860345402661
9860821000000
9860907779415
9861013496752
9861112800000
9861833305800
9862078786560
9862479872000
9863971425000
9864805294080
9864873562500
9865154018304
9866009640960
9866016160650
9866046468096
9866641923072
9866703974400
9866772765696
9866862720000
9866973118464
9867074568750
9867078801216
9867255349248
9869113425920
9870336000000
9870559920375
9870681600000
9870972536880
9871645808640
9871894988800
9872777221632
9873884676096
9874286532000
9874496896128
9875144835072
9875356218000
9876286734336
9877282675442
9877657236480
9878727147520
9878984940924
9879408000000
9879634800000
9880257139200
9880473600000
9880632480888
9881368200000
9881746875000
9881857440000
9881994292200
9882020736000
9882516000000
9883785802464
9883857816000
9883938816000
9884240449875
9884531250000
9884695265280
9885015176400
9885033776835
9885506125824
9885940973568
9886079863296
9887062500000
9887695312500
9888921267750
9889227287205
9889576200525
9890642003968
9890773401600
9890859375000
9891256230375
9891962291250
9892557675000
9893954473728
9895595212800
9895604649984
9895897251000
9896377706712
9897767347167
9897798487500
9898990718750
9899764199424
9901080576000
9901761486408
9902640000000
9904359628800
9904652835840
9904731637500
9905135625000
9905426399232
9905469750000
9906258026448
9906624000000
9906766100000
9907702297920
9908589600000
9909043200000
9910312500000
9910781244000
9910855139328
9911022105600
9911158706176
9911374186545
9912171811500
9912295903125
9912320000000
9913713920000
9914058618750
9914598725400
9914941440000
9915826324950
9915856785408
9917835353125
9919032754176
9919324800000
9920000000000
9920741600000
9922200300000
9922511872000
9924314400000
9924661890000
9925784680032
9925963520000
9926489829312
9926739418750
9928933717248
9929051496000
9929511803904
9929697792000
9930025633792
9930105290880
9930379570650
9930516438024
9931165512840
9931569408000
9932657799168
9932669955000
9933225120000
9934107770880
9934259355648
9934410350592
9934928640000
9935223693192
9936819200000
9937139960104
9937193028750
9937846021455
9938552722560
9939375600000
9939611719840
9940000000000
9940001702400
9942532565625
9943209472014
9943507200000
9943619567616
9943797760000
9943923032064
9943969868586
9944025546875
9944039424000
9944711712000
9944890978750
9945767979392
9945907200000
9946025318592
9946211616000
9946791936000
9947292106752
9947695453704
9947848852480
9948364800000
9948575520000
9949728515625
9950020762500
9951059948544
9952057521432
9952248840192
9952316841728
9952401895200
9953917875000
9954720600000
9955065594375
9956664490500
9957326926848
9959354069952
9960249210171
9961576128000
9963344756736
9963648000000
9964518750000
9964893456000
9965642077440
9966159000000
9966984375000
9967429687500
9967759003125
9968441344992
9971097989580
9972198420912
9972781809375
9973435147200
9973545140000
9974988800000
9975074172000
9975348150464
9976147163136
9976373702802
9977451039171
9977829375080
9978074615808
9978322044240
9978368400000
9978408960000
9979230452905
9979305600000
9981174196224
9982458984375
9982500000000
9982743750000
9982804414464
9983257465720
9983439033750
9984194438400
9984287272635
9984310718976
9984457156608
9984644167680
9984891555288
9985338825000
9985568440320
9985646592000
9985716900000
9987125226624
9987311664000
9987989133177
9988160000000
9988535156250
9988803136000
9989129779200
9990037774080
9990266483736
9992074950000
9992351460000
9992594304000
9992961239040
9993029168096
9993324416544
9993985263444
9994065120000
9994471200000
9994929619500
9995714560000
9996350000000
9996841462784
9997020000000
9997074432000
9998229313800
9998244000000
