# n with rad(n) | sigma*(n), where sigma*(q^e) = q^e + 1.
# 1 < n <= 10^13, 54239 terms.  Not in OEIS.
6
18
20
24
45
54
60
72
90
96
100
162
180
216
272
288
320
352
360
378
384
450
486
500
540
648
720
816
832
864
960
1056
1125
1152
1300
1440
1458
1500
1512
1536
1600
1620
1800
1944
2250
2448
2500
2592
2646
2880
3168
3321
3456
3500
3645
3780
3872
4160
4225
4374
4500
4608
4624
4860
5120
5504
5760
5824
5832
5850
6048
6125
6144
6615
6642
7200
7290
7344
7776
7875
8000
8450
8640
9000
9100
9504
9728
10368
10500
10584
10816
11250
11520
11616
12240
12250
12480
12500
13122
13230
13284
13500
13824
14580
15360
15750
15840
15925
16512
16900
17496
18000
18375
18432
18522
20800
22032
23040
23120
23247
23328
23400
24000
24192
24500
24576
25350
25600
25920
26460
26568
28125
28512
28800
29120
29160
29184
29646
31104
31500
31850
33800
34848
36000
36450
36750
37440
37500
39366
40000
40500
40768
40950
41472
41984
42336
42592
43740
45000
46080
46494
48640
49000
49536
51408
52488
52920
53136
54080
55125
55296
56000
56250
58320
60480
60544
61200
62500
63000
63700
65792
66096
66150
66420
66528
67600
69360
69632
69984
71825
72000
73500
73728
74088
76050
77760
78608
79200
81920
85536
87360
87552
91125
92160
92988
93312
93600
94500
95550
96768
98000
98304
101400
104000
104544
105840
106272
106434
110250
111537
112320
112500
115200
115600
116640
118098
118584
121500
124416
125952
126000
127400
127776
128000
129654
131220
134096
135200
138240
140608
143650
144000
145600
145800
145920
147000
148608
157464
162240
162729
163800
165375
165888
168000
169344
171500
174240
180000
181632
182250
183872
184320
184832
185220
185976
196000
197376
198288
200000
203840
208080
208896
209920
209952
211680
212544
215475
216000
219700
220500
221184
223074
225000
228150
233280
235824
236192
236672
243200
245760
247680
252000
254800
256608
262080
262656
264600
266085
270400
272322
275562
279936
281250
283500
285376
286650
287300
288000
293888
294000
294912
295245
296352
296460
304200
306000
312000
312500
313632
325458
330750
332100
332800
336960
337500
354294
359856
360448
364500
368640
371952
373248
374400
377856
382200
383328
384000
385875
387072
392000
393216
393660
396000
402288
405600
409600
414720
423360
425088
425736
430950
437760
441000
445824
445900
446148
450000
460800
464940
465696
466560
468512
472392
473850
474336
475136
486720
496125
497664
504000
509600
514500
518616
520000
532170
540800
544896
550256
551616
554496
574600
576000
578000
583200
588000
590490
592128
594864
600000
611520
624240
626688
629760
629856
637875
640000
646425
648000
650916
655200
661500
663552
665984
670480
677376
684450
699840
703040
703125
707472
708576
710016
720000
728000
729000
729600
731808
737280
743904
747954
769824
771750
782500
784000
786240
787968
795600
796446
812500
813645
830297
839808
846720
850176
850500
859950
861900
871200
881664
882000
884736
892296
896000
900000
903312
907578
911250
912600
919026
919360
933120
936000
937500
940896
967680
984256
987136
988650
991440
992250
1000000
1008000
1010880
1012500
1019200
1021904
1029600
1040256
1049600
1058400
1062720
1062882
1064340
1081344
1081600
1089288
1093500
1102248
1119744
1125000
1133568
1139103
1146600
1149200
1149984
1152000
1168992
1176000
1179648
1180980
1183360
1183744
1185408
1200500
1206864
1216000
1216800
1221025
1238400
1244160
1275750
1283040
1292850
1296540
1301832
1310720
1313280
1323000
1336336
1337472
1352000
1398784
1405536
1406250
1417176
1425408
1426880
1456542
1458000
1460160
1469440
1474560
1487200
1487808
1488375
1492992
1497600
1502800
1512000
1528800
1529437
1530000
1537900
1543500
1548288
1562500
1568000
1572864
1575904
1597050
1622400
1627290
1634688
1650768
1653750
1654848
1660500
1660594
1663488
1666000
1693440
1700352
1702944
1721344
1723800
1734000
1764000
1776384
1784592
1799280
1800000
1808406
1827904
1834560
1838592
1843200
1851392
1866240
1869885
1872720
1880064
1889280
1889568
1895400
1897344
1916640
1928934
1939275
1944000
1980000
1984500
1990656
1997632
1997952
2006550
2011440
2016000
2038400
2048000
2053350
2057216
2074464
2099520
2109120
2122416
2125728
2128680
2130048
2142000
2156000
2163200
2184000
2188800
2211840
2230740
2265625
2278125
2278206
2298400
2304000
2309472
2324700
2328480
2329600
2332800
2352000
2358720
2361960
2362500
2363904
2375680
2392578
2442050
2490891
2518992
2519424
2532546
2551500
2579850
2585700
2600000
2603664
2620800
2640625
2644992
2646000
2654208
2660850
2688000
2691325
2701125
2709504
2723220
2724480
2737800
2744000
2755620
2758080
2763072
2772000
2808000
2812500
2822688
2829056
2856100
2880000
2890000
2916000
2949120
2952450
2960640
2963520
2975616
2976750
2991816
3032640
3037500
3058874
3065712
3087000
3121300
3125824
3133440
3136000
3148800
3161600
3185784
3188646
3200000
3244032
3254580
3259872
3280500
3316950
3321188
3352400
3359232
3386880
3400704
3407872
3439800
3447600
3449952
3456000
3511808
3515200
3521250
3528000
3537360
3538944
3542940
3550080
3569184
3600000
3601500
3620592
3630312
3640000
3645000
3648000
3650400
3656250
3676104
3732480
3739770
3792258
3851792
3878550
3888784
3932160
3938058
3939840
3948669
3954600
3964928
3969000
4012416
4031856
4032000
4046000
4056000
4068225
4076800
4134375
4151485
4196352
4216608
4233600
4251528
4257360
4276224
4280640
4317300
4326400
4331600
4356000
4357152
4369680
4380453
4380480
4408320
4408992
4461600
4465125
4478976
4500000
4531250
4536000
4556250
4556412
4586400
4596800
4608000
4630500
4704000
4718592
4723920
4727712
4741632
4743360
4822335
4867200
4884100
4904064
4921280
4952304
4957200
4964544
4981782
4990464
4991679
4998000
5000000
5096000
5103000
5122656
5153632
5171400
5202000
5207328
5217696
5235678
5248000
5281250
5292000
5313600
5324800
5329152
5353776
5382650
5400000
5402250
5503680
5554176
5569200
5582601
5605600
5618160
5625000
5640192
5667840
5668704
5687500
5812079
5817825
5826168
5832000
5898240
5916800
5918720
5951232
5953500
5971968
5990400
5993856
6034320
6080000
6115200
6117748
6144000
6160050
6171648
6174000
6192000
6193152
6272000
6291456
6298560
6323184
6327360
6353046
6367248
6377184
6388200
6390144
6415200
6468000
6489600
6509160
6512500
6552000
6553600
6566400
6615000
6635520
6642376
6652125
6760000
6773760
6796875
6801408
6811776
6889792
6895200
6920550
6928416
7031250
7056000
7076160
7091712
7127040
7134400
7138368
7153328
7200000
7207200
7233624
7281792
7321952
7325824
7326150
7347200
7372800
7374500
7381125
7411500
7439040
7464960
7472673
7479540
7558272
7581600
7589376
7647185
7650000
7654500
7715736
7739550
7757100
7769682
7800000
7812500
7897338
7934976
7938000
7962624
7964460
7973721
8026200
8049888
8064000
8136450
8153600
8182944
8213400
8232000
8268750
8274240
8297856
8302500
8302970
8317440
8403500
8424000
8437500
8468064
8487168
8512000
8514720
8606720
8652800
8756864
8760906
8930250
8996400
9062500
9075780
9097920
9112500
9112824
9139520
9176622
9190260
9192960
9193600
9197136
9216000
9256960
9331200
9408000
9446400
9447840
9464000
9480645
9484800
9565938
9570312
9583200
9600000
9644670
9699328
9732096
9768200
9841500
9845145
9900000
9953125
9963564
9983358
9988160
10057200
10077696
10130184
10176896
10195794
10202112
10206000
10221120
10240000
10286080
10319400
10342800
10349856
10368000
10414656
10483200
10519600
10535424
10562500
10584000
10616832
10628640
10628820
10643400
10650240
10765300
10804500
10838016
10846208
10858496
10861776
10944000
10951200
11153700
11165202
11179350
11197440
11250000
11325600
11442816
11520000
11555376
11623500
11624158
11635650
11642400
11664000
11796480
11809800
11819520
11878400
11894784
11902464
11907000
11967264
12037248
12138000
12168000
12235496
12271168
12348000
12434688
12454455
12520000
12544000
12589056
12649824
12743136
12754584
12828672
12841920
12852450
12858912
12870144
12994800
13000000
13018320
13089195
13141440
13160448
13224960
13267800
13284752
13304250
13384800
13395375
13436928
13502538
13547520
13574925
13593750
13602816
13608000
13622400
13644800
13759200
13778944
13790400
13815360
13891500
13983424
14031225
14045850
14085000
14112000
14113440
14155776
14183136
14211126
14276736
14336000
14400000
14400512
14407712
14450000
14475024
14521248
14565420
14580000
14601600
14625000
14653125
14704416
14706125
14712192
14762250
14763840
14803200
14856912
14893632
14929920
14945346
14959080
14971392
14994000
15000000
15169032
15288000
15294370
15356304
15460896
15482880
15514200
15606000
15629120
15667200
15744000
15752232
15794676
15818400
15843750
15876000
15882615
15947442
15987456
16000000
16061328
16099200
16128000
16147950
16200000
16220160
16272900
16307200
16359200
16511040
16537500
16592625
16605940
16662528
16762000
16781312
16816800
16854480
16908544
16920576
16934400
17003520
17006112
17029440
17039360
17305600
17428608
17436237
17453475
17496000
17521812
17559040
17576000
17578125
17632944
17635968
17686800
17750400
17756160
17825792
17860500
17915904
17981568
18000000
18084060
18102960
18125000
18200000
18225000
18225648
18240000
18278784
18345600
18387200
18432000
18480150
18514944
18698850
18732384
18816000
18874368
18895680
18907875
18961290
18966528
18982080
19101744
19131552
19170432
19173700
19208000
19258960
19289340
19341504
19404000
19424205
19443920
19468800
19536400
19537500
19656000
19690290
19699200
19743345
19906250
19906560
19927128
19966716
20062080
20123648
20341125
20390625
20412000
20685600
20744640
20757425
20785248
20829312
20942712
20971520
21083040
21125000
21168000
21228480
21275136
21294469
21381120
21459984
21526641
21530600
21609000
21780000
21789081
21849100
21965856
21977472
21978450
22041600
22075456
22123500
22131200
22330404
22372352
22418019
22500000
22674816
22717712
22781250
22782060
22819104
22941555
22963500
22984000
23218650
23248316
23254400
23271300
23304672
23328000
23400000
23437500
23592960
23716000
23737698
23762752
23804928
23814000
23855104
23887872
23914845
23925780
23961600
24192000
24460800
24470992
24582656
24606400
24640200
24696000
24761520
24772608
24786000
24822720
24908910
25000000
25088000
25165824
25210500
25272000
25282400
25312500
25325460
25344144
25404192
25412184
25461504
25480000
25536000
25552800
25593750
25613280
25820160
25958400
26036640
26178390
26240000
26270592
26460000
26562500
26568000
26569504
26576896
26608500
26790750
26962544
27095040
27149850
27187500
27205632
27247104
27293760
27337500
27418560
27529866
27580800
27591408
27674298
27682200
27770880
28062450
28125000
28224000
28322000
28339200
28392000
28454400
28489806
28553472
28573696
28697814
28800000
28934496
29060395
29196288
29304600
29306250
29412250
29491200
29524500
29584000
29593600
29859840
29890692
29918160
29942176
29964480
29969280
30171600
30221100
30233088
30326400
30357504
30400000
30492000
30530688
30587760
30588740
30606336
30858240
30862944
30958200
30960000
31028400
31049568
31078728
31104000
31119616
31255875
31589352
31606272
31752000
31765230
31850496
31886460
31894884
31950720
32076000
32104800
32234193
32256000
32306688
32413500
32538624
32545800
32575488
32585328
32614400
32768000
32832000
32853600
33075000
33185250
33191424
33211880
33454592
33592320
33712000
33800000
34058880
34247178
34328576
34448960
34492900
34591050
34611200
34666128
34751808
34872474
34906950
34933248
35043624
35078125
35156250
35176448
35389440
35409725
35458560
35635200
35672000
35684352
35691840
35721000
35858592
35919936
36111744
36250000
36408960
36414000
36450000
36451296
36504000
36649746
36706488
36736000
36774400
36864000
37035792
37129300
37195200
37273600
37324800
37363365
37476432
37562500
37632000
37767168
37791360
37800000
37815750
37922580
37949472
38235925
38250000
38263752
38281248
38381850
38486016
38525760
38578680
38848410
38984400
39062500
39072800
39078207
39261024
39380580
39424320
39486690
39674880
39812500
39854256
39933432
40154400
40186125
40310784
40520736
40625024
40682250
40684553
40781250
40783176
40824000
40934400
41100800
41277600
41343750
41371200
41512500
41514850
41587200
41658624
41674500
41932800
42250000
42336000
42467328
42549408
42573600
42588938
43008000
43033600
43053282
43061200
43201536
43218000
43223136
43344000
43350000
43352064
43571520
43578162
43581200
43614208
43784320
43804800
43904000
44089920
44118375
44136576
44262288
44291520
44302336
44421120
44471322
44570736
44640288
44660808
44680896
44717400
44731008
44836038
44890625
44914176
44982000
45000000
45697600
45864000
45883110
45964800
45985680
46080000
46284800
46382688
46496632
46542600
46564875
46656000
46747125
46818000
46887360
47185920
47215625
47232000
47239200
47416320
47531250
47609856
47628000
47829690
47869056
47916000
47928672
47962368
48183984
48223350
48228544
48443850
48496640
48498912
48600000
48677533
48941984
48981429
49077600
49392000
49500000
49533120
49817820
49918976
49940800
49987584
50073296
50176000
50286000
50343936
50450400
50563440
50761728
50972544
51010560
51018336
51118080
51200000
51409800
51430400
51667875
51880500
52073280
52308711
52356780
52360425
52488000
52677120
52728000
52886925
53071200
53139008
53143200
53217000
53251200
53268480
53477376
53581500
53690368
53747712
53892054
53944704
54010152
54190080
54299700
54308880
54375000
54411264
54600000
54687500
54720000
54987741
55036800
55161600
55296000
55440450
55544832
55768500
55816047
56124900
56183400
56243200
56340000
56349216
56448000
56623104
56687040
56689952
56844504
56946240
56953125
57106944
57280608
57305232
57394656
57511296
57600000
57624000
57776880
58084992
58117500
58120790
58212000
58308448
58320000
58331760
58406400
58500000
58612500
58817664
58824500
58968000
59049000
59062500
59097600
59392000
59584000
59718750
59719680
59765625
59781384
59836320
60135120
60370944
60676128
61171875
61177480
61230625
61355840
61661600
61663680
62056800
62272275
62355744
62511750
62914560
62945280
63008928
63178704
63273600
63375000
63504000
63530460
63685440
63789768
63825408
64143360
64350720
64379952
64443600
64468386
64512000
64591800
65000000
65091600
65228800
65897568
65932416
65935350
66124800
66150000
66248000
66370500
66393600
66423760
66521250
66724352
67117056
67254057
67737600
68024448
68080500
68112000
68117760
68124672
68153136
68824665
68890500
68894720
68952000
69076800
69185745
69222400
69655950
69714432
69736869
69744948
69763200
69813900
69917120
70087248
70156250
70200000
70312500
70543872
70567200
70575104
70819450
70915680
71148000
71370558
71414784
71442000
71547840
71663616
72000000
72002560
72250000
72375120
72500000
72576000
72900000
72902592
73382400
73548800
73637200
73728000
73747968
73811250
73920600
74016000
74088000
74468160
74726730
74795400
74823102
75264000
75357100
75497472
75582720
75631500
75816000
75845160
75847200
75866112
75893760
75937500
76212576
76384512
76471850
76608000
76781520
76918400
77157360
77460480
77696820
77875200
78145600
78156414
78255450
78336000
78720000
78761160
78811776
78973380
79275875
79279200
79625000
79687500
79708512
79730688
79866864
80000000
80080650
80099712
80306640
80372250
80584064
80887632
81100800
81119500
81364500
81369106
81562500
81585792
81648000
81881280
82012500
82255680
82589598
82742400
82774224
83029700
83312640
83317248
83397600
83770848
83810000
84500000
84542720
84672000
84966000
85017600
85176000
85177876
85196800
85363200
85617945
86093442
86106564
86122400
86281650
86400000
86436000
86673699
87042816
87156324
87181185
87588864
87609060
87651200
87795200
87880000
87913800
88236750
88434000
88548768
88573500
88752000
89321616
89672076
89781250
89800704
89826528
89893440
90000000
90012384
90091008
90177536
90514800
90648896
90699264
90790875
91000000
91125000
91200000
91592064
91624365
91766220
91819008
92123136
92438500
92574720
92798784
92874600
92993264
93085200
93129750
93148704
93218688
93312000
93358848
93494250
93657397
93661920
94371840
94431250
94517766
94806450
94818816
94950792
95024475
95219712
95256000
95513600
95551488
95659380
95703125
95846400
95852160
96294800
96369966
96707520
97219600
97240500
97355066
97615872
97726464
97755984
97843200
97883968
97962858
98218575
98304000
98320950
98451450
98496000
98560800
98716725
98784000
99090432
99477882
99635640
99833580
100310400
100352000
100363776
100663296
100776960
100803584
101005866
101136000
101400000
101648736
101705625
101721744
101957940
102211200
102375000
102985728
103335750
103346880
103359375
103787125
103833600
103926240
103998384
104146560
104200000
104617422
104713560
104720850
104857600
104958000
105234375
105415200
105529344
105773850
105840000
106168320
106229175
106278016
106375680
106434000
106472345
106905600
107016000
107053056
107163000
107494128
108316656
108335232
108380160
108599400
108750000
108822528
108900000
108988416
109242000
109512000
109816938
109975482
110119464
110208000
110312766
110323200
110377280
110697192
110728800
111632094
111652020
111945856
112090095
112249800
112500000
112694400
112774736
112890625
112896000
113301504
113848416
113906250
113910300
113959224
114150400
114213888
114791256
114920000
115200000
115458048
115577280
115737984
115762500
116241580
116953200
117218400
117225000
117334000
117649000
117964800
117992000
118098000
118272960
118584000
118813760
119024640
119275520
119308288
119439360
119443456
119531250
119562768
119672640
120463200
120558375
120670225
120932352
121305600
121430016
121649408
121875072
122053659
122343750
122354960
122461250
122472000
122803200
122852500
122913280
123032000
123046875
123302400
123430608
123451776
123807600
123832800
123930000
124113600
124314912
124544550
124581600
124987536
125000000
125023500
125254350
125870976
126091264
126357408
126720720
127008000
127060920
127307520
127400000
127401984
127431360
127579536
127648224
127766814
127951488
128066400
128419200
128936772
129024000
129604608
129669408
130050000
130183200
130457600
130743600
130842624
130891950
131200000
131352960
131414400
131639904
131712000
132299648
132300000
132355125
132409728
132741000
132765696
132840000
132847520
132874560
132884480
133712208
134042688
134456000
134456400
134508114
134671875
134730135
134742528
134946000
134982848
135000000
135025380
135390528
135828000
136235520
136988712
137312500
137592000
137649330
138364200
138371490
138444800
138706101
138854400
139148064
139473738
139489896
139627800
140174496
140312500
140454000
140625000
140662080
140865536
141448032
141638900
141646875
141696000
142111260
142593750
142868480
142884000
143405557
143887104
144198144
144551952
144998100
145000000
145212480
145301975
145331550
145489920
145708146
145800000
145805184
146598984
146825952
147044160
147097600
147232800
147456000
147920000
147968000
148599360
149299200
149453460
149710880
149756928
149846400
149962752
150219888
150528000
150858000
151031808
151165440
151263000
151351200
151690320
152000000
152285184
152523567
152943700
153031680
153055008
153124992
153354240
153527400
153600000
153817664
154291200
154314720
154419200
154528192
154800000
154918400
155218050
155247840
155393640
155714454
156291200
156312828
156926133
157081275
157464000
157522320
157946760
158031360
158184000
158551750
158826150
159250000
159278481
159417024
159474420
159733728
159753600
159805440
160380000
160432128
160744500
160888000
161071104
161243136
161533440
161748576
161834112
162082944
162530550
162729000
162738212
162760000
162926640
163125000
163132704
163296000
163800000
163840000
163891593
164062500
164160000
165110400
165375000
165484800
165888000
166059400
166303125
166321350
166339264
166380416
166634496
166985728
167081850
167731200
169000000
169031250
169344000
169869312
170061120
170069856
170294400
170355752
170838720
171235890
171642880
171915696
172078592
172183968
172213128
172244800
172533888
172701776
172872000
173330640
173347398
173408256
173502000
173759040
174002400
174312648
174362370
174636000
174925344
174995280
175219200
175781250
175837500
175882240
176473500
176904000
177091200
177292800
177382400
177409008
177885288
178176000
178360000
178421760
178426395
178459200
178643232
178752000
178869600
179156250
179159040
179344152
179562500
179599680
179951200
180000000
181112832
181581750
182044800
182518875
183248730
183515625
183532440
183680000
184067520
184287232
184320000
184528125
184594432
184984800
185287500
185976000
185986528
186170400
186259500
186624000
186816825
186988500
187057755
187067232
187314794
188737808
188743680
188862500
188956800
190048950
190125000
190439424
190512000
191056320
191179625
191250000
191318760
191406250
191476224
192430080
192441600
192893400
193139856
193720086
193775400
194242050
194710132
195000000
195312500
195767936
195925716
196437150
197433450
197568000
197692704
197797248
197806050
198089712
198254000
198374400
198744000
199111500
199180800
199271280
200173056
200320000
200704000
200884698
201066624
201351168
201762171
201770433
203411250
203422765
203673600
203890176
204073344
204459408
205639200
206056224
206117275
206473995
206671500
206684160
206718750
206856000
207088000
207562500
207574250
207936000
207986625
208000000
208293120
208967850
209207296
209234844
209289600
209427120
209441700
209751360
210468750
210600000
210910700
210937500
211547700
211725312
212284800
212458350
212556032
212868000
212944690
213444000
214114320
214244352
214326000
214990848
215168000
215568216
216007680
216040608
216760320
217198800
217500000
217645056
217728000
218495232
218791125
218921600
219950964
220147200
220646400
220682880
221243904
221311440
221382720
221511680
221761800
222264000
223264188
223404480
223655040
224180190
224499600
224532000
224733600
224910000
225360000
225639351
225781250
225792000
226146816
226492416
226894500
226980512
227378016
227448000
227541600
227812500
228427776
228488000
228637728
229022802
229153536
229376000
229415550
229756500
229824000
229928400
230400000
230755200
231247872
231424000
231913440
232339968
232381440
232483160
233046720
233280000
233625600
234000000
234182144
234188334
234450000
235270656
235298000
236160000
236196000
236435328
237016125
237376980
237827625
237899776
238530825
238875000
238878720
239062500
239125536
239148450
239192064
239345280
239580000
239811840
240000000
240340100
241116750
241142720
241340450
241450300
241752192
241860608
242137350
242483200
242662896
242704512
243085050
243262656
243358500
244107318
244532736
244687500
244709920
244922500
245643840
245656962
245943216
246037500
246093750
246128625
246767040
247500000
247726080
247768794
248227200
248322672
249089100
249594880
249704000
249894832
249937920
250047000
250366480
251010144
251430000
251439552
252035712
252514665
252714816
253094400
253500000
253628160
253808640
253973200
254016000
254121840
254898000
255052800
255159072
255528000
255798400
256000000
256089600
256351392
256548222
257152000
257873544
258048000
258280326
258367200
258474853
259200000
259905100
260366400
260876000
260915200
261057168
261390272
261543555
261607424
262335024
262766592
262812500
262937500
262953600
263385600
263741400
264370176
264600000
264710250
265482000
265695040
265716000
265720500
266085000
266256000
268451840
268672950
269016228
269343750
269460270
269479584
269680320
270011394
270532608
270950400
271055488
271544400
271946688
272056320
272097792
272471040
272890800
273547449
273600000
274776192
274938705
275298660
275457024
276742980
276828097
276889600
277315500
277412202
277724160
277971200
278106400
278623800
278687500
278842500
278857728
278947476
278979792
279255600
279446112
279936000
280076544
280348992
280625000
281080800
281250000
281746080
282175488
283277800
283293750
284456448
284791871
284898060
285221250
285282304
285482232
285768000
286403040
286526160
286540800
286654464
286811114
286978140
287109375
287556480
288000000
288884400
289344960
290000000
290587500
290603950
291060000
291542240
291600000
291610368
291721500
292065198
292264544
292847616
292906368
293179392
293267952
293529600
294195200
294912000
295245000
295488000
295682400
296156250
296960000
297845856
298906920
299181600
299292408
301056000
301091328
301989888
302330880
302410752
302526000
303038464
303380640
303408000
303464448
304200000
305047134
305068400
305887400
306779200
307328000
308629440
308915776
308957184
309836016
310040640
310787280
311299254
311361375
311500800
311995152
312482016
312582400
312600000
312625656
313021800
313117056
313852266
314162550
314310656
314726400
315044640
315703125
315893520
316588032
317103500
318279456
318500000
318504960
318556962
318687525
318834048
319127040
319417035
319467456
320322600
320716800
321048000
321159168
321489000
321753600
321899760
324003968
325000000
325005696
325390608
325458000
325476424
325954125
326250000
326592000
327229875
327726000
327783186
328536000
329487840
329662080
330358392
330624000
330969600
331131840
331914240
332118800
332606250
333268992
335083392
335412000
335544320
335837568
336270285
337599808
338000000
338324208
338688000
339106950
339492384
339904512
340560000
340711504
341545248
342102016
342315776
342471780
342707760
344373768
344426256
344473600
344489600
344760000
345126600
345384000
345744000
346374144
346694796
346731840
348625296
348684345
348724740
349585600
349913088
350513072
350859600
351655200
352002000
352836000
352875520
352876225
352947000
353152800
353976000
354521713
354578400
354818880
356441280
356807808
356852790
357073920
357286464
357826560
357924864
358688304
358875136
359125000
360000000
360012800
361250000
361389600
361675125
361875600
362797056
363163500
364135500
364270365
364500000
364512960
364948224
365037750
365625216
366160977
366497460
367031250
367064880
367383750
367416000
368409600
368739840
369056250
369096000
369098752
369907200
370080000
370367478
370832000
371458048
371498400
371973056
372340800
372519000
372874752
373248000
373633650
373977000
374115510
374629588
375000000
375070500
377244378
377487360
377725000
378071064
379225800
379803168
380097900
380878848
381024000
382200000
382205952
382359250
382637520
382812480
382812500
382944672
383300442
383385600
383907600
384716800
385479864
386201104
387072000
388813824
389008224
389420264
390150000
390379500
390712329
390728000
391372800
391535872
391680000
391851432
392230800
392527872
392874300
393283800
393600000
393702400
393805800
394058880
394243200
394444512
394866900
395136000
395324800
396361728
396898944
397065375
397229184
397911528
398542560
398623680
398653440
399589376
400000000
400498560
400964256
401136624
401408000
401533200
402128064
402653184
402976000
403368000
403524342
403540866
404015625
404023464
404227584
404838000
404948544
405000000
405207360
405504000
406594944
406822500
406845530
408422300
408844800
409500000
411771500
412234550
412776000
412947990
413343000
413437500
415148500
415334400
415744000
415973250
416006864
416563200
416586240
417088000
417444192
418469688
418854240
418883400
419044509
419050000
420937500
421093728
421362000
421986240
422538025
422596608
422713600
423095400
423360000
424916700
424940625
425000000
425088000
425112064
425736000
425889380
425984000
426496000
427781250
428203125
428605440
428652000
429800800
430023169
430216671
430532820
431645760
431661312
431871264
433520640
433655856
434397600
434909696
435000000
435214080
435290112
435781620
435905925
435953664
435994650
436469760
437400000
437582250
437606528
438045300
438976000
439267752
439400000
439453125
439901928
440477856
441251064
441292800
441698400
442170000
442788768
442915200
443760000
443904000
444713220
445332816
445728096
445798080
446528376
448360380
448999200
449003520
449132640
449270784
449683650
449888256
450000000
450455040
450659664
451105200
451278702
451562500
451584000
452101500
452574000
453095424
453244480
454053600
454833925
455000000
455070960
455625000
455836896
456000000
456855552
457773282
457960320
459095040
459165024
460062720
460140625
460615680
460800000
461452992
461547450
462873600
462951936
463257600
463736000
463993920
464755200
464966320
466959168
467471250
468286985
468309600
468873600
468900000
470596000
470778399
471243825
471859200
472112550
472392000
474032250
474094080
474549075
474552000
475655250
476563500
476784000
476872704
477061650
477757440
478125000
478251072
478690560
478890000
479260800
479416320
479756288
481296384
481474000
482233500
482664000
482680900
483213312
483537600
483729408
484300215
485222400
485502336
485605125
485720064
486098000
488079360
488214636
488312500
488632320
488779920
488781378
489375000
489419840
489845000
491400000
492187500
492257250
492480000
493583625
493807104
494025728
495331200
496454400
497250000
497259648
497664000
498178200
498964050
499141248
499167900
499593906
499903488
500094000
500834880
501017400
501552000
504017920
504961024
505029330
505429632
507812500
508032000
508243680
508528125
508608720
509607936
510183360
510209568
510318144
511067256
512516160
513676800
514928640
515460400
515747088
516096000
516235776
516551904
516949706
517601664
517623750
517694976
518105328
518112000
518616000
518935625
519631200
519991920
520732800
521830400
523087110
523567800
523908000
524288000
524776032
524985840
525657600
525811662
527076000
527215392
527499700
527512500
527646720
527660224
529200000
529420500
530034813
530712000
530964000
531062784
531390080
531878400
532147200
532361725
533488032
534310400
534528000
534691584
535575888
536256000
537468750
537470640
537477120
538032456
538361824
538428800
538687500
538795719
538920540
539853600
540633600
540765225
543338496
544500000
544942080
547094898
547788150
547954848
548352000
549877410
550546875
550597320
551040000
551886400
552202560
552836250
553456800
553485960
553656194
553779200
553783296
554824404
554954400
557894952
557959584
558260100
558511200
559436800
560450475
560564550
560697984
561201696
561250000
561944382
562500000
563873680
566213424
566231040
566429760
566555600
566587500
567186786
568901344
569531250
569551500
569583742
570375000
571069440
571536000
573168960
573538875
573622228
574218750
574428672
574600000
575930368
577290240
579419568
580000000
580609134
581207900
581326200
582832584
583200000
583220736
583783200
585000000
585937500
586395936
587303808
588390400
589824000
591328125
593078112
593391744
593418150
594068800
594762000
595123200
596232000
596377600
597196800
597334500
597542400
597813840
597871125
598144500
600519168
601000000
601702400
602112000
603993159
604053504
604661760
604800000
605052000
605286513
606761280
608247040
609299712
610094268
610268295
610638912
611774800
612220032
612499968
613378224
613827072
613899648
613976517
614109600
614566400
615160000
616250000
617258880
617906250
619038000
619222016
619421985
619650000
619740000
619841376
620014500
620052480
620568000
620872200
621264000
621574560
622328832
622722750
622857816
623589472
625000000
625164800
625251312
626903550
627704532
627868800
628325100
628604928
629254080
630086688
630089280
630456320
630637056
631341216
631406250
631787040
631800000
632732100
632807929
632812500
633136500
633603600
634207000
635175936
635304600
636537600
637000000
637113924
637375050
637668096
638834070
638934912
640332000
641370555
642733056
642978000
643500000
644683860
644861952
644972544
645504000
648023040
648331776
648347040
649591488
650122200
650916000
650952848
651908250
652500000
652530816
653184000
654459750
655566372
656000000
656764800
658199520
660441600
661500000
661624362
661939200
663731712
664200000
664237600
664422400
664535040
665171325
665212500
665285400
666537984
666792000
667437408
668327400
668352512
668595200
670213440
670924800
672540570
673712640
674914240
675028485
676000000
676125000
676952640
677343750
677376000
678277600
679477248
680683500
680941536
681177600
681234775
681423008
682344000
682624800
683164125
683437500
684943560
685187776
685464000
685913184
687460608
687530025
688128000
688246650
688852512
688979200
689472000
690861600
691488000
691857450
692265600
693098208
693389592
693530505
693633024
694272000
696345174
697144320
697250592
697368690
697449480
698713600
700876800
702464000
702546432
703125000
705438720
705625088
705752450
705894000
707041062
708480000
709043426
709305984
711541152
712052208
713482875
713705580
714342400
714572928
715478400
716625000
717187500
717376608
717576192
718250000
720000000
720990720
721020300
723350250
723428160
724021350
725256576
725581824
726327000
726509875
727988688
728540730
729623700
730075500
731161600
731905794
732040400
732321954
732994920
734062500
734129760
734706000
736931520
736969376
737280000
738112500
739600000
739840000
740301120
743306382
743946112
744681600
744968016
745038000
746496000
747267300
747954000
748231020
748554400
748784640
749112000
749232000
749259176
749371392
749430144
749684496
749813760
751099440
752458896
753139712
754290000
754974720
755159040
755450000
755827200
758346624
758661120
760000000
760195800
760500000
760884480
761757696
762048000
763140625
764694000
764718500
765158400
765275040
765625000
765904896
766584000
767395200
768268800
769088320
771456000
771573600
772189362
772640960
774000000
774840978
774880344
775101600
776239200
776968200
777600000
778840528
780915200
781424658
781564140
782628000
783071744
783702864
784170816
784393632
784630665
784822272
785748600
785987712
788299776
788437500
788860800
789733800
790156800
790272000
791224200
794130750
796392405
797085120
797161500
797372100
797500000
798768000
799052800
801627840
801900000
802160640
802816000
803538792
805355520
807048684
807081732
807667200
808031250
808438752
809040960
810337500
811597824
813166464
813645000
813691060
814633200
815560704
815840064
816293376
819200000
820800000
821338000
822556800
824328576
824469100
825895980
826371072
826686000
826875000
830088000
830297000
831696320
831902080
831946500
833172480
833913600
833986125
834319200
834928640
835871400
836939376
837708480
837766800
838089018
838338336
839808000
840229632
841875000
845000000
845076050
846190800
849139200
849833400
849881250
850224128
851472000
851778760
853369344
854375613
856179450
856406250
857304000
858214400
859622400
859963392
860046338
860392960
860433342
860919840
860934420
861224000
861328125
862272864
862669440
864014256
864162432
866653200
867041280
868795200
870000000
870580224
871811850
872071200
874626720
875000000
875164500
876195594
876793632
878542848
878870432
878906250
879411200
879538176
879803856
880588800
881096832
882585600
882638848
883183986
884736000
886424704
886464000
887045040
887047200
889632234
890880000
891800000
892108800
892296000
892314500
893056752
895660416
896720760
897443712
897998400
898934400
899891200
900235264
901440000
902557404
903125000
903168000
903273984
903363136
904570000
905564160
905969664
906992640
907232256
909512064
909667850
910224000
911250000
912600000
913711104
915205200
916091208
916243650
917373600
917662200
918400000
918950175
920281250
921436160
921479328
921600000
921984000
924873127
926097536
926485875
926871552
929359872
929500000
929880000
929932640
930121920
933120000
934084125
934502400
935985456
936000000
936573970
936753336
937800000
939250000
941082624
941192000
941194800
941556798
942487650
942931968
943110945
944784000
945000000
945177660
947109375
947346400
947733696
948064500
949098150
949764096
950796000
951310500
953410689
954123300
955369472
955500000
955514880
955898125
956062575
956250000
956502144
956593800
957381120
958251105
961187500
962150400
963144000
963477504
963699660
964163200
964467000
965361800
968549400
968600430
970818048
971210250
972011904
972340200
973550660
974036448
975017088
975234816
976429272
976562500
978750000
978839680
979628580
979690000
982627848
983178000
984375000
984514500
985608000
986058752
987167250
990136224
991075176
991872000
991952896
992908800
993395520
994778820
995528704
996356400
997911200
998156250
999939200
1000188000
1006632960
1006755840
1007512704
1008142848
1008810855
1010058660
1010859264
1012377600
1014000000
1014972624
1014986700
1016064000
1016487360
1016823500
1017056250
1017113825
1017265625
1019713536
1020116992
1020636288
1022297040
1023949026
1024635744
1026192888
1026882025
1026947328
1030281120
1031494176
1032155136
1032192000
1033121304
1033468800
1033593750
1033899412
1034280000
1035776000
1037812500
1037871250
1039122432
1039680000
1040195520
1041048450
1041465600
1043660800
1046036480
1046174220
1047737600
1051539216
1052578800
1054122822
1054310400
1054965600
1056006000
1056676752
1057226752
1058400000
1058626560
1058841000
1060069626
1061928000
1062780160
1064340000
1064456640
1064661975
1064723450
1067664969
1069323840
1070605900
1071221760
1073479680
1073664774
1073774592
1074037968
1074691800
1075840000
1076064912
1077375000
1077591438
1077841080
1080038400
1080045576
1080934400
1081530450
1081697344
1083750000
1083801600
1084168800
1084428800
1085025375
1085031936
1086526350
1088391168
1089288000
1089884160
1094189796
1094608000
1094844672
1095962562
1096875648
1098169380
1098482931
1099754820
1101093750
1101194640
1102151250
1102248000
1103127660
1103414400
1105228800
1106219520
1106557200
1106971920
1107288000
1107296256
1107312388
1107558400
1108889600
1109648808
1109721600
1110528000
1112496000
1114495200
1114949367
1115430912
1115789904
1115919168
1116320940
1117022400
1118136096
1118275200
1118638080
1120900950
1121395968
1122500000
1124550000
1125000000
1125211500
1126216000
1128701952
1130734080
1132096000
1133111200
1133175000
1134313984
1137713850
1139167484
1139320000
1140885000
1141337600
1141928928
1142440000
1143072000
1143188640
1146600000
1146617856
1147077750
1147244456
1148437500
1148834016
1149120000
1149642000
1149901326
1150560450
1152000000
1157120000
1159389392
1159567200
1160000000
1161216000
1162415800
1164249450
1164374848
1165206384
1166400000
1166441472
1167024672
1168260792
1168678125
1168900096
1169572950
1170450000
1172184000
1174118400
1176692400
1176780800
1177583616
1179648000
1180800000
1180980000
1182176640
1182656250
1182729600
1183218750
1184625000
1185408000
1185974400
1186903125
1190696832
1191196125
1191483216
1191687552
1195627680
1195742250
1195871040
1195960320
1196726400
1197047808
1197169632
1197900000
1198768128
1199059200
1203409872
1204224000
1204550144
1205583750
1205713600
1206384192
1207959552
1207986318
1208912432
1208928000
1209323520
1210104000
1210573026
1212046875
1212416000
1212682752
1213314480
1213522560
1213857792
1214300160
1214514000
1214845632
1215000000
1216313280
1218016800
1220188536
1220536590
1221953445
1222663680
1223549600
1225266900
1227953034
1230377040
1230862500
1231404416
1232483850
1234517760
1235314500
1236703650
1237500000
1238328000
1238843970
1239638400
1241676800
1241863056
1243149120
1245197016
1245445500
1246003200
1247232000
1247974400
1248020592
1248520000
1249689600
1250329600
1250502624
1251264000
1251832400
1252087200
1252332576
1254093750
1255409064
1256650200
1257150000
1257197760
1259375744
1260178560
1262812500
1263574080
1263854800
1264086000
1265615858
1265958720
1267145586
1267762688
1267789824
1268414000
1269043200
1274000000
1274227848
1274750100
1274821875
1275000000
1275264000
1275336192
1277668140
1277869824
1277952000
1279488000
1279868850
1280000000
1281290400
1282741110
1283317425
1283343750
1285760000
1285816320
1285956000
1289402400
1290650013
1292374265
1294983936
1297912000
1300967568
1301832000
1301905696
1303816500
1304035200
1304729088
1305000000
1306368000
1306951360
1307717775
1307983950
1308740166
1308919500
1309409280
1311132744
1311675120
1312200000
1312391168
1312819584
1313076258
1313832960
1313878016
1316928000
1318200000
1321164656
1321433568
1323878400
1324574208
1325095200
1328475200
1328580000
1330342650
1330425000
1331280000
1331712000
1333075968
1337394240
1340333568
1342259200
1344002625
1345081140
1347091200
1347301350
1347397920
1347812352
1349664768
1350056970
1351978992
1352000000
1353846325
1354600000
1354752000
1356040602
1356427800
1357722000
1357736688
1359286272
1359733440
1360281600
1362160800
1362469550
1362846016
1363148800
1365000000
1365212880
1366328250
1367464032
1367737245
1368000000
1369887120
1370397600
1370566656
1374693525
1375060050
1377285120
1377495072
1377705024
1377958400
1380188160
1380506400
1382400000
1382976000
1383848928
1384140485
1384358976
1384580736
1386627984
1386779184
1387061010
1387778000
1388620800
1389772800
1389931488
1391208000
1394212500
1394265600
1394501184
1394737380
1394898960
1400382720
1401744960
1404860955
1406192886
1406620800
1407466368
1408730400
1411504900
1411788000
1412335197
1413731475
1414588544
1417176000
1417966965
1418086852
1421638938
1422282240
1423656000
1423828125
1423959355
1425715200
1426411520
1426965750
1427411160
1429145856
1432015200
1432630800
1434753216
1436500000
1437782400
1438248960
1439268864
1440000000
1441800500
1443889152
1444422000
1446676000
1446700500
1447650304
1447992000
1448038944
1449616000
1449639936
1451188224
1452654000
1452937500
1453019750
1455296128
1455300000
1455552000
1456000000
1456507008
1457081460
1457711200
1458000000
1458294000
1460151000
1461322720
1464531840
1464643908
1465989840
1466339760
1468125000
1468259520
1469535000
1472628654
1474200000
1476225000
1476562500
1477440000
1479016000
1480833900
1481469912
1482077184
1484800000
1484811328
1485993600
1487892224
1489363200
1490076000
1491499008
1492992000
1494108000
1494534600
1495908000
1496462040
1496892150
1497423744
1498518352
1498800240
1499710464
1503378000
1505456640
1506176000
1508977512
1509949440
1510900000
1512053760
1512284256
1514883072
1515192320
1516903200
1518467472
1519212672
1520391600
1522892800
1523515392
1524096000
1526281250
1528823808
1529437000
1529466624
1530550080
1530628704
1531250000
1531537875
1533201768
1533542400
1533896000
1537548480
1541592000
1541919456
1544578880
1544785920
1547241264
1548707328
1549655712
1549679040
1550849118
1552804992
1554315984
1555744320
1555848000
1555928352
1556806875
1557020672
1557144540
1557681056
1559975760
1562410080
1562849316
1565491200
1565585280
1566143488
1567405728
1569261330
1571497200
1571553280
1571724000
1572864000
1573135200
1573632000
1574328096
1574957520
1575223200
1576972800
1577461127
1577926656
1579467600
1579475457
1580544000
1582537500
1582940160
1583027712
1585446912
1587015625
1588261500
1590425766
1591646112
1592136000
1592784810
1594170240
1595635200
1596441600
1597337280
1599416000
1601562500
1602931200
1603584000
1605068500
1605632000
1608295500
1608768000
1609498800
1610612736
1612406250
1612431360
1612957552
1613725696
1614097368
1614163464
1615085472
1615187500
1615286400
1616062500
1616093856
1618735104
1619560800
1619968000
1620019840
1625000000
1625028480
1626379776
1626670080
1627290000
1627382120
1627389952
1630015488
1631327040
1635379200
1637178064
1638000000
1639186432
1639275008
1647439200
1648310400
1648938200
1650390625
1651640625
1651791960
1653120000
1653372000
1653750000
1655047296
1656607680
1659112875
1660594000
1660968582
1661337600
1661349888
1663031250
1663893000
1664863200
1665138688
1666344960
1667200000
1667972250
1669715775
1673878752
1675416960
1675533600
1676178036
1677721600
1681351425
1682078125
1683605088
1683750000
1685833146
1687999040
1690152100
1691621040
1691994304
1692381600
1693440000
1694961450
1697461920
1698640272
1698693120
1699666800
1699762500
1700448256
1701595350
1702012500
1702800000
1702838592
1702944000
1703557520
1706704032
1707726240
1708751226
1711125000
1711729152
1712812500
1714608000
1719506880
1719598734
1719895424
1720092676
1720616625
1720866684
1722262500
1722368000
1722656250
1722900375
1723286016
1723800000
1726920000
1727369280
1729643625
1731870720
1733044201
1733473980
1734082560
1737590400
1738258704
1740000000
1740862935
1741160448
1743421725
1743623700
1743814656
1743961024
1743978600
1747928000
1747933200
1749565440
1750329000
1750566654
1755000000
1757071008
1757812500
1759607712
1760076864
1761911424
1764180000
1764377600
1765004256
1765171200
1767602655
1771155072
1771660800
1772892000
1776226725
1777812400
1779234336
1779490543
1780175232
1780254450
1784263950
1784286000
1785062500
1785369600
1786113504
1786432320
1786704642
1788696000
1792003500
1792627200
1793441520
1794375680
1794459744
1795837554
1795996800
1798734600
1800000000
1800064000
1801557504
1805107200
1805114808
1806250000
1806336000
1809378000
1812160512
1815859539
1819335700
1822500000
1822564800
1823347584
1824741120
1826406400
1827400176
1827422208
1828126080
1829731904
1829764485
1830804885
1831093128
1831251968
1836345168
1836660096
1837900350
1840134672
1840562500
1843200000
1843699200
1845281250
1846189800
1848750000
1849746254
1850400000
1850591232
1851807744
1852200000
1852971750
1857290240
1857666048
1858265955
1859865280
1860012000
1860043500
1860157440
1861704000
1863792000
1868168250
1869885000
1870577550
1870768416
1873147940
1875494400
1875600000
1880710650
1882384000
1883113596
1883606400
1884975300
1885000000
1886221890
1887436800
1887762240
1887872000
1888450200
1889310150
1889568000
1890079758
1891368960
1894218750
1895400000
1896129000
1897344000
1898196300
1898437500
1902621000
1903040000
1904394240
1905390625
1905527808
1906821378
1908246600
1910122091
1910235600
1911029760
1911574080
1911796250
1912125150
1912500000
1913004288
1914026400
1914762240
1914832143
1916502210
1919538000
1920996000
1923433344
1928199168
1928934000
1930723600
1931005520
1932713136
1934917632
1936512000
1937102445
1937200860
1940889600
1942420500
1942880256
1944069120
1948003200
1950812500
1952858544
1953561645
1953640000
1955125512
1957500000
1957679360
1958400000
1959380000
1959552000
1962639360
1965075552
1965640000
1967565600
1968000000
1968750000
1969029000
1970294400
1974334500
1975228416
1976000000
1979463200
1981324800
1985817600
1987705008
1989038592
1991195136
1992712800
1993267200
1993543097
1993605120
1994005998
1995856200
1997946880
1998375624
2000000000
2000376000
2002492800
2004069600
2005057536
2005683120
2005785600
2007449600
2007666000
2007707625
2008846980
2010640320
2017621710
2020117320
2021718528
2024742720
2027520000
2030538752
2032031250
2032128000
2032974720
2034112500
2034227650
2034531250
2034832800
2038431744
2038901760
2041272576
2042050500
2042824608
2044269024
2045851808
2047032000
2047874400
2049933312
2050312500
2051393825
2052255744
2053764050
2054707200
2056392000
2057739552
2058369408
2062381824
2062988352
2064384000
2064739950
2067798824
2068416000
2070495000
2070620253
2073093750
2073827392
2075742500
2076796800
2080034320
2082816000
2082931200
2084920992
2087321600
2088084177
2091432960
2092348440
2093133919
2094271200
2095250000
2096140800
2102630400
2103246648
2106201447
2107392000
2107639296
2113568000
2115880000
2116800000
2116875264
2117257350
2117682000
2120139252
2123856000
2124251136
2125440000
2125560320
2127130278
2127917952
2129323950
2129446900
2129920000
2135329938
2135478800
2140448625
2149875000
2150115845
2151296000
2151562500
2152129824
2152664100
2152728576
2154009375
2154750000
2155182876
2155682160
2157412576
2160000000
2160406080
2163060900
2168852112
2170050750
2170284480
2172064050
2175769728
2176070400
2176745472
2178908100
2179094778
2179529625
2179768320
2183966064
2187374112
2188379592
2190226500
2190488985
2191152600
2191819392
2194880000
2196121200
2196965862
2197000000
2197406250
2199509640
2202187500
2202389280
2207744000
2210794560
2210850000
2210908128
2211345000
2211732864
2213827200
2213943840
2214337500
2214624776
2215116800
2218800000
2219297616
2220903360
2226664080
2229898734
2229919146
2231579808
2231838336
2234044800
2234262528
2234904048
2241801900
2242258200
2242791936
2245000000
2245017600
2245123088
2245663200
2246353920
2247336000
2247777528
2249053488
2249441280
2250000000
2252275200
2253298320
2259419136
2262031200
2262870000
2266222400
2266350000
2266618464
2268747144
2273780160
2275000000
2278125000
2278334968
2280000000
2281500000
2281678875
2282653440
2285156250
2286144000
2287852875
2289801600
2290228020
2290609125
2294082000
2294155500
2294488912
2295475200
2296875000
2299752000
2302185600
2303078400
2304806400
2305971200
2307264960
2314368000
2317922880
2319969600
2320000000
2320017700
2322436536
2323399680
2324522934
2324831600
2325304800
2331330336
2332800000
2332882944
2334795840
2337356250
2341434925
2341548000
2341883340
2342745600
2345583744
2347884000
2349215232
2352512448
2352706560
2353561600
2353891995
2354466816
2359296000
2363198656
2364899328
2365312500
2366582400
2370161250
2370470400
2373672600
2373748650
2373806250
2376446688
2382392250
2384363520
2388787200
2391255360
2391484500
2392500000
2395734016
2396304000
2399156032
2407370000
2408448000
2415972636
2416066560
2417688000
2418647040
2420208000
2421146052
2424093750
2425316256
2426336875
2427045120
2427122880
2427511680
2430490000
2434793472
2439499392
2440377072
2440396800
2441073180
2443161600
2443899600
2443906890
2447099200
2447520192
2448880128
2449391616
2449999872
2453591504
2455906068
2456438400
2456569620
2457600000
2461286250
2462400000
2464014000
2467918125
2469035520
2469852000
2470128640
2471625000
2472069600
2472985728
2477687940
2478126464
2479113216
2483488800
2485335125
2486298240
2490891000
2491431264
2495088960
2495706240
2495839500
2497654656
2499517440
2500659200
2501005248
2501158176
2501740800
2502957600
2504785920
2507614200
2507760000
2510818128
2512629693
2513300400
2515015008
2519424000
2520089600
2520357120
2520688896
2525146650
2525625000
2527148160
2529159552
2531231716
2531725875
2535000000
2535228150
2536828000
2541218400
2542144500
2542640625
2543043600
2548000000
2548455696
2548948500
2549500200
2549643750
2550136832
2550672384
2551047840
2551590720
2555336280
2555739648
2559872565
2560108032
2563126839
2565482220
2566634850
2571912000
2572213806
2574643200
2578867200
2579890176
2580139014
2581178880
2581300026
2582803260
2583672000
2583984375
2584748530
2588008320
2588474880
2592572346
2593327104
2594678125
2598156000
2598682500
2599959600
2600206336
2600488800
2603664000
2603811392
2607633000
2610000000
2610123264
2612736000
2615435550
2617839000
2621440000
2622265488
2623880160
2625000000
2625493500
2628586782
2628817984
2630380896
2635380000
2635628544
2636611296
2638233600
2638301120
2638614528
2639411568
2640710646
2641766400
2643741100
2646000000
2646043659
2646497448
2647756800
2654208000
2656950400
2659274112
2659392000
2660685300
2660850000
2661141600
2661808625
2666151936
2670833984
2672640000
2673309600
2675400000
2676943500
2677879440
2679687500
2683699200
2684161935
2687353200
2688005250
2690162280
2691809120
2693017600
2698312500
2700113940
2700705792
2704000000
2704500000
2707250000
2707692650
2709375000
2709504000
2709821952
2717908992
2720764800
2720977920
2721696768
2722500000
2723057568
2724710400
2724939100
2725534656
2725692032
2729003550
2730672000
2731050000
2732656500
2734986303
2735096000
2735474490
2737800000
2739764736
2739774240
2745615600
2748843152
2749387050
2750120100
2752986600
2755200000
2755410048
2755916800
2757416337
2759432000
2760843750
2761111584
2764308480
2765952000
2767429800
2768280970
2773558368
2774122020
2774532096
2778292608
2780614656
2785380696
2788500000
2789002368
2789474760
2789797920
2790365760
2791300500
2802252375
2803507200
2806749792
2807956368
2809721910
2812500000
2813400000
2813782400
2814517125
2819368400
2819865312
2823009800
2823576000
2824670394
2827462950
2828164248
2828795904
2835933930
2836173704
2838528000
2841328125
2842039200
2845980800
2846164608
2847656250
2847757500
2847918710
2849292288
2853931500
2854822320
2855347200
2858291712
2858956100
2861913600
2866108416
2866500000
2866544640
2868111140
2868187725
2869506432
2869636000
2872143360
2873000000
2874753315
2875292992
2877975360
2879651840
2880000000
2882400500
2886451200
2889432000
2890432512
2892489600
2893401000
2893579264
2894062500
2896085400
2899023149
2903379307
2905308000
2906039500
2910208000
2914162920
2916035712
2919616000
2920302000
2920651980
2925051264
2927623176
2929287816
2931979680
2933207375
2933311563
2936250000
2936519040
2943449600
2949120000
2949534000
2950746656
2952450000
2953903680
2956824000
2958176256
2964600000
2970344000
2973225528
2975616000
2975784448
2975858688
2978726400
2980152000
2980186560
2981888000
2985984000
2989069200
2991816000
2992924080
2993733600
2997036704
2997421875
2999817600
3002595840
3013959375
3015500800
3019898880
3021520320
3021800000
3022538112
3023308800
3026432565
3029607360
3040783200
3041235200
3042000000
3044367872
3044917872
3047030784
3048192000
3050470500
3050471340
3051341475
3051796875
3052562500
3053194560
3053682747
3058874000
3059140608
3059170400
3060350976
3061100160
3062500000
3063075750
3063619584
3072832000
3073907232
3075800000
3080841984
3086294400
3088757448
3091888800
3095190000
3096110080
3098250000
3099206880
3099363912
3099521376
3100406400
3102840000
3107328000
3107872800
3108929850
3111644160
3112992540
3113613750
3114532864
3115362112
3117329712
3117367296
3120586560
3125000000
3125698632
3132286976
3134811456
3138105344
3138109440
3138522660
3142994400
3143024640
3143212800
3148042320
3150433440
3152281600
3153185280
3154617648
3154922254
3157736400
3158935200
3158950914
3160105650
3161088000
3161227904
3164710500
3164896800
3167863965
3168018000
3171667968
3174031250
3175879680
3176523000
3182688000
3185000000
3185496720
3185569620
3185784000
3188340480
3189288978
3193350237
3193369920
3194170350
3201660000
3205120000
3207971520
3211264000
3213665280
3214155168
3214909984
3220439040
3221323776
3221970048
3223419300
3228194736
3228326928
3230832150
3232125000
3240115200
3240355300
3241735200
3242803200
3244051125
3246152000
3247957440
3251250000
3252506400
3253286400
3254580000
3254764240
3255076125
3262242816
3265173504
3268714176
3270467344
3271850415
3272298750
3273828125
3277831860
3278278656
3280000000
3282690645
3283824000
3284534016
3285292608
3290227200
3290626944
3290997600
3295448793
3297876400
3300781250
3301651600
3303281250
3303583920
3306453750
3306744000
3307500000
3315686400
3318225750
3318658560
3320830629
3321000000
3321188000
3321864000
3321888768
3322112000
3326668800
3327786000
3328000000
3329164800
3332689920
3335944500
3337187040
3337488000
3338108928
3339431550
3341762560
3343485600
3347757504
3350833920
3351067200
3352356072
3362702850
3364156250
3364984350
3365443566
3367500000
3368253375
3368563200
3369074688
3374571200
3375000000
3375634500
3378648000
3380304200
3384763200
3390101505
3393012500
3393743184
3396288000
3396556800
3399235875
3399333600
3399525000
3400896512
3402686000
3402941952
3405888000
3407115040
3417502452
3418187500
3419695746
3424012800
3424717800
3425625000
3425938880
3429216000
3429976352
3439800000
3439853568
3440185352
3441233250
3441733368
3445312500
3445800750
3446502048
3449091456
3449703978
3455085375
3456649728
3457417216
3458087072
3458180096
3459287250
3465491040
3465846592
3466088402
3467652525
3468165120
3471360000
3475180800
3478168176
3480000000
3480750000
3481725870
3482320896
3483648000
3486843450
3487247400
3497157342
3499324416
3500658000
3501074016
3501252864
3501457408
3503500000
3504782376
3505844160
3508189056
3510864000
3511350000
3515482215
3515625000
3516552000
3519215424
3522355200
3528125440
3530077200
3530342400
3532735944
3532750848
3535205310
3542400000
3546529920
3548188800
3552453450
3552781500
3554097345
3554687500
3556224000
3556769792
3557923200
3558528936
3558981086
3560261040
3571712000
3572090496
3572227008
3573588375
3575062656
3586883040
3587613120
3587880960
3590094848
3591993600
3595737600
3596304384
3598110720
3598765261
3603515625
3604953600
3605760000
3608222800
3610229616
3611404125
3612500000
3612672000
3613650432
3619152576
3623878656
3626282880
3626737296
3626784000
3630312000
3631719078
3632549375
3636140625
3637248000
3638048256
3638671400
3638933991
3642703650
3643542000
3644536896
3645000000
3654844416
3659528970
3661609770
3664364832
3664974600
3670016000
3670648800
3674900880
3675800700
3676104000
3680681634
3681125000
3686400000
3689532000
3691605699
3692497900
3694213248
3698000000
3699200000
3699492508
3703674780
3705606144
3705943500
3710110950
3714984000
3716531910
3717439488
3719730560
3724840080
3725030400
3728747520
3732480000
3734416224
3736336500
3738009600
3740172800
3741696000
3742772000
3742841088
3743923200
3744000000
3744061776
3746160000
3746295880
3747013344
3748681300
3749068800
3751200000
3753792000
3755497200
3756997728
3761357600
3761484480
3762294480
3763704528
3764330496
3764768000
3765473536
3765698560
3766227192
3769001600
3769506639
3769950600
3771450000
3772443780
3775795200
3778127232
3779136000
3784435200
3788437500
3790655239
3792258000
3796392600
3796847574
3797876160
3798031680
3800000000
3803288064
3803369472
3805242000
3810781250
3813642756
3816493200
3820244182
3822000000
3822059520
3822311025
3823592500
3824250300
3824465625
3825000000
3825792000
3826008576
3826375200
3829524480
3829664286
3833004420
3833856000
3834517050
3838464000
3840000000
3845441600
3850031250
3857280000
3857448960
3857868000
3861447200
3863204800
3868207200
3870000000
3871950039
3873913344
3874197600
3874204890
3874401720
3874613616
3877122795
3877634048
3881196000
3882884850
3883272192
3884680800
3884841000
3884951808
3889360800
3893736000
3899738843
3902902704
3905717088
3907123290
3907820700
3914187264
3915000000
3915358720
3916057600
3918760000
3920854080
3923153325
3923951850
3924885888
3928227840
3929938560
3930511392
3931213824
3936600000
3937173504
3937500000
3938058000
3938458752
3941634048
3948669000
3950784000
3954600000
3963493968
3963617280
3964300704
3965008320
3970307502
3970653750
3971635200
3975285600
3976064415
3981962025
3985425600
3985650000
3986860500
3987086194
3992625000
3993840000
3995136000
4000066000
4000752000
4008403584
4009500000
4010803200
4012182720
4015415250
4015905088
4026777600
4031512576
4032571392
4035243420
4035408660
4038336000
4040234640
4042193760
4043437056
4044296192
4048994304
4049510400
4055024025
4055936976
4056000000
4057989120
4060086272
4063800000
4064256000
4065949440
4068225000
4068455300
4069062500
4073166000
4077858816
4079152000
4079200320
4082545152
4086038528
4086482400
4087408650
4091443200
4095000000
4095638640
4095796104
4096000000
4102787650
4104000000
4104771552
4107528100
4111699968
4125976704
4128768000
4131855360
4132485216
4133875200
4134375000
4135597648
4140564480
4141240506
4147200000
4151485000
4152421455
4153076928
4154641713
4157578125
4158481600
4159510400
4163334000
4164193800
4165862400
4169318400
4170649600
4173178100
4173624000
4174643200
4176168354
4177834848
4182796800
4183281936
4184696880
4185097875
4186267838
4187011500
4205000000
4207000000
4211916800
4212402894
4214582865
4216491288
4219862400
4225000000
4228374528
4233600000
4235364000
4237005591
4240278504
4241194425
4243765632
4247712000
4251120640
4251528000
4257360000
4258647900
4258893800
4265097984
4266846720
4270659876
4270968000
4271878065
4274472384
4279234560
4280897250
4291072000
4293647568
4294659096
4295032832
4296789504
4298767200
4300231690
4301964800
4304259648
4304599200
4306120000
4308018750
4309500000
4310365752
4311364320
4311744512
4313347200
4314746880
4317806592
4320071280
4320182304
4325343750
4325401500
4326121800
4331667456
4333266000
4335206400
4336727850
4338889632
4340028000
4340101500
4343976000
4345495808
4346105400
4348572800
4348848000
4348919808
4352901120
4353564672
4356301824
4359059250
4359536640
4365888384
4369521024
4373133600
4374882000
4376759184
4380977970
4383850248
4383968160
4393931724
4394531250
4395081600
4397056000
4399019280
4400234496
4404375000
4404778560
4405484160
4408605000
4410606816
4413194240
4414459392
4422600000
4427887680
4429249552
4429655503
4429687500
4430233600
4431955500
4432320000
4435225200
4437048000
4437971856
4438595232
4446231552
4454400000
4457980800
4459000000
4459797468
4460544000
4460659875
4461480000
4461723648
4463159616
4463676672
4468089600
4470142464
4478156800
4478302080
4478976000
4483603800
4485583872
4487890625
4489593885
4489992000
4490000000
4490676450
4492187500
4492271232
4492645300
4499131392
4500000000
4501028096
4504500000
4512787020
4513194000
4514033664
4514807808
4516815680
4518528000
4527820800
4532444800
4532700000
4536161280
4544649216
4545576960
4547140416
4550855400
4551120000
4556669936
4558368960
4563357750
4563402752
4563540000
4567715712
4568678400
4569954688
4572288000
4575705750
4577732820
4578843750
4581218250
4586471424
4588311000
4588977824
4591650240
4591886112
4592000000
4593750000
4599605304
4601688000
4602241800
4607180800
4607396640
4608000000
4609519200
4612645440
4613203125
4624365635
4629519360
4631370534
4632031008
4632187500
4633736640
4634357760
4640000000
4641723792
4644724032
4645361664
4646121984
4648967136
4649400000
4649663200
4652547354
4656199275
4656997800
4657616208
4658414976
4662947952
4665376768
4665600000
4665765888
4667544000
4670420625
4671062016
4673043168
4674712500
4676443875
4678291800
4679927280
4680166400
4682769408
4682869850
4696473600
4704382800
4707123200
4707783990
4714659840
4715172000
4718592000
4722984288
4723920000
4724872560
4725199395
4725510400
4727808800
4730625000
4730918400
4732383381
4732875000
4738500000
4738668480
4747612500
4748820480
4750583904
4764784500
4768643425
4776408000
4776847360
4778373600
4779490625
4781250000
4782510720
4782969000
4786905600
4788678528
4789324800
4796314432
4798248000
4804687500
4808793600
4810752000
4812710175
4814777214
4815205500
4816896000
4817726550
4821960625
4822335000
4826304000
4828954624
4831838208
4831945272
4836031200
4837218750
4837294080
4838872656
4840416000
4841015625
4841177088
4842292104
4843002150
4845256416
4845859200
4848187500
4849799168
4852673750
4854090240
4855431168
4856051250
4858682400
4859904000
4860059520
4867753300
4870676448
4870944720
4874416218
4875000000
4880754144
4882146360
4882812500
4887813780
4890046464
4894198400
4898142900
4903009056
4908467200
4911812136
4917248000
4917825024
4929935400
4930293760
4935836250
4938071040
4938991200
4939375616
4946814600
4949287434
4954921875
4955375880
4959360000
4969823040
4970670250
4972596480
4976562240
4976733312
4977643520
4977787500
4980788064
4981782000
4982905746
4984012800
4984049664
4984365456
4990798800
4994589600
4995939060
5001318400
5001600000
5002010496
5003173175
5008348800
5014205856
5016375000
5020312500
5021636256
5023033344
5025259386
5026600800
5033779200
5037563520
5040714240
5044054275
5050815264
5051250000
5054296320
5057499438
5062463432
5063451750
5063997120
5068582344
5073656000
5074863120
5079260277
5085281250
5085569125
5095920816
5096000000
5096079360
5096911392
5098567680
5099000400
5099287500
5100584960
5101344768
5107365900
5110672560
5111479296
5111485200
5119475400
5119745130
5120112096
5125161600
5126253678
5130216486
5130964440
5133269700
5133375000
5142942000
5143824000
5150054272
5151405600
5151653888
5157900000
5158520640
5158785632
5159686272
5161849875
5162600052
5167104000
5167968750
5169497060
5169858048
5171400000
5176556000
5189062500
5189356250
5195612160
5198400000
5207328000
5207622784
5214776112
5215266000
5219931600
5220000000
5225472000
5230182400
5230871100
5230924544
5231935800
5233577184
5234960664
5235678000
5243784000
5244530976
5244624000
5245599744
5251568192
5252305032
5258116620
5265000000
5267212272
5267695680
5273437500
5277319168
5283383760
5285734272
5286133760
5292087318
5293132800
5295513600
5308426368
5310627840
5313900800
5321370600
5321700000
5323617250
5332303872
5337703008
5338324845
5340525696
5340763350
5342920704
5352858000
5356108800
5361334272
5366088000
5368323870
5368709120
5368872960
5370189840
5374955520
5376010500
5377881600
5379200000
5380324560
5383127040
5389205400
5391201402
5400192000
5400227880
5404672512
5405325534
5408000000
5408486720
5415321600
5415385300
5419008000
5424162408
5425159680
5425711200
5436481536
5447578617
5449878200
5451384064
5465313000
5469972606
5470948980
5473040000
5474223360
5477012500
5479548480
5489195712
5490755424
5492414655
5493755904
5495276800
5498774100
5500240200
5501913984
5509980288
5510820096
5511833600
5514832674
5517072000
5520404016
5522025600
5525000000
5531097600
5531904000
5532786000
5534568000
5536561940
5537792000
5538243375
5546250000
5547116736
5548244040
5549238762
5571870720
5572998144
5574746835
5574797865
5578004736
5578949520
5579595840
5580130500
5580472320
5581604700
5585112000
5590680480
5591376000
5593369600
5604504750
5612305248
5619443820
5622750000
5624771544
5626483200
5629034250
5642131950
5646019600
5647152000
5649340788
5650819200
5653670400
5653826048
5654925900
5655000000
5659071264
5663286720
5663616000
5671867860
5672347408
5672362500
5674106880
5682656250
5686200000
5686555752
5694588900
5695312500
5695837420
5707863000
5709120000
5709644640
5712200000
5715943200
5716171875
5716583424
5726666752
5730366273
5735388750
5736375450
5739012864
5740134400
5743912500
5744170080
5745600000
5746000000
5748210000
5749366000
5749506630
5760000000
5762988000
5784597504
5785600000
5786802000
5792095568
5793016560
5797836000
5798046298
5799369312
5800935424
5804752896
5806091340
5806758614
5809536000
5810616000
5812079000
5815734272
5821874240
5826168000
5828325840
5832000000
5832207360
5840604000
5844500480
5845887450
5858575632
5863959360
5866414750
5866623126
5868368352
5872500000
5873038080
5878140000
5878567926
5878656000
5881607424
5890514616
5904000000
5904900000
5909862400
5910883200
5921980064
5925403125
5925879648
5926630032
5926752909
5928000000
5934424500
5938389600
5939370625
5943974400
5951568896
5953484160
5957452800
5960304000
5965996032
5971968000
5973585408
5978138400
5978711250
5979801600
5980629291
5980815360
5981828125
5983632000
5985848160
5987568600
5989500000
5993840640
5994073408
5994843750
5995296000
5998895825
6000000000
6001128000
6015172608
6017356800
6022348800
6022750720
6027503328
6027918750
6028568000
6029296875
6031920960
6035910048
6039797760
6043600000
6046208000
6048099792
6049137024
6052865130
6055281152
6062080000
6066572400
6067011584
6067612800
6070469184
6074228160
6076850688
6081566400
6088024800
6091616256
6094061568
6096093750
6096384000
6102682950
6103593750
6104498400
6105125000
6107365494
6113318400
6115295232
6117748000
6122200320
6124999680
6125000000
6126151500
6128473824
6132807072
6134169600
6137555424
6141096000
6143623200
6148472832
6150937500
6152093024
6153215625
6153889950
6154181475
6161292150
6167677824
6169176000
6173218656
6178471936
6182287902
6184293125
6187145472
6187500000
6193152000
6194219850
6203396472
6205248000
6209315280
6220703125
6221199249
6227227500
6227425638
6230390400
6230724224
6239872000
6240102960
6242600000
6246072000
6248448000
6251397264
6259162000
6261964800
6264573952
6269622912
6274298880
6274851700
6277045320
6285750000
6285988800
6288422400
6292540800
6299238400
6300892800
6301646848
6307891200
6309844508
6312866625
6317870400
6317901828
6322176000
6322917888
6335727930
6338813440
6338949120
6340704000
6341787648
6345216000
6348062500
6350625792
6351772050
6353046000
6361703064
6366584448
6371139240
6376320000
6376680960
6381390834
6383753856
6386700474
6388200000
6400000000
6406436400
6413705550
6421345875
6421615200
6422528000
6428800000
6432651225
6442450944
6449625000
6450347535
6450355296
6453250065
6453888000
6454687500
6456389472
6456653856
6458185728
6461871325
6464250000
6464375424
6472237728
6480000000
6482682752
6483317760
6485401125
6486532650
6488100864
6488102250
6489182700
6504837840
6505519104
6509160000
6509528480
6510152250
6510853440
6516192150
6527309184
6529904640
6530236416
6534756800
6538588875
6541516800
6543700830
6547656250
6551898192
6552000000
6558375600
6565381290
6565418768
6569164800
6570679500
6574750000
6584374656
6584640000
6588344000
6588363600
6590897586
6595752800
6601562500
6601776615
6606562500
6607167840
6613488000
6615000000
6616243620
6622871040
6623232000
6629765625
6632383680
6632724384
6634135872
6636451500
6641661258
6642376000
6642900000
6643012500
6643874328
6645350400
6648348672
6652125000
6655572000
6656400000
6658194400
6662710080
6665379840
6671889000
6678863100
6689757438
6692438025
6695515008
6698833218
6701667840
6702134400
6704712144
6711296000
6720521600
6725405700
6728312500
6729078726
6735000000
6735369264
6736506750
6736989600
6739061760
6742008000
6743332584
6747160464
6748323840
6750284850
6752896128
6753741687
6755205600
6759894960
6760608400
6769526400
6773760000
6778257408
6779845800
6780203010
6788610000
6798471750
6798667200
6799050000
6800000000
6801408000
6801793024
6806381400
6811442176
6811776000
6814230080
6817140000
6818255136
6835004904
6837320160
6838686225
6840000000
6844500000
6847960320
6851250000
6858432000
6859484192
6860194722
6873467625
6878394936
6880370704
6882246000
6882466500
6883466736
6886425600
6888525120
6888538242
6890625000
6891601500
6899256000
6902411264
6906556800
6910170750
6914419200
6917913600
6918574500
6920702425
6921794880
6930953568
6932176804
6935305050
6936330240
6943104000
6944753376
6946035200
6949657440
6950361600
6953768640
6960000000
6963451740
6964641792
6969566592
6971062500
6972505920
6973568802
6973686900
6974494800
6975258624
6975914400
6987093750
6988813650
6998400000
7001316000
7001913600
7002266616
7008724800
7028236800
7028284032
7030964430
7031250000
7036395872
7038430848
7042940928
7043652000
7047645696
7057537344
7060017024
7060684800
7061675985
7063400448
7070410620
7072116688
7072942720
7078500000
7084620288
7086643200
7090434260
7094697984
7095937500
7099747200
7104906900
7108194690
7111411200
7115411520
7117962172
7119796775
7121017800
7122451500
7132057600
7136186832
7137055800
7144454016
7146818568
7147176750
7160076000
7163154000
7167643182
7173766080
7174453500
7177500000
7183350216
7183987200
7188912000
7194938400
7197530522
7200000000
7207031250
7220459232
7222110000
7222808250
7225000000
7225344000
7233624000
7238251520
7240194720
7248199680
7250432000
7257381300
7263438156
7264687500
7265098750
7268343750
7272281250
7272678400
7275948768
7276500000
7277342800
7277867982
7281368640
7286050816
7288556000
7290000000
7293390336
7304380416
7306613600
7309688832
7310393873
7318498176
7319057940
7322659200
7323219540
7324372512
7327270125
7329319344
7331698800
7338242304
7341811488
7342560576
7346640384
7351601400
7360774512
7362250000
7363586880
7365222800
7372800000
7380172800
7381125000
7383211398
7384759200
7387200000
7392042000
7398985016
7407230976
7410385920
7411887000
7418957184
7424000000
7424056640
7433063820
7434379392
7437339648
7439310976
7439461120
7451196480
7456005375
7461053600
7472673000
7473654783
7479540000
7482310200
7485266880
7487094784
7487118720
7487518500
7492591760
7494241300
7495653088
7497678848
7498552320
7501977600
7502400000
7505222400
7508872800
7514357760
7522842600
7524140625
7527283200
7528450000
7529536000
7532454384
7539013278
7539901200
7544887560
7545045024
7549747200
7553800800
7557240600
7558272000
7560268800
7560319032
7562066688
7566540800
7571881408
7575961600
7576875000
7577377632
7581310478
7584516000
7591001600
7592785200
7605000000
7605684450
7610484000
7621562500
7624080288
7625016000
7626339175
7627285512
7632986400
7634278125
7640488364
7640515350
7644119040
7644622050
7647185000
7648500600
7648931250
7650000000
7650410496
7652017152
7659048960
7659328572
7662256000
7666008840
7669480000
7669756512
7676562500
7678129536
7680324096
7689380517
7715736000
7721893620
7722894400
7723929600
7736601600
7739670528
7740417042
7743536640
7743900078
7748409780
7748803440
7751016000
7751953125
7754245590
7755922125
7761875968
7763558400
7764024960
7768051200
7769682000
7771521024
7771579920
7773696000
7777107594
7784034375
7785103360
7799477686
7799878800
7804645569
7811434176
7812050400
7813000000
7814246580
7820502048
7822131200
7826952672
7827926400
7830000000
7830466560
7830717440
7837520000
7846306650
7857766400
7868160000
7871640480
7875000000
7876116000
7876480500
7883512000
7885760346
7887896640
7889633280
7891142688
7897338000
7897377285
7900913664
7906885632
7909833888
7914700800
7914903360
7915138560
7915843584
7918234704
7925299200
7943270400
7952128830
7956154368
7962624000
7963924050
7963996950
7970851200
7973222445
7974172388
7975240000
7976023992
7977822336
7978176000
7983424800
7985425875
7986686400
7988257376
7989363200
7993502496
8001504000
8012501952
8016278400
8017920000
8026200000
8030830500
8032781250
8039062500
8043840000
8044953858
8047494000
8070486840
8075427360
8077129216
8080469280
8086874112
8099457597
8100099200
8102117376
8110048050
8121750000
8123077950
8125000000
8125142400
8128125000
8128512000
8129465856
8131898880
8136450000
8136910600
8138125000
8149746150
8150623936
8153726976
8156444688
8162933760
8165090304
8177076096
8180746875
8182300672
8185058000
8185890320
8187010650
8191160640
8192016000
8195932160
8196375040
8205288000
8205575300
8213120000
8213400000
8215056200
8218828800
8226503077
8236846800
8237196000
8241552000
8243085312
8243731584
8246529456
8251953408
8257536000
8258959800
8265600000
8271195296
8273186816
8274988800
8275236480
8278296000
8281980000
8282481012
8282531250
8292375000
8292925440
8297856000
8302970000
8304842910
8306749440
8309283426
8315156250
8325693440
8331724800
8334877824
8341812864
8341843968
8349286400
8352336708
8365500000
8369393760
8370195750
8371097280
8372535676
8377084800
8379334656
8380890180
8388608000
8398278944
8406757125
8410521600
8412986592
8418021248
8418025440
8422162432
8423869104
8424805788
8429165730
8431851008
8439995200
8440200000
8441347200
8458105200
8459971520
8462387024
8467200000
8469029400
8470728000
8474011182
8480557008
8482388850
8484328125
8486387712
8486912000
8487309600
8493201360
8495424000
8497004544
8501598000
8502241280
8508521112
8514000000
8514192960
8517295800
8517787600
8523984375
8524922000
8526117600
8528000000
8537942400
8538631200
8541319752
8543756130
8547876864
8561794500
8567552000
8567694000
8576868300
8598325248
8599477120
8599500000
8599633920
8600463380
8604333420
8604563175
8608519296
8608908000
8611840000
8616037500
8616430080
8619000000
8620731504
8622728640
8624259945
8627386950
8634600000
8637491200
8638955520
8646348240
8647201500
8652243600
8659353600
8667369900
8668296000
8671297536
8677468800
8680203000
8688256200
8691737600
8693041392
8697069447
8716379112
8717108625
8718118500
8719073280
8719805120
8730624000
8739640000
8747827200
8748107136
8753518368
8758848000
8761955940
8764610400
8767277568
8769515625
8772500000
8775153792
8778656250
8785546875
8787863448
8788115456
8789625000
8796086784
8798038560
8799622125
8800384320
8808750000
8809557120
8820900000
8821888000
8830182400
8830348800
8831839860
8839862640
8845380000
8846983600
8848602000
8852239968
8855308800
8855775360
8858499104
8859311006
8860467200
8862564352
8864460000
8870472000
8874528768
8877190464
8896322340
8897452715
8911032000
8919594936
8919676584
8921319750
8923753125
8926319232
8926848000
8927353344
8927576064
8932161600
8936179200
8937890325
8940559680
8945664000
8958304512
8959081950
8967207600
8969032800
8971167744
8971878400
8975781250
8979187770
8980000000
8981200800
8983221975
8991110112
8994146850
8999452800
9000000000
9000320000
9031250000
9046502400
9046890000
9059696640
9064887552
9064889600
9065400000
9067614336
9074988576
9079297695
9103387500
9106759125
9112500000
9112824000
9113339872
9123705600
9126000000
9126150579
9126715500
9128246400
9133103616
9134753616
9137111040
9140625000
9140630400
9144576000
9148659520
9151411500
9154024425
9155390625
9162436500
9165864960
9176622000
9177421824
9177511200
9177955648
9181052928
9187500000
9206915760
9218496000
9221721696
9226406250
9227400000
9242525952
9248152592
9248731270
9252000000
9252956160
9280000000
9286451200
9288330240
9289746144
9298091736
9299326400
9301219200
9308520000
9312398550
9315681777
9321984000
9325321344
9331200000
9331531776
9340841250
9349425000
9352101888
9352887750
9361759680
9365739700
9375000000
9382334976
9384352281
9389650725
9395294976
9396860928
9414246400
9414316032
9414328320
9415567980
9429638400
9431109450
9434686464
9437184000
9450398790
9461250000
9463852944
9464766762
9473209200
9476924275
9480645000
9481162752
9482200000
9483683712
9485001504
9485108100
9492284214
9494690400
9494994600
9495225000
9504054000
9505100800
9521971200
9522093750
9527639040
9529569000
9537286850
9541250000
9542041600
9550610455
9555000000
9555148800
9557352000
9558981250
9565021440
9565938000
9570312000
9576438921
9580109760
9580601888
9582511050
9592783200
9593966592
9594259456
9597690000
9616000000
9623914560
9625420350
9633792000
9640995840
9643921250
9644729952
9652412000
9655027600
9661317120
9663890544
9663971328
9674588160
9676800000
9680832000
9682031250
9684584208
9686942496
9690480000
9692065152
9696375000
9705347500
9706395888
9708180480
9714446000
9720345600
9728409600
9731207200
9738456000
9750671744
9753750000
9757519200
9759859200
9761508288
9764292720
9765228375
9767808225
9768200000
9775627560
9779763825
9785116224
9788396800
9792000000
9795520512
9799999488
9813196800
9815459500
9821484375
9823624272
9825753600
9836204544
9840000000
9843350202
9845145000
9851472000
9852264576
9853602048
9871672500
9871880832
9876142080
9886346379
9886500000
9896120325
9902119808
9902343750
9902587904
9909843750
9910751760
9919361250
9920232000
9925768755
9926634375
9933955200
9938525040
9941340500
9945192960
9947059200
9955975680
9963564000
9965592000
9965666304
9965725056
9966336000
9966796875
9967715485
9980006400
9981008001
9987494400
9989734400
9990421578
10000000000
10002636800
10004020992
10006346350
10012464000
10025287680
10028415600
10029053056
10030456800
10038330000
10043272512
10050518772
10053201600
10062000000
10081428480
10088108550
10091109600
10092468750
10100586600
10102500000
10107421875
10108592640
10108642050
10123713600
10124926864
10125000000
10126903500
10130184000
10135944000
10136272608
10137600000
10140912600
10147312000
10147479552
10158520554
10164873600
10170562500
10171138250
10175941872
10179037500
10181794547
10187072896
10188864000
10192000000
10193822784
10198000800
10198575000
10202689536
10208058000
10208825856
10214123040
10221345120
10222958592
10224500000
10229259040
10239490260
10252507356
10261928880
10266539400
10272038400
10277816640
10287648000
10288855224
10289929056
10291847040
10311909120
10314941760
10319400000
10319560704
10320556056
10323699750
10325200104
10335937500
10338994120
10339506144
10349111934
10353101265
10365837300
10369136960
10370289384
10373308416
10374261216
10374540288
10378712500
10380861504
10398265206
10400171600
10401955200
10414080000
10414656000
10415245568
10420810400
10421161920
10424604960
10430532000
10434504528
10436294016
10440000000
10440079650
10440493056
10450944000
10458756000
10461742200
10471356000
10476250000
10487517579
10489061952
10491601680
10497973248
10499673600
10503222048
10510500000
10514347128
10523646000
10531007235
10534050000
10536091648
10538196480
10541228220
10543232000
10549656000
10562842584
10567065600
10567840000
10584000000
10584174636
10584376320
10585989792
10590231600
10591027200
10598252544
10600696260
10605795200
10612634013
10623940560
10627200000
10627801600
10629272304
10639589760
10642741200
10643400000
10644566400
10647234500
10649600000
10660864977
10664607744
10668672000
10670309376
10673769600
10676649690
10676943258
10693238400
10700006850
10703343888
10705489920
10706266368
10714400928
10715136000
10716271488
10720765125
10725187968
10734796800
10736647740
10750579225
10752021000
10760649120
10762839360
10763320500
10763642880
10770284544
10775914380
10788913152
10791144000
10800455760
10809125536
10816000000
10818000000
10830688848
10830770600
10837500000
10837535616
10838016000
10840951296
10847753280
10857457728
10871635968
10880211888
10880352000
10883727360
10890210240
10890936000
10890968400
10891498464
10894540500
10895157234
10897648125
10898841600
10899756400
10902768128
10908421875
10911481856
10911744000
10914144768
10916014200
10930626000
10933610688
10935000000
10939945212
10941897960
10951132500
10959096960
10959625620
10974400000
10984829310
10985000000
10986328125
10997548200
11000480400
11002068000
11010048000
11011946400
11015424000
11020296672
11021640192
11023667200
11027402100
11029665348
11031573546
11043375000
11045486592
11054250000
11056328199
11063808000
11069719200
11073123880
11076486750
11081193984
11082639744
11094000000
11094233472
11096488080
11097600000
11098128384
11109109375
11117830500
11130332850
11133320400
11141522784
11144952000
11149493670
11149595730
11154309120
11156009472
11156787200
11157899040
11159191680
11161148193
11171312640
11175091200
11185058500
11195912000
11199832016
11209009500
11210937500
11214028800
11220518400
11225088000
11228316000
11231769600
11232185328
11238887640
11239424000
11245267440
11247206400
11250000000
11258068500
11261376000
11266491600
11270993184
11284072800
11287019520
11291066368
11292039200
11294304000
11296420608
11297095680
11298681576
11302537500
11306312500
11307004800
11309851800
11312656992
11314350000
11317542912
11331112000
11331145728
11333092320
11334381696
11339776000
11343735720
11344694816
11346435936
11364466688
11365312500
11375000000
11376774000
11384658432
11386690560
11390542722
11390625000
11391674840
11391729664
11393628480
11400000000
11409864192
11410108416
11415726000
11419289280
11432343750
11432345600
11433166848
11447654400
11449008000
11460732546
11466000000
11472750900
11473396875
11474925056
11475000000
11477376000
11478025728
11492000000
11499013260
11501568000
11515392000
11520000000
11536324800
11550093750
11571840000
11572346880
11573604000
11578426335
11584341600
11585331072
11588091904
11596092596
11597414400
11599848000
11604621600
11613517228
11613790125
11615850117
11621232000
11624158000
11629494272
11631368385
11632902144
11637499392
11654855424
11656651680
11660765886
11662714368
11673979200
11681208000
11686781250
11688010425
11698585600
11699216529
11707174625
11707740000
11708708112
11710492704
11717151264
11727918720
11732829500
11733246252
11734304400
11742561792
11745000000
11746076160
11762562240
11769459975
11771855550
11772334080
11784683520
11796480000
11809800000
11811520512
11815376256
11815993280
11824902144
11831064700
11850806250
11852352000
11853505818
11863800000
11864730150
11878131200
11878741250
11890481904
11892902112
11896834950
11903137792
11911167450
11914905600
11919870144
11920608000
11921817600
11925856800
11943936000
11952761600
11956276800
11961258582
11963656250
11967264000
11971696320
11978670080
11981520000
11982104064
11983562500
11985408000
11988146816
11989687500
11995780160
11997791650
12000198000
12023350651
12036548160
12036850000
12036943035
12037191138
12055837500
12056576000
12058593750
12060302625
12079595520
12079863180
12080332800
12087200000
12088440000
12091584960
12093235200
12105730260
12107505375
12126581280
12130311168
12132888576
12137558400
12138577920
12140128125
12146982912
12152450000
12163132800
12167810928
12168000000
12180258816
12188123136
12191400000
12192768000
12197496960
12201984000
12205365900
12207187500
12207727168
12210250000
12214730988
12215808000
12219498000
12219534450
12233576448
12235496000
12237456000
12237600960
12244400640
12246050453
12246958080
12250000000
12252303000
12253966578
12254478336
12258115584
12259447200
12262225950
12279530340
12285000000
12286915920
12299497056
12306431250
12307492431
12308362950
12312000000
12318303744
12320538048
12323278125
12335099904
12339590625
12345177600
12347500000
12350643200
12355029792
12368586250
12373218585
12395566080
12397455648
12398085504
12401625600
12410244000
12421693440
12431491200
12435719400
12441406250
12441600000
12442398498
12444686800
12454455000
12457264365
12459230784
12461448448
12464223200
12470000000
12478531200
12479197500
12490002000
12497587200
12502794528
12505026240
12507955200
12519534300
12520872000
12529147904
12538800000
12539245824
12548390400
12554090640
12558803514
12561218208
12569429664
12570862878
12571977600
12572662050
12575075040
12594973824
12600448000
12610902528
12615000000
12619689016
12625733250
12635740800
12635750400
12635803656
12640422600
12643748595
12644352000
12656158580
12659587200
12665646000
12671455860
12696125000
12698697728
12706092000
12711016773
12713203125
12715218000
12723583275
12731296896
12735349900
12742278480
12750684160
12753283312
12753361920
12754584000
12755239200
12757155912
12757953600
12773400948
12776681400
12784844800
12791801232
12800540160
12803375104
12808123328
12812904000
12815634195
12818763776
12837703680
12842650000
12842691750
12845056000
12854416176
12856620672
12865302450
12873216000
12883937500
12885098496
12900695070
12905894400
12906500130
12912778944
12913307712
12914651664
12923328600
12923742650
12928500000
12935233536
12940041600
12942374400
12944240640
12953419776
12954138624
12965400000
12970802250
12973390625
12976204500
12990780000
12995002368
12999209600
12999798000
13001031680
13018320000
13019056960
13020084000
13020304500
13021102080
13031928000
13036487424
13045718400
13046544000
13046759424
13048971264
13060694016
13060835442
13077177750
13085937500
13087401660
13089195000
13095312500
13097665152
13106315376
13107200000
13108563072
13119400800
13124646000
13130762580
13144089920
13151904480
13160908800
13164974550
13167525888
13168865952
13176900000
13181795172
13191168000
13191505600
13195000000
13197057840
13203125000
13203553230
13213125000
13214335680
13225815000
13226976000
13230000000
13230558306
13239582720
13240288976
13259531250
13267800000
13272903000
13275558400
13278380032
13281408000
13283322516
13284752000
13287849498
13289062500
13296960000
13309043125
13311144000
13322948688
13330759680
13338694656
13343778000
13354169920
13357726200
13363200000
13371649200
13373942400
13381018560
13384876050
13389397200
13391030016
13398184800
13403335680
13403825001
13404268800
13409424288
13436766000
13436928000
13450811400
13456625000
13459045600
13459937400
13461774264
13463671875
13464033408
13470000000
13472029350
13473013500
13476562500
13476813696
13478003505
13497394176
13503084288
13507483374
13513313835
13521216800
13528991952
13533629850
13539052800
13545448576
13550447040
13555584000
13560406020
13586227200
13596943500
13597334400
13598100000
13603586048
13608483840
13612500000
13623552000
13627673280
13628460160
13633947648
13635450500
13636022400
13636730880
13655687500
13670009808
13677372450
13678782984
13690208256
13691531250
13698871200
13702500000
13703596686
13706035200
13709864064
13716864000
13736531250
13736797776
13738163193
13743947776
13746935250
13755528864
13759414272
13760741408
13764933000
13766933472
13772959200
13774950720
13775658336
13776000000
13781250000
13783203000
13787081685
13796365824
13797160000
13798815912
13805064000
13820341500
13826598912
13832000000
13837149000
13837936320
13841404850
13864353608
13870610100
13872660480
13873096905
13900723200
13901209920
13903073280
13920000000
13925171376
13926903480
13929283584
13938365952
13945389568
13946901408
13947373800
13948989600
13954801679
13956502500
13957642062
13958041986
13958643712
13975244928
13988629368
13988843856
14000000000
14002632000
14011261875
14013186048
14019129504
14039781840
14040499200
14048609550
14053662000
14061928860
14062500000
14076861696
14089420800
14094194400
14096842000
14121369600
14123351970
14130943776
14140821240
14143979520
14145516000
14155776000
14160744000
14168952864
14174617680
14176531200
14179669650
14183426400
14192755200
14197150143
14209813800
14216389380
14234115744
14235924344
14238281250
14238787500
14239593550
14242837500
14246461440
14276736000
14277032000
14288908032
14294353500
14320962656
14329224000
14330542080
14338471875
14340555700
14344387200
14347532160
14349533184
14360716800
14365000000
14365790208
14367974400
14376464960
14382950400
14385243600
14394744000
14395061044
14398259200
14408585856
14414062500
14423040000
14426380800
14432256000
14436302848
14440918464
14445616500
14450000000
14450688000
14452162560
14452658176
14467896320
14478912000
14494341771
14495514624
14511656250
14511882240
14516617968
14516896535
14523531264
14526876312
14530197500
14532811216
14534000000
14535769248
14537577600
14544562500
14549397504
14552193024
14554685600
14555735964
14558021250
14570814600
14576047200
14579712000
14580000000
14580178560
14581598850
14594446944
14616589239
14619377664
14620787746
14625000000
14635489050
14638115880
14646439080
14648437500
14654540250
14657459328
14659898400
14670139392
14682595200
14703202800
14722726536
14724500000
14726286540
14745600000
14751744000
14753475072
14753497088
14766422796
14784028875
14790881280
14794976000
14797970032
14813052800
14818126848
14823774000
14837388800
14840443800
14851720000
14864765625
14866127640
14866992000
14869757952
14878080000
14878363136
14878922240
14909440000
14909469120
14912010750
14929920000
14932930560
14935103568
14945346000
14946778125
14947309566
14948351600
14948717238
14952038400
14952148992
14953612500
14976000000
14983768800
14985183520
14988053376
15002536176
15004800000
15009519525
15012979200
15042104352
15048281250
15057321984
15059072000
15064908768
15072062096
15074373600
15078026556
15079802400
15089775120
15116544000
15120000000
15122842560
15132162825
15147682992
15152445792
15153750000
15162620956
15169032000
15172498314
15181964784
15185570400
15187390296
15191991360
15206176000
15220968000
15224589360
15230388096
15243125000
15252356700
15252678350
15253663446
15254571024
15256707375
15265972800
15268556250
15280316416
15280976728
15287762448
15288000000
15288238080
15289244100
15289246368
15294370000
15297001200
15297862500
15300000000
15301754880
15304034304
15305500800
15311618784
15318097920
15318657144
15332017680
15338068200
15342735744
15357173312
15360336288
15364160000
15378761034
15379000000
15381843750
15394590720
15400125000
15404209920
15419194560
15431472000
15445788800
15450162816
15454961664
15475561920
15475950000
15476356896
15479058816
15480550400
15482130048
15485549625
15487800156
15491250000
15496034400
15496790400
15496819560
15497606880
15501312000
15503906250
15508491180
15509574144
15511844250
15514200000
15529668000
15531539400
15533088768
15539364000
15557443200
15558220800
15560473984
15568068750
15572664320
15576810560
15586648560
15586836480
15587769600
15598955372
15609291138
15622868352
15625000000
15628493160
15639837696
15644328336
15660000000
15661434880
15674057280
15675040000
15682994496
15690526720
15690618378
15692613300
15692773632
15695807400
15701050368
15715123200
15715861616
15720140800
15722045568
15731352000
15750000000
15752167200
15752232000
15754704576
15761408000
15765926400
15773088240
15794676000
15794754570
15795000000
15801500000
15806139520
15820312500
15828412500
15831957504
15838400000
15840090000
15857202816
15858401280
15879398400
15881230008
15882615000
15886540800
15904257660
15913440000
15916461120
15925000000
15927848100
15928428384
15941702400
15946444890
15948344776
15953477085
15970500000
15970851750
15971752125
15978574080
15996093750
16003008000
16008257408
16008300000
16013109024
16021577088
16022290050
16034263875
16058574000
16061661000
16068326400
16074549920
16098264000
16106127360
16109850240
16117096500
16128031500
16130285568
16133644800
16137600000
16140973680
16141798400
16149381120
16160938560
16173748224
16198041600
16198915194
16200576000
16208676000
16214017536
16220096100
16223667200
16224000000
16225460160
16239787200
16245964800
16257024000
16263797760
16269176000
16272900000
16273821200
16276250000
16309444608
16330180608
16332924608
16342735851
16343570880
16349634600
16352336720
16361493750
16383184416
16389159300
16390836000
16400000000
16411150600
16419086208
16419120000
16422670080
16426463040
16430112400
16431037500
16435188000
16453006154
16454988000
16467587136
16477243965
16481267712
16497561600
16503906816
16515072000
16529940864
16535500800
16537500000
16542390592
16561212048
16564962024
16575000000
16593292800
16604153145
16605000000
16605940000
16609443840
16609685820
16610560000
16613376000
16616240550
16618566852
16619900000
16630312500
16635126816
16638295050
16638750000
16647716286
16654730000
16656775200
16663449600
16683126525
16685935200
16698572800
16704673416
16708812800
16715612160
16718994432
16724393595
16738787520
16740391500
16741416960
16745071352
16751820800
16755336000
16770138112
16774128000
16780495734
16813514250
16836915744
16837625520
16842816000
16846916625
16849611576
16858331460
16865965152
16869065850
16872856000
16875712125
16879449600
16923816000
16926395850
16934400000
16941456000
16948022364
16952457600
16961114016
16961478144
16964490400
16964777700
16965000000
16968656250
16989860160
16990848000
16998966400
17004482560
17022320640
17029440000
17034591600
17035575200
17043554304
17047968750
17058600000
17069991354
17082639504
17083766700
17085937500
17087512260
17115211872
17123589000
17127360000
17129694400
17132641344
17134491616
17136600000
17145741312
17148515625
17149750272
17150486805
17175140528
17178636384
17180000256
17191098819
17195068800
17195987340
17200926760
17206166250
17209126350
17217038592
17220403200
17232075000
17238000000
17241463008
17245457280
17248098000
17248519890
17272265625
17280729216
17287086080
17288964000
17290900480
17296436250
17301375000
17304487200
17327455200
17327968000
17329232960
17338262625
17340825600
17346911400
17352072397
17353792512
17356800000
17360406000
17363265625
17376286704
17379049680
17384421600
17394138894
17408629350
17414258688
17420275842
17428608000
17434217250
17436237000
17438146560
17447202816
17449369600
17465622720
17483582592
17496622080
17505666540
17506264320
17507036736
17507287040
17508107232
17514917550
17523911880
17533501440
17535400992
17539031250
17540945280
17570710080
17571093750
17572589413
17575726896
17578125000
17596077120
17599244250
17609800000
17617500000
17619114240
17634420000
17635968000
17640627200
17650042560
17655753500
17676026550
17683660800
17711550720
17712000000
17716998208
17718622012
17720934400
17722081125
17729587200
17732649600
17742533072
17754380928
17765940192
17767062500
17777032416
17783848960
17784000000
17794905430
17795011500
17801305200
17815168800
17831923200
17839189872
17842639500
17846894592
17847506250
17852638464
17854706688
17858560000
17861135040
17867046420
17871015825
17872358400
17875313280
17875780650
17910165312
17919107955
17920756224
17934415200
17934784000
17939404800
17941887873
17942335488
17942446080
17951562500
17958375540
17960000000
17962705800
17966443950
17981521920
17993826305
17996687475
18000000000
18003384000
18005496642
18024768000
18045517824
18052070400
18059231232
18067046400
18068252160
18085704000
18095762880
18128515392
18129779200
18130800000
18131414400
18138624000
18148006422
18158595390
18162746875
18165843456
18187092000
18190777500
18201034752
18201444352
18203421600
18213518250
18222684480
18226679744
18252301158
18253431000
18254160000
18258645456
18270862848
18274848768
18288281250
18289152000
18297644850
18302823000
18308048850
18310781250
18313495200
18315375000
18324873000
18345885696
18353244000
18355911296
18375000000
18378454500
18385421472
18389651072
18398421216
18400107474
18408967200
18412666272
18423288000
18430869600
18432000000
18445542912
18452812500
18456279072
18458028495
18462544425
18475880976
18483876450
18484974522
18490000000
18496000000
18497462540
18507413925
18507528000
18519655968
18525482136
18528030720
18552879375
18560000000
18561436416
18579456000
18582659550
18598652800
18610189416
18611937344
18615744000
18616197600
18624200400
18624797100
18627991200
18631363554
18662400000
18663063552
18672081120
18681682500
18691171200
18692172672
18698850000
18705775500
18713167200
18713860000
18714205440
18719616000
18720308880
18727800000
18730800000
18731479400
18745344000
18757812500
18768704562
18777486000
18779301450
18784988640
18785894400
18811472400
18817080704
18818522640
18822896640
18828492800
18831135960
18851123200
18857250000
18865267200
18874368000
18878976000
18881600377
18888187500
18895680000
18900797580
18904940544
18918849664
18922500000
18923673600
18929533524
18931500000
18950245600
18953276195
18953848550
18954000000
18966528000
18968428368
18968753664
18990450000
19000000000
19016440320
19022112000
19045353600
19051877376
19055316150
19059138000
19061402976
19068213780
19074573700
19101220910
19117350000
19117962500
19128595500
19128960000
19130042880
19131876000
19144172502
19144904121
19145672000
19147622400
19151261568
19152877842
19154714112
19181961216
19219309200
19227208000
19250840700
19259108856
19264037625
19267584000
19270906200
19283337728
19286400000
19287842500
19289340000
19291417600
19292193792
19301914359
19316024000
19327352832
19327781088
19348875000
19349176320
19350000000
19351042605
19355684832
19361664000
19364062500
19369168416
19369566720
19371024450
19372008600
19374557184
19382222848
19388170240
19392750000
19405980000
19410695000
19415046816
19416360960
19416713184
19421724672
19424205000
19424759040
19428802560
19440000000
19448048256
19455031494
19467548100
19497664872
19523016576
19523428288
19528585440
19530456750
19532560320
19535616450
19539103500
19548576450
19551255120
19559527650
19570936320
19571577696
19576793600
19581927552
19590709248
19604270400
19611288081
19615766625
19619140625
19642968750
19647248544
19649692800
19655694576
19656069120
19692293760
19693800000
19696256304
19712038500
19719741600
19739057184
19743345000
19752284160
19753920000
19765032000
19765090800
19772692758
19786046875
19787258400
19792240650
19797149736
19816307856
19819687500
19821503520
19851537510
19853268750
19869696000
19882681000
19890385920
19897151040
19898173152
19909810125
19921865600
19923152256
19927128000
19929037500
19931622984
19933593750
19934302500
19935430970
19936051200
19940059980
19940648000
19962016002
19969200000
19974583200
19988130240
20005273600
20008041984
20012692700
20028333618
20033395200
20040696000
20047500000
20054016000
20065500000
20069272314
20079525440
20086545024
20087308288
20101037544
20106403200
20112384645
20114136432
20127050944
20133888000
20157562880
20161564800
20162856960
20176217100
20176803500
20177043300
20191680000
20205000000
20206107792
20210968800
20214843750
20216903850
20217185280
20224676160
20226024000
20229997752
20241481392
20244971520
20249853728
20253807000
20255214672
20256687171
20258437500
20274329376
20279684880
20289945600
20294624000
20317041108
20334772224
20341125000
20342276500
20363589094
20365830000
20371456000
20384000000
20387645568
20396001600
20397150000
20400000000
20405379072
20430192640
20434326528
20437312000
20442690240
20445917184
20477901600
20478980520
20480000000
20500646400
20505014712
20520000000
20520865944
20523857760
20533078800
20533180941
20533500000
20543880960
20558499840
20575296000
20578452576
20615606784
20646738000
20647399500
20650400208
20655226592
20659276800
20671875000
20677325760
20677988240
20697768000
20706202530
20707233792
20719670400
20734175232
20743257600
20753740800
20757425000
20765384640
20766592000
20773208565
20792408000
20797552000
20820312500
20821151250
20829312000
20830491136
20838105600
20861064000
20861305920
20873216000
20880000000
20881262336
20901888000
20905173360
20916409680
20920706406
20923484400
20927743200
20939842656
20942712000
20975035158
20978123904
20981953125
20985911082
20995200000
20997437500
21009220128
21037500000
21054290400
21062014470
21084710400
21089843775
21108505600
21109187616
21109654800
21125000000
21130956000
21142937088
21150642240
21157766784
21168349272
21172612032
21177165744
21182054400
21185027955
21190201344
21207251520
21218828160
21225268026
21255603200
21271302780
21281150800
21284093952
21285482400
21286800000
21287812500
21294469000
21299241600
21309423616
21310575104
21314425104
21321729954
21329215488
21334233600
21353299380
21359390325
21363053400
21372361920
21375779229
21382164864
21404486250
21416709600
21428035200
21441530250
21445337088
21455360000
21473295480
21482537958
21501158450
21504042000
21509824000
21521298240
21522996000
21523360500
21530600000
21532500000
21535899840
21553180000
21556821600
21558062500
21563038000
21564805608
21566736000
21589032960
21592591566
21600356400
21600911520
21615831072
21619406250
21621302136
21628012500
21632000000
21643221600
21661541200
21666330000
21676032000
21696649632
21702844800
21714754560
21719880000
21733474176
21744599040
21751296000
21762508950
21764505600
21774095200
21781509120
21790314468
21790947780
21795296250
21799512800
21805536256
21810380800
21816843750
21821307984
21827846304
21844105920
21861252000
21865668000
21879890424
21883795920
21904889850
21913141248
21918193920
21919840800
21931181619
21955494528
21969658620
21972656250
21985280000
21995096400
22000960800
22001172480
22027420800
22027681728
22039921152
22040000000
22043280384
22044765600
22047334400
22059330696
22065971200
22072296960
22082323536
22084783875
22088102400
22095668400
22104154800
22112656398
22118400000
22120739550
22127616000
22131078125
22146247760
22152973500
22161600000
22164797200
22176126000
22188466944
22192976160
22196955048
22201675776
22218218750
22231157760
22256871552
22272000000
22272169920
22275635200
22278816000
22295000000
22298477040
22298987340
22299191460
22302720000
22303138176
22307400000
22312018944
22315798080
22317932928
22318383360
22322296386
22335926272
22336186624
22347746883
22350712320
22358640512
22368016125
22383160800
22391510400
22418019000
22427919360
22449960000
22455800640
22461356160
22462555500
22477775280
22486959264
22493036544
22495656960
22499086176
22504369888
22505140480
22505932800
22515667200
22516137000
22526618400
22543073280
22549266432
22563935100
22568527800
22575062500
22584078400
22585350000
22588608000
22597363152
22615825050
22619703600
22635135072
22639104000
22642063488
22664482425
22674816000
22680806400
22686200064
22687471440
22689389632
22699622400
22723064000
22723131600
22723246080
22730625000
22735702080
22743931434
22746223008
22755600000
22773004800
22781250000
22783349680
22812101312
22815000000
22817053350
22831452000
22838578560
22849773440
22864687500
22866333696
22880999232
22906091250
22921465092
22936908800
22941555000
22945501800
22946793750
22947950592
22951231488
22956051456
22960000000
22984000000
22986768000
22988250000
22991738112
22997048256
22998026520
23015387525
23024473109
23029687500
23035904000
23036983200
23040000000
23040972288
23068141551
23068808000
23081523696
23102921250
23121828175
23145176250
23147208000
23156852670
23171788800
23192185192
23195431350
23205812500
23208618960
23209804800
23219011584
23221251126
23223620160
23227034456
23227580250
23230609920
23231700234
23242464000
23245229340
23247000000
23248316000
23253048000
23254784000
23255859375
23262736770
23285627904
23288081040
23292074880
23296000000
23313303360
23326883840
23328000000
23351611500
23352103125
23355310080
23359624992
23362416000
23366762496
23376020850
23383549800
23398433058
23399636400
23413847040
23414349250
23434302528
23455837440
23465659000
23466393600
23466492504
23490000000
23492152320
23512560000
23514271704
23538919950
23558104962
23562058464
23573299200
23575246128
23577773625
23583522816
23586489225
23614921440
23619600000
23625000000
23629441500
23640424448
23650536000
23657281038
23664256000
23673428064
23693342400
23701612500
23703518592
23707011636
23714112617
23720656896
23729501664
23730710535
23744102400
23744710080
23747530752
23754704112
23756202288
23757482500
23775897600
23794651125
23806275584
23818802000
23828725314
23829811200
23841216000
23863984128
23884236800
23887872000
23897453125
23906250000
23912553600
23914845000
23922517164
23927312500
23933467008
23934528000
23937870222
23943392640
23950274400
23956277625
23964772128
23968089600
23976293632
23979375000
23981572160
23988656250
23995583300
24009834464
24037505856
24046701302
24053760000
24073886070
24075766134
24078600000
24087491072
24092491500
24111675000
24117187500
24120605250
24143640192
24144773120
24159191040
24174400000
24185597625
24196548096
24207260672
24211460520
24215010750
24226282080
24231387648
24260926144
24270451200
24280256250
24285184000
24300297600
24306352128
24307402752
24316202592
24317508150
24326265600
24329061504
24338766500
24353382240
24365250000
24369233850
24376246272
24384375000
24385536000
24388397568
24410731800
24414062500
24414375000
24420500000
24429461976
24461180928
24470992000
24480101394
24488801280
24490714500
24492100906
24495270912
24500000000
24504606000
24504678900
24505000000
24531228288
24536678400
24540909120
24547377888
24555174000
24557670960
24561031950
24576048000
24587796480
24589125120
24604694784
24612862500
24614984862
24615559800
24615864000
24616725900
24639360000
24640200000
24645168600
24646556250
24651468800
24670711296
24679181250
24695118000
24696878080
24710540400
24729151608
24737172500
24739588368
24746437170
24776879400
24796800000
24813585888
24819560448
24834888000
24847593750
24850463040
24869470500
24878776320
24882343200
24882812500
24884796996
24888217600
24893568000
24908910000
24909702552
24914312640
24914528730
24921827280
24922896896
24932803104
24966192762
24976053945
24977080320
25001984000
25004633472
25005589056
25025531904
25036195392
25047859200
25058295808
25078491648
25096271200
25096500000
25108181280
25113291840
25115166720
25143955200
25165824000
25166381625
25166909952
25168896000
25170163200
25187817600
25194836832
25203571200
25220271375
25224609375
25231564800
25239378032
25251466500
25254063744
25257559600
25266487296
25271481600
25271607312
25285312512
25287497190
25288704000
25295553024
25320600000
25324041600
25334068032
25342911720
25367150592
25374315600
25379914560
25387161072
25387488000
25392250000
25396301385
25407088200
25412184000
25422033546
25426406250
25427845625
25446812256
25447166550
25459163136
25460736000
25466337792
25474811984
25484556960
25492838400
25502924800
25506723840
25520194700
25525563336
25546801896
25553320000
25557396480
25557426000
25571953125
25574766000
25578352800
25584000000
25598725650
25600560480
25613827200
25625000000
25631268390
25643630592
25644633696
25654822200
25681096000
25685383500
25688000000
25690112000
25702656000
25722138060
25724306160
25730604900
25732728000
25750271360
25757028000
25764771438
25769803776
25794975744
25798431360
25798500000
25798901760
25801390140
25813000260
25813689525
25813947024
25825557888
25826615424
25826724000
25830078125
25839843750
25841239893
25843000000
25847485300
25849290240
25857000000
25857501696
25872779835
25889177600
25907217309
25912473600
25916866560
25925723460
25941604500
25945312500
25946130600
25946781250
25952409000
25978060800
25992000000
25995185216
26004888000
26013892608
26022076416
26031250000
26032406400
26036640000
26038113920
26040609000
26040766464
26064768600
26073880560
26075212800
26091208341
26096844800
26101232640
26104297024
26140913568
26150912000
26154355500
26159415360
26166067200
26174803320
26181209600
26190625000
26191872000
26199404000
26199887616
26208000000
26227998720
26231413309
26232530000
26244321408
26257840960
26261525160
26276544000
26285867820
26317500000
26325461376
26330391360
26336061360
26344147104
26345931696
26363590344
26364346368
26383011200
26397684864
26398866375
26406250000
26407106460
26416918800
26426250000
26428671360
26430668800
26453952000
26460000000
26465664000
26491046400
26519062500
26542131840
26545806000
26556719904
26566645032
26569504000
26575497312
26577933018
26581401600
26602873578
26608500000
26611416000
26618086250
26622288000
26623586304
26626546688
26661519360
26675200000
26687556000
26688515040
26691624225
26692358145
26702628480
26715452400
26733096000
26759029752
26769752100
26780544000
26782060032
26782728192
26795332872
26806671360
26807650002
26808537600
26812752032
26818848576
26821679040
26836992000
26841619350
26843545600
26844364800
26850949200
26860898025
26869248000
26882674688
26896000000
26901622800
26913250000
26916314904
26918063289
26927343750
26940000000
26943602400
26946027000
26956007010
26973330336
26979265625
26998358400
27000960000
27001139400
27002142720
27011139822
27014966748
27026627670
27042433600
27078105600
27093750000
27095040000
27103650273
27114178832
27119383200
27120812040
27125798400
27139507200
27168372000
27179089920
27192765600
27193887000
27194668800
27196200000
27202843008
27207172096
27210740947
27225525600
27232200000
27237893085
27238250000
27244983392
27247104000
27256920320
27318376800
27320318928
27340019616
27354744900
27365200000
27371116800
27378000000
27378703566
27399310848
27404260848
27405000000
27405743904
27412403200
27433728000
27440778888
27443183616
27445978560
27454234500
27462073275
27466171875
27467662950
27474201216
27476326386
27493870500
27506440000
27509569920
27512739936
27513579744
27518496768
27521482816
27529866000
27532265472
27532533600
27533866944
27543158784
27554152968
27556200000
27562500000
27566406000
27574163370
27578191500
27578599254
27578933865
27585360000
27640683000
27655488000
27658201680
27663930000
27665165088
27674298000
27682200000
27682809700
27688960000
27727577856
27728707216
27729063936
27735583680
27741220200
27744457776
27745320960
27746193810
27755058240
27763200000
27792152514
27801446400
27820755072
27840000000
27853806960
27858567168
27864990720
27866169344
27873734175
27894275208
27894747600
27897979200
27901034496
27903657600
27905108000
27908023500
27909603358
27925560000
27948375000
27953402400
27955254600
27956880000
27965952000
27984633300
28005264000
28009066464
28022523750
28056305664
28056640625
28058825088
28061526240
28085279040
28111335616
28113136128
28113750000
28123857720
28125000000
28153723392
28190582784
28220588032
28236832650
28240068096
28242739200
28242948096
28242984960
28246703940
28268352000
28269130240
28281642480
28288915200
28295356320
28322467313
28325805300
28338481152
28346572800
28385168175
28391558832
28394300286
28419627600
28432778760
28446600000
28451051136
28471848688
28476356805
28479187100
28484071200
28512162000
28548223200
28561000000
28566281250
28577816064
28579716000
28582917120
28587274272
28588707000
28602269696
28602366975
28605376800
28611860550
28623750000
28640102400
28651831365
28665000000
28670572728
28672056000
28676943750
28695064320
28720850400
28728000000
28733400864
28735948800
28740329280
28741050000
28741805664
28747533150
28779753600
28782778368
28790122088
28798865550
28800000000
28828125000
28870332416
28871743680
28881836928
28891233000
28900000000
28901376000
28922987520
28928000000
28931763750
28934189856
28957236000
28960477840
28983951360
28988683542
28989180000
28991913984
29004677120
29033793070
29053752624
29060395000
29073375000
29081152100
29081545344
29089125000
29109371200
29111471928
29143338000
29160000000
29161036800
29173561344
29185000000
29185228800
29186600144
29193621600
29215368000
29216953125
29222502400
29233178478
29238222208
29238755328
29241575492
29252015232
29261250000
29272557600
29276231760
29279577600
29282973552
29292878160
29295685125
29297490048
29304600000
29309080500
29379173824
29386561536
29397584016
29406405600
29443359375
29446378500
29449000000
29464453125
29483417600
29491200000
29500703125
29520000000
29524500000
29532845592
29539036800
29554416000
29559142080
29560806144
29568057750
29583392768
29595940064
29598621696
29609900320
29615642496
29628923904
29635200000
29647548000
29659039137
29706359424
29707031250
29707763712
29729531250
29732255280
29749500000
29757844480
29758083750
29760696000
29767420800
29779578725
29824021500
29841177600
29855685888
29867927040
29890692000
29893556250
29894619132
29896776000
29896998912
29899008000
29903146455
29918160000
29921306688
29928412800
29929240800
29940019200
29947500000
29962483200
29969203200
29970367040
29976480000
29977625600
30007910400
30009600000
30019039050
30037392000
30037504000
30055532976
30075863040
30077526528
30087159168
30091370400
30092977845
30096562500
30113753600
30118144000
30129817536
30137516640
30139593750
30142840000
30156053112
30159604800
30179550240
30198988800
30205952000
30215203200
30228962400
30232279296
30233088000
30237274672
30241276128
30264325650
30277406250
30307500000
30310400000
30325241912
30332862000
30335057920
30338064000
30352345920
30357504000
30371140800
30372227424
30375000000
30380710500
30407832000
30418470656
30422737800
30438654025
30441936000
30470307840
30486250000
30494112768
30505356700
30509142048
30513414750
30531945600
30537112500
30545383641
30548836125
30561218688
30561953456
30562061400
30566592000
30575729664
30576476160
30578488200
30588740000
30594002400
30595725000
30600000000
30608068608
30624174000
30626477568
30636195840
30637314288
30660788224
30664035360
30673500000
30679763625
30687777120
30726635904
30742364160
30757522068
30759426000
30765571200
30779392000
30801641472
30816115200
30833449920
30862944000
30869787168
30874247712
30891577600
30892359680
30901215744
30935247200
30937500000
30951606400
30958200000
30958682112
30961668168
30971099250
30975600312
30993639120
30995213760
31007588521
31007812500
31016982360
31018518432
31023688500
31046576400
31047335802
31054233600
31065802992
31078728000
31086084096
31107410880
31108430376
31122783648
31123620864
31136137500
31144542208
31147101072
31194795618
31197910744
31199360000
31200514800
31213000000
31218582276
31223808000
31242240000
31245736704
31256986320
31262431200
31282008192
31295810000
31303513584
31320000000
31322869760
31347097600
31350080000
31352832000
31357469817
31385226600
31427157195
31428750000
31429944000
31445898624
31448517100
31450240000
31493919744
31500000000
31504464000
31509666144
31531500000
31543041384
31549222540
31565996000
31589352000
31589509140
31598235648
31602150000
31603654656
31628222912
31629696000
31648968000
31675383808
31678639650
31694067200
31694745600
31701196800
31725158400
31726080000
31753128960
31761100800
31770694800
31773081600
31794757632
31808515320
31817385600
31824617472
31829982912
31833860625
31849613424
31855696200
31855987800
31881600000
31883404800
31892889780
31896689552
31904095968
31906954170
31918769280
31933699200
31941703500
31943504250
31948800000
31958388000
31974009984
31989682816
31996809216
32000000000
32006016000
32010928128
32021308800
32030829774
32065113600
32068527750
32123322000
32131125000
32141551680
32144000000
32145408000
32148814464
32160138912
32162295375
32175563904
32179815432
32211468288
32225496192
32251776480
32266250325
32266634400
32281947360
32288518080
32290928640
32309356625
32310853632
32321877120
32347496448
32366739456
32397830388
32413413760
32419593738
32427376608
32440192200
32440504320
32492066544
32492311800
32512500000
32513068224
32514048000
32517531648
32522630400
32522853888
32524189200
32527595520
32542769952
32545800000
32547642400
32552500000
32572373184
32593394925
32598984600
32608904832
32614907904
32622428160
32640635664
32641056000
32652088605
32657637376
32660361216
32672808000
32673784000
32685471702
32692944375
32708304384
32718504150
32722987500
32725265625
32734445568
32735107125
32735232000
32742434304
32748042600
32761164800
32779385856
32791878000
32800832064
32805000000
32822301200
32826906450
32845824000
32860224800
32875315200
32906012308
32923200000
32930679600
32954487930
32955000000
32967403744
33004521225
33007813632
33030144000
33035839200
33054328125
33059566800
33076395765
33082206300
33084781184
33109353018
33114355200
33127920000
33129924048
33130125000
33163621920
33169500000
33170679360
33208306290
33211880000
33214500000
33219371640
33237133704
33241743360
33247919232
33260625000
33282000000
33292800000
33326899200
33353491500
33366253050
33380503975
33390998550
33397145600
33409346832
33434856000
33438779478
33448615200
33448787190
33468750000
33470361600
33477575040
33480783000
33490142704
33508339200
33525273600
33555175500
33556480000
33574201024
33583359375
33587736000
33599496048
33627028500
33632812500
33642086400
33650874400
33651946368
33654435660
33661555200
33675264000
33682533750
33684948000
33687500000
33688971225
33693833250
33695308800
33696555984
33699223152
33716662920
33718272000
33724085850
33741619200
33751424250
33784128000
33797471616
33799474800
33810320317
33812979552
33852218400
33868800000
33876117600
33882912000
33889261824
33891287040
33896044728
33901015050
33921014400
33922228032
33929555400
33937312500
33943050000
33948594176
33981696000
33988018176
33993336000
34003145088
34007040000
34008965120
34010776800
34019328000
34034084448
34057210880
34069183200
34071150400
34091275680
34093400064
34094735136
34095937500
34120913526
34125000000
34126643200
34130322000
34165279008
34171628166
34175024520
34180885440
34186600800
34193431125
34196957460
34200000000
34229592576
34230325248
34247178000
34297031250
34297036800
34300973610
34367338125
34382197638
34398000000
34401853520
34418252700
34420190625
34420736000
34420838400
34424775168
34425000000
34432128000
34434077184
34442625600
34464150000
34476000000
34482926016
34490914560
34497039780
34504704000
34509547800
34519158784
34544531250
34546176000
34560000000
34566497280
34572938400
34575629312
34603512125
34608974400
34645012038
34650281250
34654767840
34660884020
34676525250
34704144794
34715520000
34717040640
34720812000
34726531250
34748287200
34753024800
34788277788
34813864800
34833819475
34835935680
34847550351
34855312500
34859189248
34862529600
34865516448
34868434500
34872474000
34873695025
34876293120
34888347648
34888482816
34890558192
34894105155
34898706432
34935591600
34964566272
34971573420
35009568000
35014073472
35043624000
35047823760
35058441600
35069110272
35078062500
35097649587
35114625000
35121523875
35126124336
35142187500
35145178826
35151453792
35152000000
35154822150
35158500000
35161233408
35192154240
35198488500
35214704640
35218260000
35227685376
35235000000
35238228480
35287686720
35308379925
35309406125
35315566650
35354050560
35355706848
35360583440
35364009824
35364713600
35369942400
35381520000
35402496066
35421235200
35423101440
35429400000
35433996416
35434561536
35437244024
35441670528
35441868800
35444162250
35446128768
35447979840
35449174125
35452171300
35474706432
35508761856
35540973450
35557056000
35589810860
35591400000
35595703125
35598983875
35634393600
35636223750
35643908300
35660288000
35671445712
35678379744
35678706336
35680934160
35685279000
35695012500
35705276928
35709413376
35742031650
35744716800
35751561300
35777570400
35800380000
35815770000
35836327800
35838215910
35858284800
35868830400
35876131200
35883775746
35884670976
35890968750
35903125000
35911515402
35916751080
35920000000
35932887900
35936010240
35944560000
35956224000
35964440448
35969960000
35976587400
35987340480
35987652610
35993374950
36000000000
36000594000
36020256768
36061065216
36061577216
36109644480
36110550000
36111499424
36121397904
36169728000
36191257600
36198507150
36200973600
36240998400
36259558400
36261600000
36299954304
36317190780
36323437500
36325493750
36379743840
36380482560
36382500000
36390933504
36398665728
36414212661
36427036500
36440948736
36442780000
36450000000
36453359488
36457350000
36503432784
36504000000
36504602316
36506862000
36533068000
36539521200
36540776448
36551969365
36562500000
36574200000
36578304000
36605646000
36613296000
36616097700
36621562500
36627445161
36635040288
36643648320
36646596720
36649746000
36651789200
36658494000
36700729344
36706488000
36709057440
36711822592
36712368000
36712802880
36719198208
36721549584
36738151359
36750000000
36774346752
36778341600
36786677850
36806816340
36855000000
36860747760
36870485904
36873869760
36905625000
36914062500
36916056990
36925088850
36936000000
36994925080
36997750400
37005299712
37014827850
37042500000
37051929600
37094785920
37105758750
37119513600
37120000000
37120283200
37158984576
37174394880
37186698240
37192366944
37197305600
37204876800
37249594200
37262727108
37265080320
37301285376
37324218750
37324800000
37326127104
37363365000
37371793095
37377692352
37392669600
37397700000
37410000000
37411551000
37413679680
37435473920
37435593600
37462958800
37470006000
37470133440
37478265440
37492761600
37523865600
37529339904
37537409124
37558602900
37562616000
37584450000
37587443712
37636416000
37643304960
37645171200
37656985600
37662271920
37676410542
37724437800
37728059472
37748736000
37763200754
37791733248
37801344000
37801595160
37837278738
37845000000
37859067048
37859407040
37879808000
37886113962
37906552390
37907251200
37907697100
37922580000
37931245785
37962058752
37968475740
37969136856
37978761600
37979978400
37980900000
38031589376
38088375000
38096093184
38101804650
38118276000
38120401440
38133050319
38134158615
38149147400
38170749825
38193890688
38202441820
38220595200
38235925000
38252052480
38259849936
38260085760
38263752000
38289808242
38296642860
38305755684
38330044200
38347400000
38359706528
38401620480
38412652032
38424369984
38435287968
38438475075
38438712000
38446902585
38456291328
38466937600
38501681400
38511814176
38513111040
38513397888
38527950000
38528075250
38535168000
38538500000
38539800000
38575685000
38603828718
38604581888
38614472000
38619504000
38619648000
38654179200
38655295488
38655562176
38675000000
38698352640
38702085210
38717683200
38723328000
38728125000
38738336832
38741976000
38764544000
38771227950
38785500000
38790090000
38805700608
38809379840
38820124800
38821390000
38832721920
38857899600
38860259328
38893608000
38920171875
38925516800
38928613500
38985007104
38997628800
38999394000
39002544414
39003095040
39023227845
39040648064
39046033152
39057170880
39060252000
39060913500
39071232900
39095784000
39102510240
39109018752
39109462272
39117389824
39119055300
39137155200
39139632000
39140278272
39153587200
39182082048
39199997952
39222576162
39231533250
39238281250
39257812500
39261543425
39283400000
39285937500
39288832000
39292995456
39294497088
39303014400
39305113920
39321600000
39325689216
39340800000
39358202400
39373400808
39373938000
39380580000
39384895680
39432269760
39448166400
39455713440
39486690000
39486886425
39491043328
39504568320
39534428160
39536057600
39545385516
39546000000
39549169440
39572093750
39573504000
39575692800
39576782336
39579217920
39584481300
39585000000
39591173520
39609375000
39613498848
39639375000
39643007040
39677445000
39703075020
39706537500
39708340625
39718748160
39720866928
39725445375
39735820800
39737500000
39760644150
39765362000
39769544461
39780771840
39803400000
39819620250
39826675200
39854256000
39862900224
39867187500
39870861940
39873792400
39889111680
39890880000
39924032004
39933432000
39941286880
39961686312
39975890625
40010547200
40016083968
40025385400
40062509760
40089600000
40121827200
40173090048
40202075088
40203288576
40212806400
40219200000
40224769290
40237470000
40245562000
40277250000
40308013152
40310784000
40325713920
40330795050
40352434200
40367187500
40369875000
40377136800
40385646080
40391015625
40402346400
40410000000
40416088050
40429687500
40430441088
40434370560
40434568200
40488927232
40492182528
40499707456
40500496000
40507614000
40509252864
40510586880
40513374342
40563650400
40580551921
40584852000
40589248000
40617476900
40625000000
40625712000
40634082216
40636345728
40651341120
40659494400
40666752000
40674312000
40682250000
40684553000
40727178188
40752548928
40753119680
40768000000
40775291136
40783176000
40787964100
40792003200
40794300000
40810758144
40825451520
40885380480
40891834368
40901842944
40906351500
40910192640
40911503360
40921212150
40925606319
40929451600
40957961040
40979660800
40981875200
40990838944
41010029424
41047715520
41066157600
41066361882
41070624768
41078578464
41081373450
41118105600
41129592192
41132515385
41150592000
41155420896
41171251968
41185980000
41207760000
41209593750
41217146784
41278242816
41282224224
41294799000
41300800416
41324852160
41326975008
41328000000
41343750000
41355976480
41365934080
41376182400
41396447736
41404635378
41412405060
41415192000
41420208896
41481157536
41486410224
41493233664
41496000000
41513808960
41514850000
41524214550
41533747200
41540971500
41546417130
41575594375
41575781250
41578920000
41593060824
41607820800
41619290715
41628467200
41658624000
41660982272
41674389120
41697207629
41703629760
41709219840
41722128000
41760000000
41760318600
41761683540
41761972224
41775514128
41803776000
41815097856
41836168704
41840704224
41846968800
41862678380
41864405037
41865707520
41872926186
41885424000
41904450900
41925734784
41935097088
41943040000
41950070316
41951239335
41956247808
41963906250
41966531568
41967072000
41981858816
42000000000
42007896000
42033785625
42039558144
42057388512
42090106240
42090127200
42119345520
42121497600
42124028940
42142557600
42145828650
42159255040
42179687550
42199976000
42205078125
42250697125
42251370336
42268262400
42290526000
42299857600
42311935120
42336000000
42336698544
42343959168
42364108800
42370055910
42431938560
42436548000
42450536052
42466006800
42467328000
42475919200
42493284288
42506858592
42511206400
42523853040
42529593600
42550279200
42550312500
42570000000
42570964800
42573600000
42578265600
42588938000
42591450429
42613046784
42616173600
42643459908
42658430976
42672656250
42674978385
42693156000
42706598760
42707773032
42708803904
42718780650
42728512500
42731488800
42739384320
42751558458
42772953600
42782968800
42800027400
42831096000
42875000000
42883060500
42897127273
42899316768
42921470800
42939187200
42946590960
42962887968
42987672000
42991626240
42997385600
43002316900
43008084000
43015415625
43021667100
43039309824
43042596480
43056562500
43059200000
43064651168
43077229650
43078247809
43082150400
43095000000
43103923200
43129394880
43173000000
43173744768
43184232000
43201823040
43235625312
43241090625
43242187500
43249303552
43264000000
43272000000
43276015314
43279142400
43296768000
43308908544
43312500000
43323082400
43323746832
43336849500
43350000000
43352064000
43403688960
43422250000
43436736000
43465206960
43486543872
43521573375
43534968750
43535646720
43548394743
43549853904
43550689605
43570593792
43580628936
43585543125
43590592500
43591979466
43595366400
43598433648
43599025600
43602000000
43606840131
43607307744
43611072512
43612732800
43633687500
43648192512
43664056800
43674063750
43679104000
43682250157
43698200000
43722504000
43728141600
43739136000
43740535680
43759780848
43767591840
43791321600
43801983225
43836387840
43862363238
43875000000
43887360384
43923961900
43939317240
43940577280
43945312500
43980433920
43990192800
44001921600
44010418176
44023414784
44047785600
44086560768
44092439424
44094668800
44104500000
44109440000
44111527936
44118661392
44126294184
44169567750
44173500000
44185915449
44190066375
44211654656
44225312796
44255232000
44260425216
44260491264
44262156250
44278876800
44292495520
44305947000
44312821760
44322300000
44372643840
44376933888
44384928000
44385952320
44388543616
44392513536
44416512000
44436437500
44439158400
44454380544
44487263575
44512166400
44521331400
44566091136
44578513296
44594296875
44597974680
44598382920
44606598750
44624037888
44631596160
44634240000
44635089408
44636766720
44637880320
44644592772
44660808000
44660948992
44695493766
44717400000
44728407360
44736032250
44779736250
44798791680
44836038000
44845054800
44846151714
44846956000
44856115200
44856446976
44859392000
44870672000
44895938850
44906296482
44946423808
44951306400
44955131936
44955550560
45000000000
45001600000
45014400000
45021662413
45028558575
45032274000
45052716800
45079482825
45152487072
45153599488
45156250000
45168156800
45177216000
45194726304
45216186288
45234450000
45239407200
45250627968
45328964850
45341689302
45370016055
45374942880
45378779264
45396488475
45397807875
45405728550
45416706048
45457337376
45461250000
45492674825
45517494942
45518946304
45523950480
45538633728
45562170888
45562500000
45564120000
45566699360
45575974080
45613345050
45618528000
45630752895
45662904000
45673768080
45677157120
45685555200
45703152000
45711654912
45729375000
45732667392
45743297600
45744112125
45749800512
45758035050
45759873024
45770122125
45790617600
45825228800
45840949248
45842930184
45863287344
45864000000
45864714240
45877145600
45889778240
45891003600
45893587500
45904959100
45905264640
45912102912
45956183328
45968000000
45996053040
46023250000
46030775050
46048946218
46071519936
46080000000
46081008864
46092480000
46118408000
46118545200
46132031250
46136283102
46200375000
46212436305
46240762960
46243656350
46244690181
46260000000
46264780800
46294416000
46298960000
46305000000
46313705340
46337366400
46350488448
46364884992
46384370384
46408359375
46426685760
46429070688
46432256000
46437176448
46438951104
46441651200
46454068912
46455160500
46456648875
46463400468
46484928000
46496632000
46503936000
46511718750
46525473540
46528722432
46530179500
46538440704
46542600000
46589004000
46626606720
46630438400
46643063544
46681421952
46704206250
46717992960
46724832000
46730431680
46747125000
46752041700
46760509440
46764438750
46783948393
46796866116
46828698500
46841970816
46845703125
46847066175
46864396800
46868605056
46884386682
46911674880
46931318000
46932985008
46979072000
46980000000
46984304640
47071580160
47077839900
47078320896
47087422200
47098187500
47147584848
47155547250
47172978450
47173432320
47185920000
47194056000
47230123248
47239200000
47245361152
47251993950
47264113728
47284224000
47286439200
47355147450
47378979648
47385000000
47403225000
47404500000
47414023272
47418418560
47425007520
47428225234
47433600000
47458920600
47460937500
47461421070
47495872512
47514965000
47515200000
47522005344
47571608448
47575203840
47587339800
47589302250
47609856000
47612551168
47638195200
47644669800
47659622400
47682432000
47727785952
47739964167
47753052275
47775744000
47789352000
47794906250
47825107200
47834300800
47845034328
47848011552
47854625000
47869056000
47886785280
47897578125
47903009440
47912555250
47914405632
47952587264
47958750000
47971297280
47988450000
47991166600
48024772224
48039327072
48064731264
48066870150
48074000000
48093402604
48114273375
48147772140
48148764552
48175722000
48204979200
48219767694
48223350000
48223649760
48234375000
48241210500
48275138000
48294792000
48316878848
48318382080
48345897600
48348800000
48371195250
48372940800
48384094500
48400934400
48412800000
48422921040
48425395200
48427561125
48430021500
48434712480
48448143360
48452599808
48460325760
48516674976
48531979440
48559053312
48560512500
48601728000
48613486592
48637578735
48642052608
48652531200
48671001600
48672000000
48676380480
48737894400
48744162180
48752492544
48771072000
48807528000
48807541440
48821463600
48824547552
48828750000
48839041125
48841000000
48858923952
48878137800
48899298240
48909656250
48925581120
48928333824
48941984000
48960000000
48977602560
48984201812
48998773824
49000000000
49000808500
49009212000
49015866312
49017913344
49028207553
49048903800
49057010160
49065984000
49078960128
49085337600
49165893632
49181022720
49200000000
49225725000
49229969724
49233451800
49254771104
49257360000
49261322880
49268010240
49278518107
49293112500
49358362500
49359018462
49374411840
49380710400
49402761408
49419098300
49420119168
49431731895
49443803136
49474345000
49492874340
49510599040
49549500000
49589822592
49592342016
49606502400
49645134000
49662885888
49671562500
49683636144
49692625200
49725000000
49725964800
49734348300
49742877600
49765625000
49769593992
49779878400
49807880640
49817820000
49829057460
49831680000
49838577425
49840128000
49845793792
49853743856
49857160500
49859700000
49905040005
49916250000
49943148858
49948672000
49952107890
49964190000
50000000000
50011178112
50050406250
50062320000
50070834045
50105885557
50116591616
50126438400
50142078000
50145265280
50146836480
50148819792
50156983296
50173180785
50173502274
50191650000
50198940000
50216362560
50221174500
50224250880
50224997376
50235214056
50252593860
50255462400
50262704128
50266008000
50269501568
50283451512
50287910400
50290648200
50322384000
50332763250
50369977008
50440542750
50449218750
50478756064
50502933000
50510747232
50542963200
50543214624
50561690400
50574994380
50577408000
50618568000
50635368000
50638348800
50681363040
50685823440
50688000000
50710966272
50737397760
50753024000
50779187550
50784500000
50792602770
50801669100
50824368000
50844067092
50852812500
50855691250
50857372800
50878406250
50879709360
50884434432
50893471200
50894333100
50895000000
50943880000
50952341088
50969113920
50969580480
50972544000
50996899200
51013447680
51019892000
51028623648
51044129280
51066961920
51070615200
51093603792
51106725600
51143906250
51146295200
51175800000
51229487232
51251300100
51257812500
51262536780
51263513600
51281920000
51302164860
51305235408
51370767000
51380224000
51382080000
51403474848
51409800000
51426482688
51445546875
51449250816
51459235200
51461209800
51525421584
51540000768
51556559600
51559545600
51573296457
51574708800
51602780280
51618498750
51626000520
51627379050
51651115776
51653230848
51660156250
51661209600
51682479786
51693314400
51694970600
51714000000
51744294000
51745559670
51765506325
51795656192
51814434618
51845684800
51861258240
51866892000
51872701440
51883209000
51893562500
51904307520
51904818000
51983904000
51987698880
52000858000
52005896800
52055529984
52056217191
52061377536
52070400000
52073280000
52076227840
52081218000
52123024800
52123500000
52128860112
52137149040
52140441600
52158375360
52172522640
52181470080
52182416682
52195885056
52206766144
52242776064
52243341768
52256422944
52260827526
52285824000
52308064575
52308711000
52315583481
52341608448
52348108800
52349606640
52356780000
52381250000
52396868160
52445309760
52459689100
52462826618
52464777705
52489866240
52516110240
52521861120
52523050320
52536556800
52562109600
52600504320
52643635200
52655036175
52659898200
52668984375
52680458240
52690982400
52727180688
52766022400
52797732750
52812500000
52814212920
52829400000
52839200000
52852500000
52857342720
52903260000
52907904000
52920000000
52920873180
52921881600
52922233224
52965785600
52967260500
52995244032
53003169856
53003481300
53038125000
53063170065
53091612000
53118500864
53133290064
53136000000
53137011200
53139008000
53151397992
53163205632
53188761600
53197948800
53227599216
53236172500
53239791150
53244576000
53248000000
53297820576
53301187500
53323038720
53347790848
53351546880
53352000000
53375112000
53383248450
53384716290
53400111408
53430904800
53445506400
53495769600
53511215625
53531331840
53539504200
53564120064
53577440928
53611096352
53613342720
53615300004
53617075200
53635792000
53637697152
53688295584
53721796050
53735937500
53746906752
53752896125
53762268672
53803245600
53804352000
53816602500
53818214400
53825663619
53826500000
53827338240
53836126578
53839749600
53847097056
53854687500
53879571900
53880000000
53888117400
53892054000
53912014020
53926031250
53933099616
53944565760
53958531250
53981478915
53990000064
53990062425
53993139200
54000000000
54010152000
54029933496
54045627680
54053255340
54073635200
54084867200
54134519400
54136553472
54156211200
54187678080
54201139200
54204756480
54207300546
54241624080
54257112000
54267566274
54287288640
54288200000
54307542528
54328903200
54344908800
54376358400
54382665168
54387774000
54389337600
54392400000
54401059440
54401760000
54414344192
54415872000
54418636800
54421481894
54431184500
54439753158
54472702500
54475786170
54488240625
54494208000
54497530368
54513840640
54570723840
54603104256
54626900224
54632518983
54665000000
54668053440
54680039232
54691000000
54699726060
54709489800
54715131936
54744066432
54755662500
54762224625
54766125000
54782000000
54788668704
54795484800
54810000000
54813265920
54814386744
54824546304
54864843750
54867456000
54872000000
54924146550
54925000000
54932343750
54940485600
54946125000
54952652772
54987741000
55034904925
55037657088
55042965632
55059732000
55067733888
55081439831
55101483360
55125000000
55132812000
55135363500
55148326740
55156264416
55157867730
55164206833
55168953216
55184584000
55185463296
55195263648
55215276480
55227432960
55237998816
55269864000
55271250000
55281366000
55292608800
55306395648
55348596000
55358437500
55365619400
55368837216
55387633275
55405969920
55413198720
55451629350
55457414432
55470000000
55482440400
55490641920
55492387620
55522584000
55558967904
55602892800
55658638125
55666602000
55680000000
55684309248
55707613920
55717134336
55730737152
55730940125
55738368000
55747468350
55747978650
55789495200
55795958400
55805740965
55806727696
55819206716
55826680000
55830568248
55832167944
55835812032
55847232000
55856563200
55925542400
55954517472
55959789600
55999160080
56010528000
56045047500
56063898800
56066025312
56073513600
56076518016
56113281250
56125440000
56141580000
56153274624
56158848000
56160926640
56183400000
56194438200
56226337200
56236032000
56247715440
56250000000
56273437500
56306880000
56307446784
56332458000
56357683200
56451242112
56468689920
56485478400
56491445504
56493407880
56523775104
56539904512
56563284960
56563391394
56571750000
56572362000
56587714560
56595801600
56644934626
56655560000
56655728640
56665461600
56671908480
56714821632
56718678600
56736900000
56756548992
56770336350
56771020800
56788600572
56822333440
56839255200
56844504000
56850736800
56859828585
56861545650
56865557520
56875000000
56899584000
56906260992
56936462976
56942116000
56943697376
56952713610
56953125000
56958374200
57000000000
57048223050
57049320960
57054367552
57066336000
57095112816
57155632128
57165948450
57177414000
57204733950
57245040000
57247926768
57255700500
57265228125
57276104704
57291995072
57303662730
57309074550
57333846016
57338124480
57353887500
57386880000
57390128640
57420438075
57432517506
57437016000
57453784704
57471897600
57491840000
57531801600
57540169984
57562539840
57576960000
57580244176
57656250000
57657927600
57660372000
57681624000
57689840736
57690864000
57692160000
57693576618
57701597184
57763673856
57782466000
57792112875
57800000000
57802752000
57850013184
57859200000
57924921600
57926655360
57940459520
57948072000
57977367084
57977718750
57980462980
57982058496
57999240000
58021075008
58046625000
58050510848
58053127815
58067586140
58084992000
58092187500
58107505248
58120790000
58123671552
58146668544
58147471360
58164510720
58178250000
58187496960
58208772096
58216038400
58218742400
58222943856
58232085000
58250139552
58283258400
58311655137
58313571840
58320000000
58326395400
58344144768
58369896000
58392690048
58402644300
58433906250
58466356956
58477510656
58483150984
58535873125
58538700000
58541956200
58547083500
58552463520
58585756320
58591370250
58597680960
58618161000
58629837312
58639593600
58645729350
58655342592
58666231260
58720256000
58730380800
58745782656
58772127744
58785679260
58812811200
58817664000
58847299875
58857421875
58861670400
58886718750
58890906144
58898000000
58919392064
58928906250
58955137024
58967083728
58982400000
59001406250
59022957056
59057602560
59065691184
59079966400
59088768912
59124510720
59136115500
59191880128
59199455232
59236709168
59254031250
59258796480
59261760000
59295096000
59295272400
59318078274
59361775200
59390296875
59404713984
59408384000
59452409520
59459062500
59464510560
59479031808
59489323776
59511186000
59515688960
59559157450
59571813285
59599350720
59609088000
59648043000
59659960320
59682823200
59691453120
59694519456
59696000000
59707850752
59719680000
59765596800
59781384000
59787112500
59789238264
59794868952
59806292910
59808153600
59821944000
59893350400
59904000000
59907600000
59914169497
59923749600
59940734080
59952213504
59964390720
59973858000
59978900800
60019200000
60038078100
60042007350
60063330176
60116753255
60184250000
60185955690
60189415335
60193125000
60207816942
60229287936
60236288000
60238576320
60259635072
60312106224
60312262500
60319209600
60342409296
60359100480
60381412416
60391708650
60399315900
60401664000
60442200000
60462438400
60466176000
60472688640
60484694400
60524437680
60528651300
60530410500
60615000000
60618323376
60632906400
60649897984
60650483824
60651555840
60673654503
60676128000
60678072000
60687792000
60689993256
60724444176
60734914560
60742281600
60749561184
60762250000
60768506880
60839054640
60842163200
60851289744
60872583200
60877308050
60883872000
60972500000
60987484800
61004316672
61009920000
61010713400
61014653784
61018284096
61019760375
61026829500
61038635840
61063891200
61073654940
61074225000
61079040000
61090767282
61097490000
61097672250
61098893312
61114368000
61123906912
61140242432
61152000000
61152952320
61156976400
61167882240
61177480000
61179009437
61188004800
61191450000
61200000000
61216137216
61222003200
61230252265
61234790400
61236749952
61272391680
61274628576
61290577920
61302979584
61311936000
61328070720
61352272800
61359527250
61386609375
61397651700
61414240500
61440000000
61450593750
61497485280
61515044136
61527065600
61527375000
61532156250
61537462155
61560000000
61591518720
61600500000
61602690240
61618855248
61631642880
61697953125
61725888000
61735357728
61753216000
61783155200
61811276800
61814185938
61822879020
61928885200
61940214000
61942198500
61951200624
61965679776
61977830400
61987161600
61987278240
61990427520
62015177042
62015625000
62026233500
62033964720
62037950464
62047377000
62093304000
62121701376
62126157600
62132355072
62157456000
62159011200
62229772800
62257166352
62261222400
62272275000
62274256380
62296153920
62299776000
62333488000
62377224000
62392656000
62395821488
62395987500
62415481905
62437164552
62460937500
62466271875
62487936000
62491473408
62513972640
62514316800
62525131200
62583917760
62592103782
62619648000
62640000000
62643787008
62645739520
62694000000
62700160000
62713573650
62714939634
62762119218
62762473512
62770453200
62776410112
62783229600
62806091040
62847148320
62854314390
62875375200
62882553825
62888182272
62959027950
62961463296
62974869120
62985600000
62993334272
63000000000
63000312500
63002240000
63008928000
63047389184
63128666250
63141478400
63178704000
63179018280
63185126571
63218750000
63254131200
63280792900
63322676384
63323032122
63325516800
63327562848
63375000000
63392868000
63417876480
63428811264
63454212864
63493488640
63517836096
63524920032
63530460000
63546163200
63555083865
63566015625
63570604032
63576090000
63617030640
63656484480
63667721250
63675857700
63711392400
63723712500
63747313875
63753420800
63766809600
63776196000
63785779560
63789768000
63793062432
63793379104
63813908340
63852281856
63863437500
63867004740
63882000000
63883407000
63887008500
63897724800
63931725312
63943427754
63959006160
63973076992
63984375000
63996814125
64002700800
64012032000
64016875520
64040616640
64078170975
64089160200
64093818880
64134212373
64137055500
64161054720
64207306800
64211883008
64246644000
64324590750
64366080000
64411928595
64503475350
64521142272
64529472000
64532500650
64552051872
64563894720
64566538560
64570081500
64573258320
64591800000
64597500000
64599609375
64600000000
64618713250
64643754240
64659540000
64677216256
64689114000
64694992896
64695309120
64697681664
64700208000
64711872000
64737068144
64777774698
64792166400
64795660776
64866953125
64880384400
64896000000
64944380475
64953900000
64975011840
64998990000
65005158400
65017139200
65028096000
65055191040
65091600000
65095284800
65105000000
65141780704
65144263680
65184676128
65186789850
65194281999
65233797120
65253888000
65304177210
65320722432
65322285600
65326144896
65370943404
65385888750
65398538400
65432592225
65439129600
65445975000
65450531250
65464713216
65470214250
65483538912
65488325760
65498251264
65532317760
65532737664
65536000000
65597004000
65644602400
65664062500
65676344832
65690465967
65720449600
65739423744
65759522400
65767064832
65793544857
65812024616
65844329760
65866483584
65884500000
65908975860
65955840000
65957528000
65985289200
65987854075
66007468800
66009042450
66015627264
66017766150
66030383601
66042805248
66060288000
66083045184
66105414549
66108656250
66119763456
66120000000
66142003200
66150000000
66152791530
66169562368
66246970608
66259848096
66287005200
66302536608
66338469925
66355200000
66375400000
66391900160
66393234375
66395010528
66395756700
66416612580
66423760000
66433024000
66438743280
66445989498
66449307600
66464962200
66474267408
66484800000
66508288000
66521250000
66527690752
66528378000
66535705600
66545215625
66553180200
66590865144
66627100800
66653798400
66654656250
66693473280
66732506100
66761007950
66770614656
66770849600
66794291200
66816000000
66816509760
66818693664
66826905600
66830635008
66879789856
66885000000
66897574380
66909414528
66936056832
66946986000
66953798784
66955150080
66961566000
66968272800
66971500544
66980285408
66988332180
66992184000
67007778816
67075921536
67104048375
67121982936
67149482400
67157766144
67159816192
67166718750
67183830000
67254057000
67280000000
67290787260
67295228000
67312000000
67320167040
67367401920
67377942450
67384068480
67387666500
67398446304
67433325840
67460877792
67463860608
67476263400
67479109632
67486970880
67502848500
67513109664
67515421440
67517798400
67527849555
67547001600
67579855200
67620640634
67629219840
67666015625
67705583400
67737600000
67756050000
67765824000
67792089456
67808597472
67844456064
67859110800
67874625000
67905405216
67944771216
67963392000
67992371200
68001122000
68002019072
68017930240
68024448000
68042419200
68058600192
68062500000
68098867200
68117760000
68118450400
68138366400
68142300800
68169192000
68191875000
68231794302
68241671875
68276250000
68279965416
68319014400
68330558016
68350049040
68355200000
68386862250
68436303936
68445000000
68451160050
68480043840
68494356000
68549320320
68594062500
68601947220
68683988880
68690815965
68714545536
68719738880
68734676250
68753035264
68763898944
68764395276
68780275200
68803707040
68810726400
68824665000
68836505400
68840381250
68853694464
68868154368
68880000000
68885382420
68903451414
68928300000
68935408425
68952000000
68960304000
68965852032
68981829120
68985800000
68994079560
69046162575
69073419327
69089062500
69107712000
69122916864
69139745829
69166895072
69185745000
69204424653
69205500000
69206424000
69207024250
69217948800
69272842275
69314838656
69318115328
69353050500
69363302400
69387645600
69408289588
69441624000
69453062500
69480381285
69515366400
69537686400
69576555576
69629414400
69634517400
69646417920
69657034752
69663753378
69667638950
69681103368
69691829760
69695100702
69726947840
69734507040
69735688020
69736869000
69744948000
69747390050
69752586240
69759144000
69759664128
69764352000
69767578125
69774008395
69782512500
69788210310
69793218560
69856883712
69860044800
69876224640
69932951046
69980651520
70028146944
70056309375
70059670200
70065930240
70095647520
70140508281
70141603968
70156125000
70195299174
70198909200
70243047750
70253705214
70284375000
70290357652
70302907584
70305160016
70312500000
70384308480
70396830000
70396977000
70399180800
70434000000
70470000000
70476456960
70484210000
70537680000
70616759850
70618812250
70637767200
70704106200
70718931549
70719897600
70818522021
70844764320
70846202880
70867992832
70874488048
70875000000
70883737600
70888324500
70898348250
70901043200
70911288000
70921273344
70951608000
70953908256
70971843114
70985750715
70992768000
70994862018
71017523712
71020284192
71023192416
71031184000
71032356864
71077589424
71142337851
71161970688
71179621720
71188504992
71191406250
71193937500
71197967750
71232307200
71234130240
71242592256
71264112336
71309510272
71322048000
71327692800
71344000000
71356759488
71370558000
71383680000
71387578368
71390025000
71410553856
71418826752
71438598400
71456406000
71484063300
71489433600
71503122600
71510386032
71604813280
71652710400
71663616000
71676431820
71702778500
71737660800
71747665920
71767551492
71769341952
71800401024
71803584000
71806250000
71825000000
71828951040
71833502160
71840000000
71850823200
71865775800
71868832875
71875000000
71882324800
71894316384
71904268800
71944716480
71949384000
71975305220
71986749900
71991296000
72000000000
72021986568
72029503392
72042929280
72112517568
72140103906
72161280000
72204592320
72235800000
72236924928
72260812800
72262473216
72277474500
72339481600
72351562500
72376702427
72428121216
72434319360
72471708855
72519116800
72523200000
72553280800
72560861100
72583089840
72584482675
72592025688
72617656320
72621782016
72634381560
72650987500
72666030528
72678846240
72694162944
72696700125
72778679820
72813686400
72828425322
72854073000
72855552000
72900892800
72906718976
72919056384
72933903360
72948133440
73009204632
73013724000
73016299500
73016640000
73083172239
73083451392
73095750000
73103938730
73107701550
73153125000
73156608000
73165192704
73190579400
73211292000
73222059456
73232195400
73232547840
73243125000
73243725120
73254890322
73261500000
73299492000
73312589376
73350696960
73383542784
73412976000
73423645184
73441211760
73466403840
73476302718
73485812736
73497715200
73499738624
73500000000
73515000000
73593684864
73600429896
73604353536
73635868800
73665522000
73673012880
73683095850
73728000000
73728144000
73763389440
73767375360
73778221926
73802624000
73811250000
73832113980
73847592000
73850177700
73918080000
73920600000
73925737600
73935505800
73939898088
73954406400
73989850160
74029655700
74072309760
74090634240
74101928544
74115000000
74131621200
74211517500
74218765104
74240000000
74258600000
74281857408
74291158557
74298580992
74307261600
74330638200
74390400000
74391815680
74394611200
74404906128
74434964175
74439088128
74440757664
74458681344
74499188400
74504664000
74511964800
74520900643
74525454216
74542781250
74547200000
74636328960
74649600000
74652254208
74680704000
74716387200
74719526912
74726730000
74743586190
74768690688
74795400000
74823102000
74852668800
74923407216
74925863936
74925917600
74931240960
74943864576
74988540000
75000806496
75005952000
75013900416
75045355875
75064896000
75074818248
75076595712
75115669376
75117205800
75143577600
75185730000
75210521760
75288813600
75289500000
75297242384
75313971200
75324543840
75339875520
75343243500
75348984375
75390132780
75418890625
75445521552
75454326112
75497472000
75522392064
75526401508
75538008000
75582720000
75584510496
75603190320
75660814125
75663878752
75690000000
75694694400
75718134096
75726000000
75740184000
75762191232
75799461888
75813104780
75814821936
75815394200
75816000000
75862491570
75886659072
75934272960
75961800000
75972124800
75996536850
76030880000
76122946800
76139743680
76159668096
76161483216
76221264600
76231471680
76235721536
76236552000
76236778800
76240489248
76261783500
76266100638
76268317230
76283536875
76294140625
76298294800
76329864000
76341499650
76377489408
76382208000
76392287136
76404883640
76424435952
76446231840
76471850000
76508774400
76520171520
76527504000
76560584100
76576690008
76579616484
76590489600
76611511368
76618856448
76660742500
76665232512
76713678720
76715859375
76724298000
76735058400
76752000000
76785866560
76820800000
76841481600
76866933325
76875000000
76876950150
76893805170
76895000000
76930891776
77003362800
77014476000
77021049600
77036435424
77043288000
77056150500
77064000000
77070336000
77083624800
77107968000
77137402896
77142076704
77151370000
77157360000
77191814700
77207657436
77227862400
77250814080
77309411328
77311124352
77318406144
77379750000
77384927232
77394297393
77395294080
77395500000
77396705280
77402752000
77404170420
77426218688
77439000780
77441068575
77446656000
77456250000
77476673664
77480172000
77484097800
77488034400
77490234375
77516338554
77547870720
77568357888
77571000000
77577846784
77618339505
77642780000
77665443840
77667532800
77686898688
77696820000
77737420800
77750599680
77763765625
77771075940
77791104000
77802369920
77820125976
77824813500
77840343750
77863321600
77863500000
77884052800
77922954304
77929453539
77933242800
77934182400
77985555648
77986989045
77990659488
77994776860
78014664000
78041677824
78046455690
78092066304
78093750000
78097219200
78097510400
78114341760
78121827000
78125000000
78142465800
78194305800
78199188480
78205020480
78225638400
78238110600
78273625023
78283968750
78290534400
78307174400
78370286400
78371384000
78403946112
78414972480
78445152324
78452633600
78452736000
78463066500
78476562500
78478246080
78505251840
78523086850
78535475200
78543628800
78571875000
78575616000
78588994176
78598212000
78675968000
78697590000
78701058000
78706245888
78732964224
78760836000
78773522880
78806479500
78807040000
78829632000
78857603460
78865441200
78878966400
78885507717
78916099392
78952500000
78962842224
78973380000
78973772850
78976384128
79009136640
79030697600
79090771032
79093039104
79144187500
79144322400
79149033600
79168962600
79188598944
79196599125
79200450000
79222800384
79278750000
79286014080
79292060082
79317784000
79318020096
79378432000
79396992000
79406150040
79413075000
79416681250
79425051552
79450890750
79473139200
79530724000
79539088922
79561543680
79567200000
79607079936
79625000000
79637418000
79639240500
79642141920
79644600000
79670159712
79692609024
79706833920
79708512000
79726491936
79732224450
79733799054
79734375000
79741723880
79742107648
79744204800
79787020950
79824265312
79834248000
79848064008
79854258750
79870758912
79879640064
79935024960
79951781250
80021094400
80025600000
80026419200
80032167936
80041500000
80050770800
80055861248
80056547802
80077074435
80113334472
80133580800
80143056000
80198793675
80199288000
80262000000
80277089256
80324475392
80325000000
80333676800
80341632000
80346180096
80348184576
80372749600
80404150176
80425612800
80438256096
80449538580
80465037120
80510976000
80549251200
80568097632
80585482500
80648024064
80650800000
80651427840
80704868400
80759926368
80782031250
80820000000
80830807200
80859375000
80867615400
80868741120
80875590237
80919991008
80937796875
80942512000
80995075200
80999414912
81002880000
81015228000
81026748684
81043380000
81097317504
81161103842
81178496000
81181900800
81198936000
81232351200
81266928750
81268164432
81281250000
81296530875
81342536496
81364500000
81369106000
81418521600
81454356376
81536000000
81537269760
81537345344
81547223040
81550582272
81573072100
81584006400
81588600000
81608529024
81621516288
81639000576
81664623040
81713679255
81714750000
81717854400
81734950176
81761683600
81770760960
81783668736
81796260375
81807468750
81816072975
81851212638
81911606400
81915922080
81945796500
81950222375
81973330625
82000000000
82002585600
82020058848
82067266125
82071589600
82083463776
82092228608
82095431040
82095600000
82113350400
82132315200
82132723764
82134000000
82197932544
82212782544
82265030770
82274940000
82301184000
82337782149
82337935680
82362703500
82386219825
82398515625
82406338560
82446585856
82452183968
82524812500
82589598000
82596796416
82597600800
82601600832
82629476352
82667713536
82687500000
82707633792
82711952960
82806060240
82817452900
82824810120
82966464000
82995495264
83020765725
83025000000
83029700000
83046600000
83047219200
83052800000
83053111050
83091808800
83092834260
83151188750
83182733568
83233373328
83238581430
83284605000
83299995648
83310633216
83317248000
83321964544
83351153952
83378172150
83394415258
83429676000
83439091008
83444256000
83520000000
83544064000
83594972160
83598508032
83607552000
83682825624
83693937600
83710972800
83715324000
83728810074
83759370624
83770848000
83776680000
83850690560
83864883168
83874728448
83886732800
83897856000
83900140632
83902478670
83912495616
83927812500
83943644328
83962850400
84035250000
84036880512
84067571250
84129865920
84163454557
84168916992
84169921875
84206334375
84214080000
84248057880
84255837120
84260337966
84324924450
84359375100
84364280000
84367321632
84375000000
84390862500
84396032000
84410156250
84422118375
84458059904
84491574336
84501394250
84571748352
84619080000
84641094720
84673397088
84728217600
84728844288
84728954880
84740111820
84752537625
84807390720
84866745600
84901072104
84906931077
84932706816
84967401939
84970045440
85022412800
85089846391
85141929600
85147200000
85174676496
85177876000
85182900858
85258882800
85286919816
85316861952
85339800000
85349956770
85353153408
85380635648
85399142400
85413197520
85413888000
85437561300
85452213600
85454090176
85503116916
85510656000
85519533824
85536486000
85617945000
85648472000
85663206720
85698843750
85728706560
85742257914
85748751360
85766121000
85777766046
85781348352
85794254546
85806809088
85820312500
85835581650
85871250000
85893181920
85899345920
85923457425
85930151832
85955494095
85995000000
86004633800
86016168000
86025522528
86030831250
86085192960
86096479392
86152447017
86156495618
86220987840
86225416992
86227286400
86242599450
86243766336
86259222432
86348335104
86370366264
86403646080
86435430400
86454502400
86477625000
86482181250
86485208544
86528000000
86610997248
86612530095
86615231040
86637276000
86643928125
86646164800
86691313125
86698652697
86704128000
86768962560
86784000000
86786598528
86795291250
86802569568
86811379200
86871708000
86881433520
86925234375
86951854080
86975741952
87014031360
87043146750
87050035800
87096789486
87101379210
87112807600
87161257872
87171086250
87181185000
87198051200
87213680262
87222145024
87243456300
87250030875
87267375000
87277702500
87364500314
87417912960
87430014000
87445008000
87483110400
87519561696
87531321600
87535183680
87536435200
87555000000
87555686400
87559800432
87578116096
87580864800
87603966450
87619559400
87632200000
87646104000
87672775680
87704726400
87714666624
87724726476
87733186560
87753703050
87756045696
87783750000
87817672800
87838732800
87878634480
87887055375
87890625000
87913800000
87928527456
87980385600
87996040146
88003843200
88008634350
88137521472
88159684608
88173121536
88189337600
88203136000
88214062500
88237322784
88247236000
88261871616
88276317696
88330375584
88339135500
88352409600
88371830898
88380132750
88393359375
88450252800
88450625592
88482958200
88502109375
88506240165
88509884544
88510464000
88524312500
88560000000
88584991040
88593110060
88611894000
88659522000
88663248000
88682418432
88750178304
88753867776
88771904640
88787820192
88819537500
88829700960
88846927488
88852433625
88872875000
88885162080
88890884096
88902920925
88919244800
88974527150
88977117411
89006526000
89119078272
89121093750
89123291136
89147449300
89174577856
89188593750
89195949360
89196765840
89248075776
89263192320
89273533440
89274251250
89276659264
89282088000
89289185544
89292800000
89305675200
89338736175
89376566400
89390987532
89472064500
89493913600
89518742300
89523532800
89542608624
89550826560
89603781120
89656863296
89672076000
89690328000
89690996736
89697024000
89709439365
89731346432
89817523920
89820057600
89869717619
89887449600
89907609600
89911101120
89932876800
89952768000
89965484406
89969131525
89980913232
89996344704
90004758517
90023731200
90043324826
90057117150
90064548000
90112176000
90112512000
90123840000
90158965650
90187562500
90227589120
90261477504
90274111200
90298457600
90336313600
90341260800
90354432000
90389452608
90402561648
90421067776
90463300200
90478814400
90566662221
90573491008
90617856000
90623812500
90642576960
90657072000
90657929700
90673938432
90678970368
90681047424
90711824016
90740032110
90749885760
90757558528
90757800000
90792976950
90795615750
90813734375
90826171875
90832218750
90922500000
90931200000
90950058225
90975725736
90983148256
90984892032
90985349650
90994467200
91005054976
91005173760
91007221760
91024876800
91067591250
91101780000
91113422400
91125000000
91133398720
91140588000
91142131500
91147714560
91223496000
91255411968
91261505790
91268213400
91293227280
91325808000
91352000000
91354314240
91367078400
91374243840
91389323025
91397945344
91458750000
91465334784
91488224250
91540244250
91611337500
91624365000
91626143744
91636150923
91683656064
91685860368
91699776000
91759941504
91766220000
91782007200
91787175000
91804455925
91824205824
91872522000
91879432704
91902600000
91936000000
91948255360
91982364672
91992106080
92020500000
92058867225
92061550100
92063331360
92097892436
92154821850
92160000000
92172681216
92227714560
92272566204
92290142475
92338176000
92365000000
92379404880
92411685000
92424872610
92448345600
92450000000
92480000000
92487312700
92489380362
92500349760
92542852512
92580705000
92588832000
92591869500
92598233728
92598279840
92609361504
92613908142
92627410680
92640153600
92643786752
92677079040
92716748800
92768740768
92781725400
92805741600
92816718750
92854819200
92874600000
92876046336
92885004504
92897461440
92908137824
92910321000
92913297750
92926800936
92948480000
92969856000
92993264000
93023437500
93050947080
93055555296
93059686720
93121002000
93142007406
93218688000
93253213440
93312000000
93315317760
93322232640
93360405600
93368350944
93370862592
93408412500
93449664000
93504083400
93534199200
93567896786
93569300000
93571027200
93584386854
93593732232
93598080000
93601544400
93654000000
93657397000
93667129920
93691406250
93694132350
93701075454
93726720000
93737210112
93774142000
93787293600
93823349760
93826775007
93862636000
93865970016
93887430000
93910540752
93924943200
93925000000
93960000000
93968609280
94037112000
94037885712
94037890625
94050240000
94057086816
94057362000
94058496000
94092613200
94142464000
94155679800
94191026355
94232419848
94248233856
94286250000
94311094500
94334805954
94345956900
94394880000
94478400000
94481759232
94488468750
94523187200
94528998432
94544819200
94594248320
94594500000
94629124152
94647667620
94697988000
94702943664
94715284905
94735408950
94766380975
94806450000
94814074368
94828046544
94842141840
94843552976
94856450468
94884668736
94889088000
94893244416
94922842140
94941015625
94946904000
94950792000
95000000000
95026151424
95029930000
95082201600
95103590400
95120000000
95171910822
95178604500
95194569600
95225102336
95259386880
95307014880
95312084400
95314901256
95319244800
95341068900
95364864000
95384272896
95437633536
95452156800
95455936512
95479928334
95506104550
95551488000
95589812500
95644800000
95650214400
95659380000
95690068656
95709250000
95726629440
95738112000
95747896400
95751480888
95756307840
95773570560
95795156250
95801097600
95825110500
95840718750
95846400000
95905174528
95909806080
95917500000
95925176802
95954625000
95969048448
95982333200
96000000000
96018048000
96032784384
96063926400
96092489322
96115042816
96136040000
96139153125
96157584432
96186805208
96207634432
96228546750
96288702048
96295544280
96303064536
96410714400
96416688640
96418599642
96429905936
96432000000
96436224000
96446443392
96446700000
96460968960
96468750000
96482421000
96486886125
96497500000
96509571795
96512000000
96526691712
96534787500
96574560768
96580120000
96636764160
96697600000
96742390500
96750000000
96778424160
96786192384
96824000000
96845842080
96847833600
96855122250
96860043000
96865554240
96872785920
96911114240
96928069875
96932560896
96940851200
97011281250
97029900000
97081804800
97083565920
97100218368
97121025000
97123795200
97229611008
97240241280
97270032600
97275157470
97282129824
97299180000
97305062400
97332232192
97443490144
97474113234
97476199632
97476935400
97504985088
97506361035
97537500000
97542144000
97568561664
97617141440
97642927200
97657500000
97658228016
97678082250
97682000000
97683611753
97695517500
97706293902
97710505984
97717119552
97717847904
97844723712
97851031168
97854681600
97883968000
97920405576
97921906992
97923168000
97955205120
97968403624
97999994880
98000000000
98018424000
98021352000
98056415106
98078833125
98112191625
98124913152
98146713600
98175796875
98203336704
98205696000
98227302912
98244127800
98248464000
98278472880
98280345600
98283494400
98375634000
98402496192
98415000000
98433502020
98451450000
98459939448
98461468800
98462239200
98465624656
98466903600
98487500800
98525528064
98557036214
98580674400
98586225000
98659360800
98677894000
98682845184
98716725000
98769600000
98863463790
98865000000
98867482624
98902211232
98916606432
98948690000
98985748680
99081539280
99090432000
99107517600
99125208000
99246618900
99254343552
99257687550
99266343750
99390375000
99401610375
99437966496
99472823469
99531250000
99539187984
99549050625
99635640000
99638810208
99658114920
99671512500
99677154850
99691587584
99743757696
99795312500
99810080010
99824874336
99846000000
99864771048
99878400000
99904215780
99937152000
100022356224
100060474500
100141668090
100172995650
100191436800
100211771114
100233183232
100237500000
100246738592
100270080000
100291774050
100304568000
100313966592
100346361570
100397627200
100410710400
100411084800
100432725120
100436541440
100446732288
100467660800
100509551168
100560531456
100575820800
100624719104
100635254720
100665526500
100669440000
100680652800
100752710544
100763208000
100787814400
100798488144
100814284800
100860100992
100881085500
100885216500
100898437500
100926259200
100952623200
100957512128
100958400000
100984665600
101005866000
101025792000
101030538960
101054844000
101062500000
101085926400
101086429248
101089667952
101149988760
101154816000
101224857600
101276073360
101352384000
101371646880
101398424400
101438938656
101449728000
101460392397
101468602368
101556655200
101569000000
101581593750
101585205540
101587781250
101628352800
101648736000
101667785472
101673861120
101687705600
101688134184
101705625000
101711382500
101763043200
101787249024
101788666200
101829150000
101845782528
101865351168
101938227840
101980008000
101981229025
102009435264
102026895360
102057984000
102102253344
102150963200
102161128608
102171632640
102187207584
102196152421
102280200192
102287812500
102316124673
102375000000
102379929600
102390966000
102394902600
102400000000
102432826638
102472499547
102514884498
102525073560
102542656320
102600000000
102619288800
102665904705
102688777728
102690975744
102741534000
102760448000
102785536000
102792499200
102891093750
102891110400
102922419600
102971143264
103059085752
103079215104
103146592914
103194000000
103205560560
103211652544
103227875091
103252001040
103254758100
103260571875
103262208000
103274325504
103275000000
103286157975
103296384000
103302231552
103306461696
103320312500
103348244736
103359375000
103364959572
103389941200
103428000000
103430006784
103491119340
103511588445
103514112000
103531012650
103564832000
103628869236
103638528000
103680000000
103726887936
103733084160
103766418000
103784522400
103787125000
103809636000
103810536375
103826923200
103861721600
103866042825
103939453125
103950843750
103962040000
103982652060
103987760000
104068944000
104088305664
104112434382
104112750592
104146560000
104151121920
104152455680
104162436000
104179593750
104259074400
104335016544
104364833364
104366080000
104426156250
104441594400
104542651053
104556108800
104577567744
104582048400
104616129150
104617422000
104631166962
104638461200
104664268800
104665448448
104682315465
104692903875
104696119296
104699213280
104762500000
104832000000
104893698816
104925653236
104929555410
105017753232
105046100640
105130872000
105132983125
105292948761
105301289600
105310072350
105337968750
105364571625
105378373008
105413504000
105435536478
105454361376
105520615200
105532044800
105595465500
105625000000
105626851200
105628425840
105683056128
105705000000
105714685440
105815808000
105840000000
105859897920
105863060160
105925139775
105928218375
105946699950
106010568126
106033780944
106062151680
106076250000
106081750320
106092029472
106094140800
106126340130
106183224000
106266580128
106273753488
106278016000
106288200000
106301989248
106303684608
106311732072
106325606400
106338386304
106343939520
106411494312
106420469760
106424119296
106434000000
106443232000
106472345000
106485088320
106489152000
106497757184
106547118080
106552875520
106558526322
106572125520
106595280000
106612716672
106646077440
106671168000
106750224000
106766496900
106769432580
106774200000
106775644122
106784565894
106796951625
106858906000
106861809600
106903180800
106908671250
106910824320
106931724900
106944540001
106980864000
107014337136
107022431250
107036119008
107079008400
107128240128
107181331488
107200699232
107226685440
107230600008
107234150400
107257389184
107275394304
107276800000
107332711200
107366477400
107399150208
107443592100
107505792250
107522354016
107549120000
107574854400
107606491200
107614980000
107651327238
107653000000
107665259616
107672253156
107672906250
107709375000
107760000000
107784108000
107808030720
107824028040
107833680000
107868672000
107893321344
107909880000
107917062500
107945164800
107962021440
107962957830
107970054500
107980124850
108001782000
108004557600
108044559288
108059866992
108106510680
108169734400
108184731648
108190038285
108246597632
108288720896
108312422400
108328933440
108331650000
108334498272
108374910336
108380160000
108414601092
108477532800
108483248160
108509184000
108528672875
108590689152
108599400000
108667370880
108722995200
108751500000
108753860736
108775548000
108778675200
108784800000
108800000000
108822528000
108828688384
108842963788
108864212625
108902102400
108907545600
108923317888
108928466944
108951572340
108976481250
108979948665
108988416000
109027681280
109106539920
109114387200
109139231520
109172800512
109177626272
109182976000
109195997184
109265037966
109312213500
109322846208
109328340000
109360078464
109372050000
109418979600
109478863872
109510298352
109512000000
109514814264
109524449250
109599204000
109620000000
109622329344
109655908095
109722600000
109734912000
109763115552
109780961472
109848293100
109863281250
109864687500
109870651800
109905305544
109907352576
109926400000
109955367600
109975482000
110005862400
110011031312
110054318976
110069809850
110085931264
110102188032
110119464000
110135467776
110137104000
110138408640
110162879662
110214454077
110216401920
110216611872
110250000000
110251819125
110265624000
110296653480
110314397016
110315735460
110323040256
110328413666
110329856000
110335024800
110360033550
110361484800
110411617680
110562732000
110565000000
110582243280
110644062500
110682000000
110697192000
110731238800
110775266550
110808000000
110864000000
110880630000
110914828864
110964880800
110981283840
110984775240
110993251200
111002205600
111008378880
111015899136
111102700032
111127500000
111155788800
111168610056
111192971175
111205785600
111317276250
111360000000
111415227840
111434268672
111461880250
111475000000
111494936700
111498998688
111513600000
111515690880
111516496875
111537000000
111560094720
111577100832
111578990400
111591916800
111604137984
111611481930
111612119056
111614630400
111638413432
111680933120
111753561600
111793500000
111795240960
111802264875
111821018400
111850018560
111957552000
111972656250
111974400000
111999740017
112021056000
112036265856
112057801856
112090095000
112095472320
112115379285
112133077056
112139596800
112178008800
112226562500
112230000000
112239847125
112249800000
112265741205
112287385600
112306421760
112306780800
112410018000
112434796320
112452544512
112469500000
112478284800
112495430880
112500000000
112521849440
112525702400
112571596800
112614893568
112675808700
112687848000
112762331136
112819675500
112920392000
112935513600
112947330600
112960272384
112970956800
112986815760
112992588800
113029231626
113054069817
113126569920
113189304800
113195520000
113210317440
113289602262
113289869252
113353924608
113354223255
113386291200
113404032000
113431000320
113446948160
113460732000
113515836966
113535000000
113540672700
113565670400
113577201144
113578221120
113616230400
113639424000
113678510400
113719657170
113721753600
113731115040
113778000000
113793737355
113846584320
113887394752
113905427220
113916748400
113936284800
113959224000
114005200896
114060506560
114094768128
114192892800
114248867200
114265125000
114288279552
114311264256
114349097088
114354828000
114399150957
114404996160
114409467900
114443320500
114447442200
114512249475
114519986192
114530456250
114550920900
114581672064
114607325460
114628914400
114682290912
114707775000
114735852000
114756157440
114779549808
114780257280
114791256000
114799234176
114800000000
114840876150
114930342800
114933603456
114943795200
114958690560
114985241280
114990132600
115042200000
115046316000
115079119584
115119014400
115160488352
115179520000
115184916000
115195462200
115200000000
115204861440
115226562500
115237715968
115273109952
115312500000
115316136000
115330078125
115340707755
115362693369
115368873984
115403476032
115407618480
115460163072
115482931200
115527347712
115539333120
115564932000
115583850000
115584225750
115600000000
115605504000
115609140875
115615500000
115727055000
115737984000
115784263350
115796734144
115804687500
115813745664
115835040000
115843416000
115858944000
115954734168
115965886464
116025000000
116043094800
116106255630
116118100800
116135172280
116153049600
116192574225
116215010496
116235000000
116241580000
116293500000
116293632000
116313683850
116356500000
116417101824
116428139520
116437484800
116440405200
116445887712
116460374400
116461247552
116471250000
116494453125
116498165760
116580777984
116602085600
116607658860
116611231264
116623310274
116634419200
116640000000
116651830941
116663747200
116694245376
116755610400
116760515625
116776550400
116785840500
116820983808
116867812500
116911096875
116923909050
116932713912
116955021312
116966301968
116992886400
116998182000
117009285120
117069235200
117071746250
117104927040
117121944192
117171512640
117180756000
117182740500
117189960192
117204757376
117210966705
117236322000
117269514747
117287352000
117328386816
117390966784
117411465600
117418896000
117420834816
117463470138
117546246144
117595696725
117625622400
117694599750
117714843750
117773437500
117784630275
117796000000
117850200000
117857812500
117858410208
117863378640
117866496000
117878986368
117899712000
117917614080
117964800000
117977067648
118002812500
118074607200
118098000000
118121814000
118129984875
118131382368
118153958769
118156147200
118202122240
118272231000
118296809280
118367140320
118383760256
118466712000
118473129984
118482632064
118515695616
118535058180
118570563085
118590192000
118608172800
118636156548
118636749824
118716281250
118720512000
118730347008
118755000000
118773520560
118780593750
118828125000
118828195200
118918125000
118929021120
119031377920
119032335000
119118314900
119125021875
119143626570
119156244480
119162600784
119212500000
119212891776
119296086000
119304880128
119313423424
119410200000
119421184000
119480025600
119487265625
119489939478
119531250000
119562768000
119574225000
119578476528
119601562500
119612585820
119672640000
119716963200
119800296000
119806483104
119823860640
119828338994
119881468160
119907860800
119927101824
119928489408
120020189184
120026300416
120031641600
120038400000
120048251904
120076156200
120113022096
120187529280
120225983696
120233506510
120268800000
120276000000
120365481600
120369430350
120371911380
120378830670
120386250000
120472576000
120519270144
120558375000
120569765625
120624212448
120638419200
120718200960
120723865600
120736686000
120795955200
120860812800
120905859375
120915849600
120932352000
120965104512
120971804672
120978466700
120989983824
121022748000
121036303360
121057302600
121065104384
121075053750
121101562500
121109625000
121131410400
121156938240
121173046875
121230000000
121248264150
121250005488
121289062500
121291323264
121300967648
121304630720
121347309006
121352256000
121367838375
121401281250
121476547584
121484563200
121501488000
121527758592
121542859375
121690951200
121693832500
121754616100
121766911200
121767744000
121773618000
121852430700
121875000000
121909037184
121940447453
121941987840
121945000000
121954023360
122000256000
122021426800
122036568192
122039520750
122053659000
122070312500
122127782400
122145587200
122148450000
122181534564
122195344500
122247813824
122248245600
122259359040
122305904640
122313952800
122354960000
122358018874
122376009600
122382900000
122385078144
122400000000
122432274432
122453572500
122460504530
122470165125
122476354560
122539665780
122544783360
122549257152
122556750624
122595840000
122604422850
122656141440
122705528832
122719054500
122730577920
122734510080
122736889440
122773218750
122825000000
122945625600
122972516832
123023473920
123030088272
123035643500
123074924310
123211874304
123257344000
123306405300
123354316800
123388776576
123395906250
123397546155
123451776000
123484390400
123550297920
123566310400
123628781250
123635532800
123697941840
123714827600
123732185850
123785625600
123834728448
123846672672
123862863872
123884397000
123902401248
123974556480
123980855040
123980925024
123984000000
124030354084
124031250000
124054567875
124067929440
124094754000
124097802240
124189343208
124212431200
124216934400
124245576000
124260626688
124276695841
124314912000
124344336384
124369437500
124414056000
124423984980
124433721504
124439226912
124441088000
124444687500
124488000000
124541426880
124544550000
124547824544
124565080500
124572643650
124609136400
124664015520
124745062500
124750119168
124779182472
124791642976
124810795296
124830963810
124857872145
124874329104
124898476500
124932543750
124982946816
125008000000
125027945280
125091622887
125097110775
125110889280
125127659520
125128032768
125158250000
125180976960
125280000000
125291479040
125326542384
125371157184
125400320000
125429879268
125433755685
125445293568
125508506112
125515358800
125522112672
125540906400
125575833600
125588035140
125593215111
125618778558
125708628780
125765107650
125777204352
125844480000
125899594704
125939088000
125945576448
126000000000
126017856000
126023688000
126038476494
126101356875
126118674432
126172165536
126173376000
126270318720
126318624768
126357408000
126358036560
126364492800
126370253142
126414618624
126426562560
126437485950
126468286592
126477765120
126505693600
126599928000
126670340160
126714558600
126752091375
126758732672
126804787200
126871578000
126899607744
126935805360
126981506925
127036044954
127092326400
127110167730
127132031250
127139228125
127234061280
127295815680
127296000000
127298469888
127309644000
127335442500
127374059920
127401984000
127402102100
127410110464
127422784800
127423951200
127427757600
127464192000
127494627750
127514624000
127520575776
127533619200
127571558400
127571559120
127577410560
127586758208
127588780800
127616383872
127627816680
127650837600
127734796800
127766814000
127774017000
127774351287
127786982400
127787130000
127896039936
127924436992
127993628250
128002802400
128024064000
128123319096
128156341950
128185537500
128218152960
128223168480
128260454400
128268424746
128274111000
128493288000
128524500000
128625000000
128649181500
128719261728
128727557504
128751356800
128785140000
128800752318
128815419744
128823296875
128823857190
128888663904
128963016000
128974878720
128992156800
129046246875
129065001300
129069735120
129077348400
129127789440
129177600000
129193953504
129199218750
129206199465
129237426500
129246451200
129285000000
129287508480
129311769600
129331166832
129388184640
129389985792
129394821654
129536086545
129546355968
129552696000
129591321552
129678374952
129726562500
129733906250
129760768800
129802995072
129837427200
129866547200
129888760950
129890304000
129926725632
129958574850
129960000000
129969247200
129975926080
130000000000
130010548500
130050000000
130056192000
130110382080
130183200000
130190569600
130203832320
130210000000
130211066880
130310208000
130369402800
130373579700
130388563998
130395938400
130456041705
130459631616
130501562500
130521485120
130604906250
130606940160
130608354420
130641444864
130649561712
130652068815
130711781376
130741886808
130754560000
130771777500
130795300944
130806000000
130821923232
130833217536
130838198400
130865184450
130874016600
130891950000
130901062500
130940428500
130944577536
130992170400
131022191250
131037312000
131094600000
131139993600
131157066545
131184424800
131217408000
131221607040
131289204800
131304687500
131307625800
131380931934
131440899200
131452915500
131480377600
131501260800
131587089714
131624049232
131625000000
131627306880
131680306800
131692392000
131729658480
131817951720
131819187500
131821731840
131835937500
131850676125
131957862400
131975708150
131988424320
132018084900
132031254528
132056870400
132060767202
132070244352
132084594000
132120576000
132143356800
132152832000
132153344000
132171202639
132210829098
132217312500
132305583060
132328320000
132334583808
132339124736
132437412072
132511680000
132519696192
132520500000
132634963968
132651719200
132676939850
132678000000
132710659200
132765696000
132781275648
132781473792
132783599520
132786468750
132833225160
132847520000
132877486560
132878494980
132938465280
132948534816
132976230400
133000000000
133042500000
133090431250
133117931520
133132733440
133154784000
133165630848
133307596800
133317475200
133363141632
133370256213
133387213050
133429820832
133442575200
133458121125
133465012200
133513142400
133522015900
133536499200
133563994200
133588582400
133637387328
133691521568
133755117912
133782890625
133795148760
133821450000
133900168500
133902720000
133905268224
133908645312
133910300160
133923132000
133960570816
133982846976
134014328847
134019704000
134033356800
134094242880
134185222080
134208096750
134217728000
134221824000
134254746000
134333437500
134373888000
134396375040
134480000000
134508114000
134535164400
134538455142
134540868000
134568345600
134569340928
134578176000
134590316445
134607785472
134612016000
134640557667
134706554983
134730135000
134755884900
134774391808
134775333000
134780035050
134796892608
134799261696
134853919200
134865395808
134866651680
134896343400
134915704704
135004800000
135005697000
135039923200
135043200000
135045356544
135055699110
135074833740
135085675725
135113400513
135133138350
135158150400
135212168000
135241281268
135294467616
135332031250
135460798464
135475104960
135475200000
135504470400
135531648000
135584178912
135604060200
135628992000
135648558864
135688912128
135718221600
135749250000
135822500000
135905327712
135926784000
135929004032
135952072704
136035860480
136136337792
136185220458
136189465425
136276732800
136284601600
136357805376
136372012128
136383750000
136478024475
136483343750
136483654104
136495756800
136552484826
136661116032
136686512664
136700098080
136727922240
136773724500
136826000000
136855584000
136988712000
136996554240
137021304240
137030656000
137035966860
137106455200
137107427328
137170000000
137188125000
137203894440
137215918080
137229892800
137274105150
137310366375
137381631930
137469352500
137475686400
137522847744
137528790552
137530739808
137547849600
137589862032
137592000000
137592483840
137594142720
137607414080
137631436800
137669334720
137673010800
137680762500
137714877300
137715793920
137736308736
137772920896
137856600000
137870816850
137904000000
137926800000
137931704064
137963658240
137988159120
138038191200
138092325150
138146838654
138173400288
138178125000
138214559808
138243026592
138277440000
138279491658
138319650000
138325825440
138355224000
138364200000
138399210000
138408849306
138414048500
138435897600
138444800000
138545684550
138574416384
138580048152
138601125000
138677918400
138706101000
138722288880
138730969050
138816579176
138883248000
138896880000
138906125000
138960762570
139012099200
139051465344
139087872000
139094654976
139143470544
139145986000
139153111152
139257067536
139280057280
139287212064
139296768000
139311529344
139322520832
139324953600
139330846720
139335277900
139368670875
139369946625
139390201404
139453059200
139462065792
139473738000
139489896000
139494780100
139505172480
139511808000
139535156250
139540117500
139548016790
139559025375
139576420620
139580419860
139586167296
139590538500
139627800000
139757529925
139767012000
139784400000
139836858125
139850552309
139891315200
140044265856
140056293888
140088848900
140112618750
140153978880
140191295040
140233766400
140276441088
140281016562
140281528320
140284872000
140286116432
140307631200
140312250000
140378112000
140390598348
140458500000
140486095500
140556678080
140568750000
140580715304
140605815168
140619288600
140634000000
140768616960
140793954000
140798955024
140889356608
140937216000
140940000000
140952913920
141102940160
141214740480
141215033961
141233519700
141234962688
141237624500
141257818242
141262266600
141282918400
141309437760
141341760000
141345651200
141408478485
141425507925
141437863098
141442754544
141476781600
141518326950
141521079700
141526080000
141572733120
141582168000
141582589200
141609984264
141637044042
141684940800
141692405760
141735985664
141736083456
141748976096
141750703125
141767475200
141776649000
141792341184
141796696500
141809062500
141852672000
141971501430
142017490000
142035047424
142155000000
142163893800
142213500000
142255255680
142284675702
142341157440
142343405568
142359243440
142382812500
142395935500
142487617536
142544895000
142545600000
142600192000
142713518976
142714825344
142725611520
142741116000
142780050000
142805000000
142821107712
142837653504
142898580000
142914585600
142958160441
142968126600
142978867200
143006245200
143011348480
143061184000
143259156825
143345311200
143352863640
143360703792
143384718750
143472459776
143475321600
143502902400
143504524800
143535102984
143538683904
143563875000
143597812500
143604252000
143612500000
143640000000
143646061608
143667004320
143680000000
143705250000
143709028320
143731551600
143732266587
143737665750
143857761792
143906349600
143913891840
143950610440
143973499800
144000000000
144074316672
144117981216
144169469136
144194193792
144200610450
144222000000
144351662080
144527166000
144586586144
144614937600
144640000000
144670949280
144694327050
144733165200
144741280320
144753404854
144794028600
144802389200
144825414000
144842784768
144857525472
144884376000
144900444325
144943417710
144945900000
144950636544
144955146240
145023385600
145038233600
145046400000
145152283500
145168965350
145199817216
145202803200
145238400000
145268763120
145276185600
145301975000
145344430080
145357799424
145393400250
145407726720
145546856000
145582864000
145654200000
145656850644
145708146000
145742187500
145800000000
145805184000
145813437952
145840459776
145926157824
146013004800
146016000000
146018409264
146027448000
146029141440
146112512000
146166344478
146191111040
146193776640
146207877460
146213683200
146250000000
146313216000
146318501250
146414867760
146422584000
146444944842
146464390800
146486250000
146509780644
146552435568
146598984000
146785001472
146825952000
146847290368
146873671875
146895869120
146901377574
146952605436
146982062500
146987920080
146996321472
147000000000
147002425500
147084622659
147088141200
147128057856
147146711400
147171030480
147380032800
147497680896
147503667168
147592972800
147600000000
147622500000
147664227960
147700355400
147759539200
147764313312
147767583600
147772080000
147804030720
147875000000
147879337500
147916963840
147979700320
147993108480
148049501600
148054495680
148059311400
148077055386
148078212480
148104367488
148135078125
148208284224
148257294900
148295195685
148310932608
148331409408
148360612500
148423035000
148450760640
148480000000
148531797120
148582317114
148620492800
148635938304
148733384800
148769467776
148789222400
148819507200
148837104000
148869928350
148998376800
148999934336
149041801286
149050908432
149060000000
149081765625
149165965312
149174025728
149175000000
149200975728
149205141504
149296875000
149299200000
149304508416
149339635200
149453460000
149467781250
149473095660
149487172380
149495040000
149515732275
149520384000
149561231568
149579100000
149590800000
149606533440
149630454603
149646204000
149737500000
149748750000
149829446574
149846016000
149851835200
149882400000
149892570000
149916967200
149989955500
149996246400
150000000000
150090711750
150117359616
150149636496
150212562500
150234411600
150277664880
150349774848
150379315200
150387632640
150435795840
150440509440
150470949888
150519542355
150553873152
150568768000
150627942400
150649087680
150660972000
150663523500
150672752640
150687583200
150697968750
150705642168
150714200000
150727500000
150766387200
150798024000
150808504704
150837781250
150852129408
150897751200
150906437500
150967152000
150994944000
151052803016
151119795123
151165714304
151183425536
151206380640
151310817504
151321628250
151335843750
151349114952
151368155488
151380000000
151396087500
151436268192
151502551200
151532241696
151544455848
151552000000
151626209560
151630788400
151664310000
151675289600
151690320000
151724983140
151761729600
151855704000
151876547424
151915046400
151919913600
151923600000
151928156250
152039160000
152081612800
152259072000
152337562650
152351539200
152353500000
152407218600
152470563840
152473104000
152532201276
152536634460
152567073750
152572118400
152588281250
152596589600
152653303296
152672665600
152680413600
152682999300
152685000000
152749155888
152809767280
152832960000
152878648320
152882380800
152908741440
152917632000
152943700000
152990697600
153040343040
153055008000
153059676000
153124992000
153159232968
153200885760
153223022736
153303941120
153320176800
153399285248
153431718750
153438885600
153465455104
153502818469
153527400000
153711820800
153733866650
153753900300
153773437500
153787610340
153790540800
153830390625
153856000000
154006725600
154008207360
154112301000
154140672000
154146240000
154210424544
154229400000
154302740000
154336640625
154347752448
154348935840
154415314872
154461798400
154506078720
154576264752
154620002304
154622248704
154669678800
154687500000
154719889371
154729083600
154781431632
154788594786
154793410560
154798488774
154808340840
154828800000
154845176850
154855496250
154882137150
154893312000
154912500000
154953347328
154980468750
154983628800
155036138400
155037942605
155070814500
155084911800
155142000000
155232882000
155236679010
155285560000
155330887680
155386968576
155411730432
155440381536
155527531250
155583774720
155600676000
155613918240
155618104320
155632052160
155680687500
155722711040
155858907078
155951712000
155963096640
155973978090
155996800000
156002574000
156010177656
156016171008
156017690400
156065000000
156089339280
156092911380
156168651573
156184132608
156211200000
156228683520
156243654000
156284931600
156303558463
156386580336
156410040960
156411447120
156476221200
156479050000
156510483584
156547250046
156575273184
156614348800
156728328192
156782482578
156799991808
156803090625
156857472000
156890304648
156905298045
156906183780
156926133000
156953125000
157024825344
157044326400
157046173700
157047352000
157143750000
157149720000
157177988352
157190604480
157212057600
157229493120
157388479854
157469598720
157493603232
157522320000
157530589216
157565583360
157746112700
157760000000
157771015434
157788259200
157801512960
157821665625
157844865024
157856825344
157946760000
157947545700
158018273280
158041374720
158141114560
158181542064
158184000000
158288375000
158310775350
158337925200
158376919040
158393198250
158437500000
158470336000
158473728000
158488200000
158494444416
158517600000
158557500000
158572028160
158630400000
158651376975
158709780000
158723712000
158733250000
158765644800
158799331328
158812300080
158826150000
158833362500
158853947850
158897356800
158901781500
158943283200
158973788160
158979239936
159042576600
159061448000
159061921200
159078177844
159123087360
159149914560
159278481000
159355502592
159408000000
159411033600
159417024000
159451600896
159468750000
159483447760
159534770850
159566284800
159567299936
159593846400
159682797648
159696128016
159705000000
159846745248
159858569385
159860923376
159874000000
159893461728
159903562500
159948414080
160000000000
160042188800
160043372544
160054640640
160056000000
160064335872
160101541600
160154148870
160166994624
160336519200
160342638750
160397587350
160417569744
160487308800
160558361600
160635654144
160692360192
160720000000
160773341184
160808300352
160833289056
160841250000
160851225600
160899077160
160907376000
160917750000
160942166784
160950955081
160955486208
160979337792
161057341440
161107712675
161127480960
161207812500
161251328000
161258688375
161258882400
161268207100
161286806016
161302855680
161323180200
161331251625
161409736800
161413056000
161454643200
161476990857
161479500000
161482014720
161546783125
161554268160
161564062500
161609385600
161640000000
161658087093
161664352200
161718750000
161737482240
161738272800
161751180474
161833697280
161875593750
161944436745
161969500000
161970187275
161979417600
161989151940
161998829824
162000000000
162016233750
162030456000
162053497368
162067068800
162082944000
162136883040
162201250000
162202521600
162220905600
162254601600
162322207684
162356992000
162409660416
162426850625
162440687500
162460332720
162468633600
162536328864
162548757882
162565341120
162593061750
162603417600
162614269440
162620946000
162624317625
162637977600
162729000000
162738212000
162771336000
162783488000
162784097658
162861865920
162864600000
162870232096
162908712752
162943580800
163044524160
163072000000
163101164544
163168012800
163177200000
163243032576
163247616000
163264445682
163288186880
163293553500
163368920000
163427358510
163461280500
163464721875
163492591104
163536912000
163541521920
163567337472
163592520750
163632145950
163684848600
163702425276
163809312768
163831844160
163880700672
163896929280
163900444750
163946661250
163959390000
163995000000
164004160320
164040117696
164134532250
164190862080
164229120000
164264630400
164265447528
164280616560
164286139248
164325493800
164346000000
164473638912
164530061540
164594531250
164602368000
164616000000
164621683584
164675564298
164718484578
164772439650
164797031250
164821456800
164837018720
164838375000
164906734734
165039068160
165044415375
165084659712
165105424575
165112971264
165128896896
165179196000
165203201664
165244319493
165375000000
165406090500
165423905920
165463147872
165468793248
165506859648
165553752000
165571776000
165585790944
165618541512
165630541824
165649620240
165713996448
165792683056
165809592000
165818109600
165853396800
165877826400
165924630144
165972934656
165998788319
166041531450
166059400000
166072500000
166075312500
166096858200
166106511648
166114973745
166162899825
166185668520
166208716800
166257614016
166293416016
166302377500
166303125000
166354888050
166372243296
166410000000
166431283200
166477162860
166538039552
166562557875
166567752000
166578273792
166634496000
166643929088
166676903712
166731614000
166738264064
166788830516
166888512000
166975914375
167001612624
167040000000
167041274400
167047888896
167052927744
167125648896
167127243462
167192820375
167215104000
167243935950
167387875200
167457620148
167491187500
167491704744
167507436096
167534269056
167541696000
167565091554
167679432272
167776627200
167782400000
167800281264
167804957340
167824991232
167855625000
167871005120
167873000256
167920593750
167997480240
168068841248
168135142500
168181710048
168191696400
168220540800
168229554048
168250867200
168326909114
168339843750
168412668750
168424740000
168476544000
168482779920
168496115760
168550200000
168583314600
168659651520
168708096000
168718750200
168757121250
168820312500
168844236750
168928906432
168989724800
168997374000
169002788500
169005481344
169051601585
169073049600
169299183375
169344000000
169346794176
169353726336
169375836672
169406069760
169446309120
169450824704
169456435200
169474336512
169480223640
169505075250
169611140160
169619713536
169715250000
169787404800
169790860746
169802144208
169813862154
169826483008
169934803878
169966680000
170035200000
170044825600
170144464896
170179692782
170213418144
170222557050
170269646976
170283859200
170286054400
170294400000
170303430528
170313062400
170355752000
170365801716
170371365500
170456378400
170467000320
170473675680
170552210400
170556750000
170573839632
170579485755
170584636950
170588814669
170633723904
170690625000
170698752000
170699913540
170718782976
170826348000
170826395040
170831092128
170875122600
170933004000
170967155625
171000000000
171006233832
171091814400
171147962880
171165213824
171199008000
171200109600
171360709758
171466896384
171497845350
171504868050
171532242000
171532752300
171588509092
171640726400
171756748800
171786363840
171836690625
171846914850
171875985216
171910988190
172009267600
172011784032
172032336000
172061662500
172123756688
172160640000
172170385920
172213128000
172232863488
172297552518
172304894034
172308918600
172311048000
172312991236
172331799696
172361354112
172414630080
172475520000
172595793920
172618940416
172620509952
172725862400
172807292160
172878146560
172921548800
172964362500
172973782800
173017560625
173044872000
173056000000
173088000000
173104061256
173225060190
173273839200
173287856250
173292329600
173304420100
173376338625
173382626250
173397305394
173400000000
173408256000
173550039552
173577600000
173732000000
173741436000
173816500000
173821378560
173844216000
173850468750
173941388940
173946175488
174062163600
174086293500
174139875000
174151434240
174151532544
174159383445
174179687500
174193578972
174202758420
174254976000
174276562500
174295946240
174312648000
174322515744
174342172500
174362370000
174367917864
174371014656
174381465600
174396102400
174427360524
174440005632
174442414080
174444290048
174452790960
174493532160
174500061750
174534750000
174656227200
174696255000
174729000628
174750418656
174832377615
174890016000
174960000000
175013888000
175032434304
175039123392
175047840000
175070367360
175207932900
175212712224
175218120000
175345551360
175354009920
175392872512
175449452952
175488247935
175675500000
175757268960
175771604448
175774110750
175781250000
175793042880
175806167040
175937188050
175943335936
175960771200
176007686400
176073523200
176090831488
176091300000
176160768000
176182272000
176191142400
176237347968
176316383232
176346243072
176378675200
176438433600
176474645568
176505176736
176541899625
176572265625
176678271000
176694000000
176743661796
176758176192
176760265500
176786718750
176802917200
176820049120
176823568000
176865411072
176901251184
177004218750
177012480330
177020928000
177048625000
177067654400
177068871168
177115507200
177169982080
177208352640
177223788000
177260856500
177266306736
177338476224
177408346500
177416998272
177429607785
177487155045
177507735552
177543809280
177570054144
177689935872
177704867250
177710127504
177712416000
177745750000
177785280000
177805841850
177885288000
177885817200
177949054300
177954234822
177988662576
177989906250
177994919375
178061287500
178085325600
178096250000
178146756918
178178457600
178188067134
178225152000
178264364544
178301440000
178305712128
178377187500
178391898720
178393531680
178404670800
178426395000
178468945920
178496151552
178526384640
178547066880
178578371088
178671321088
178677472350
178781975064
178827264000
178873240000
178901982000
178944129000
178960936000
179001900000
179074359360
179078850000
179083558368
179088000000
179118945000
179123552256
179191079550
179296790400
179344152000
179361337500
179375000000
179384606856
179418878730
179424460800
179465832000
179583755400
179625185928
179662170688
179722800000
179739435238
179771248800
179822202240
179830784000
179893172160
179938263050
180000000000
180009517034
180054966420
180070143120
180086649652
180114234300
180129096000
180189990528
180215028576
180299196000
180317931300
180350259765
180353400066
180552750000
180557497120
180564830208
180592312320
180623450826
180672627200
180697629168
180708864000
180715728960
180778905216
180787068000
180840600000
180888679251
180901000000
180932397100
180956288000
180957628800
181002511872
181004868000
181027227888
181133324442
181204992000
181315859400
181366757208
181387315200
181418065920
181449346806
181454083200
181462368256
181480064220
181499771520
181515117056
181585953900
181591231500
181617187500
181622914200
181627468750
181652343750
181845000000
181854970128
181898719200
181900116450
181912500000
181954667520
181970699300
181993328640
182034216000
182069979768
182071063305
182101441599
182154534912
182173332528
182204743680
182213900000
182235605706
182248683552
182250000000
182266797440
182285365248
182290929664
182453380200
182517163920
182523011580
182526489600
182617749600
182631924150
182651616000
182665340000
182677913600
182703882240
182708628480
182759846825
182778646050
182818900000
182917500000
182930669568
182976448500
182986394976
183012950016
183032140200
183056384000
183066480000
183080488500
183115907520
183162470400
183224527200
183232983600
183268467200
183272301846
183292470000
183296679936
183343104000
183371720736
183395828000
183399213312
183420727296
183456000000
183537028311
183545287200
183545838450
183564014400
183574350000
183600000000
183607747920
183608911850
183648411648
183690756795
183729919648
183871733760
183872000000
183908938752
183935808000
183984212160
184001074740
184089672000
184117734450
184123100200
184195784872
184270028800
184312739520
184320000000
184335705450
184352429520
184421521872
184528125000
184545132408
184580284950
184581196800
184680000000
184681078400
184801500000
184849745220
184894928640
184974625400
184978760724
185097656250
185177664000
185206073184
185254821360
185259648000
185295858800
185316082875
185349465600
185405014016
185437324800
185473929600
185525616672
185537481536
185600000000
185601416000
185633437500
185816275648
185820642000
185826595500
185853601872
185897039328
185933491200
185939712000
185986528000
186045531126
186046875000
186078700500
186101894160
186279912000
186313635540
186365104128
186427224100
186477033600
186506426880
186572254176
186689318400
186783667200
186816825000
186856319744
186887886336
186888461760
186899328000
186988500000
187000464000
187008166800
187013059254
187057755000
187131672000
187135793572
187177369600
187177968000
187187464464
187314794000
187367883264
187382812500
187388264700
187391327200
187402342400
187463808000
187474420224
187479097344
187537546728
187542950400
187646699520
187653550014
187687045620
187689264224
187725272000
187731940032
187751753280
187858944000
187891335450
187920000000
187931361024
187937218560
188026286175
188075781250
188084736000
188182080000
188267330592
188286357654
188311359600
188349688800
188382052710
188426443023
188479407776
188508798976
188605216800
188622189000
188640297360
188691913800
188743680000
188854859375
188926545808
188956800000
188958666240
188965000224
188980002816
188988508800
189000937500
189006720000
189007975800
189014999040
189077978754
189142167552
189210083328
189297035200
189382113909
189399040000
189420589800
189424435200
189430569810
189532761950
189612900000
189656093088
189656250000
189712900936
189725551911
189762393600
189799251824
189810293760
189818009982
189835682400
189845684280
189882031250
189968029152
189976550400
189982688544
190059860000
190125000000
190157946880
190178604000
190286433792
190349359200
190357209000
190450204672
190459828224
190475186629
190480465920
190553508288
190578679200
190602007200
190607648000
190638489600
190665251595
190667750000
190711812096
190714883744
190729728000
190872796367
190959856668
190969453440
191012209100
191102976000
191179625000
191228637600
191242232496
191260262400
191300428800
191380137312
191418500000
191441725020
191476224000
191483214300
191528778420
191547141120
191556845568
191590312500
191650221000
191693174400
191737000000
191744140625
191795175936
191798532640
191810349056
191835000000
191886822400
191919230976
191964666400
191993545728
192008102400
192050626560
192063260160
192121849920
192176439840
192234512925
192263203125
192267480600
192273640650
192278306250
192281456640
192319408512
192373610416
192457093500
192545080000
192566989440
192589179552
192591088560
192595058208
192608176482
192629477376
192635649024
192725858304
192802111488
192879070776
192886054400
192889410912
192893400000
192937500000
192964842000
192973772250
193019143590
193022909440
193047340500
193050194778
193070000000
193072360000
193098240000
193273528320
193276477440
193277810880
193342895568
193395200000
193484781000
193491763200
193510426050
193588416000
193642355808
193691684160
193710244500
193720086000
193775400000
193792500000
193800000000
193856139750
193978620000
194028503040
194046899200
194067342000
194100624000
194211204432
194213288500
194217246720
194242050000
194285407680
194289498000
194333324094
194545067598
194550314940
194600859375
194610124800
194627584000
194688000000
194895126400
194996970000
195009970176
195012722070
195084288000
195116139225
195167863792
195168729600
195285854400
195301260000
195315000000
195356164500
195364000000
195367223506
195425342112
195432791040
195435695808
195437687500
195512551200
195547311360
195547356576
195586949120
195638625000
195698160000
195701391360
195761664000
195767936000
195892433100
195910410240
195936807248
195966856800
196000000000
196036848000
196063465248
196071653376
196109509024
196112830212
196157666250
196195615200
196224383250
196351593750
196411775616
196444160000
196450616736
196472485440
196508051584
196596953280
196627807616
196628446080
196704000000
196779349312
196791012000
196902900000
196919878896
196933807200
197114072428
197172450000
197197416000
197218271232
197240832000
197278567200
197282624000
197380634571
197433450000
197434432125
197436073848
197522841600
197544116224
197599450752
197657828550
197672140800
197680476672
197700894720
197726927580
197745847200
197867520000
197872584000
197878464000
197883911680
197896089600
197897380000
197955867600
197963562225
197971497360
198067494240
198249135552
198280637100
198359290368
198360000000
198369368064
198426009600
198696177225
198740911824
198803220750
198847722305
198861015600
198903859200
198945646938
198971510400
199062500000
199065600000
199078375968
199098101250
199126200000
199175700480
199179703125
199271280000
199299072000
199316229840
199330561125
199334497635
199354309700
199383175168
199445558400
199454400000
199474451874
199524864000
199585134000
199620160020
199635646875
199667160000
199706434400
199772595432
199808431560
199963968750
200044712448
200058012000
200080419840
200201625000
200215887872
200237637600
200277496944
200283023850
200283336180
200311843968
200312548800
200423542228
200448000000
200449529280
200466366464
200480716800
200627933184
200639369568
200655000000
200692723140
200694009096
200728243584
200808170496
200861396352
200865450240
200914501632
200940856224
201023336448
201096000000
201123846450
201133806048
201151641600
201162592800
201187350000
201227764608
201247155200
201312145125
201331053000
201417170175
201448447200
201479448576
201762171000
201796875000
201840000000
201885684000
201915024256
201928230400
202011732000
202102205760
202152205440
202162999500
202171852800
202172858496
202246761600
202256870400
202286161792
202299977520
202309632000
202382633376
202437328896
202444636160
202460912640
202498537280
202498639200
202502480000
202539328992
202544165169
202546264320
202552934400
202553395200
202641004800
202739565600
202743293760
202861921902
202887659520
202902759605
202920784794
202998046875
203116750200
203125000000
203128560000
203138000000
203170411080
203196947200
203268150000
203297472000
203346905625
203376268368
203411250000
203422765000
203513625000
203570817408
203577332400
203635890940
203716215648
203762744640
203765598400
203876455680
203878928448
203962458050
204003366000
204006057216
204053790720
204073344000
204114494592
204127257600
204175800576
204295000000
204296601600
204306201008
204355351200
204374415168
204392304842
204426902400
204507576000
204518671875
204557516800
204575625000
204628031595
204632249346
204647258000
204695382906
204731310784
204778173600
204779016000
204898304000
204907903200
204909376000
204944999094
204954194720
204957043200
204980814864
205050147120
205065600000
205069795875
205091383952
205163563500
205308911808
205331809410
205335000000
205353123840
205353480150
205373385184
205392892320
205483068000
205520896000
205647960960
205662576925
205705930752
205782187500
205783088112
205844839200
205856259840
205913176704
205929900000
206038800000
206143000000
206159216640
206293185828
206383923200
206411121120
206432179200
206455750182
206473995000
206498709504
206504002080
206509516200
206521143750
206561083392
206572315950
206604463104
206612923392
206634875040
206640000000
206640625000
206729919144
206773257600
206779882400
206829670400
206856000000
206880912000
206913994560
206946537525
206957400000
206982238680
206987887744
207023176890
207062025300
207138487725
207152594432
207190351872
207220257981
207257738472
207267187500
207323136000
207368750592
207446400000
207500685216
207532836000
207574250000
207613273959
207619272000
207621072750
207663829758
207668736000
207732085650
207878906250
207944515968
207954345984
208107346304
208132140006
208142336000
208147500000
208224868764
208246500000
208253436125
208289770650
208293120000
208304911360
208324872000
208371945600
208486038145
208546099200
208729666728
208783540224
208808417700
208888243200
208971104256
208973367072
208989801216
208991260134
209002916850
209043310104
209075489280
209085302106
209180843520
209207064060
209232258300
209234844000
209242170150
209262333924
209277432000
209293056000
209302734375
209313391900
209322025185
209364630930
209375000000
209379655680
209385807750
209398426560
209411163648
209427120000
209449146816
209498889600
209522254500
209525000000
209570651136
209599897374
209628673920
209715200000
209750351580
209843379200
209851306472
209859110820
209909294080
209941954560
210092201280
210168928125
210197790720
210262528000
210265966250
210388730832
210450531200
210450636000
210542685696
210574540800
210585897522
210596727600
210620144700
210639592800
210675937500
210729143250
210796275200
210902450176
210907673600
210908722752
210915480048
210943311392
210999880000
211001573376
211064089600
211190931000
211197542400
211250000000
211256851680
211410000000
211429370880
211452630000
211499288000
211520774466
211559675600
211613040000
211631616000
211680000000
211688932896
211850279550
211856436750
211941843750
211964179968
212152500000
212159692800
212182740000
212252680260
212330034000
212366448000
212466421440
212502528000
212533160256
212534292960
212556032000
212605591968
212625000000
212664973500
212703129600
212763820032
212850000000
212854824000
212912533152
212915529342
212929294592
212944690000
212959164600
212978304000
213059070900
213060852576
213065233920
213070578175
213093552000
213217299540
213292154880
213427013553
213458789376
213465780000
213485912064
213500448000
213532993800
213538865160
213544019520
213565514976
213591461200
213593903250
213696921600
213702390720
213723619200
213727776768
213792337008
213841852875
213889080002
213928530816
213983078400
213999532416
214030107648
214044862500
214158016800
214192350000
214256480256
214369218000
214385342976
214444415115
214453370880
214461200016
214468300800
214550788608
214576664544
214814439840
214825379580
214887184200
214958131200
214986928000
214990848000
215011584500
215086451328
215108335500
215196549120
215212982400
215270188900
215287354656
215296000000
215302654476
215306000000
215315982000
215323255840
215344506312
215358998400
215388388224
215391239045
215401203072
215410752000
215418750000
215455744000
215475000000
215520000000
215552469600
215568216000
215606498625
215611490304
215625000000
215648056080
215682949152
215704125000
215712806400
215834125000
215834149440
215865000000
215925915660
215960249700
215973888000
216088510176
216119733984
216158706000
216213021360
216246517760
216297835650
216297904176
216308510208
216337552704
216339468800
216380076570
216420311718
216483840000
216538077600
216618734160
216624844800
216684247500
216707400000
216787419648
216829202184
216832423500
216880644825
216917157600
216966496320
217053119647
217054687500
217057345750
217070265096
217129629024
217130107281
217165819500
217214566400
217302958080
217326034800
217379635200
217460620944
217551096000
217557350400
217569600000
217646515625
217657376768
217659842400
217685927576
217728425250
217759012632
217865346048
217903144680
217927715625
217952962500
217959897330
217976832000
217988890875
217995128000
218036538720
218055362560
218082488832
218128272032
218167208000
218240962560
218325050000
218331168768
218411250785
218491000000
218530075932
218566656000
218695680000
218702678400
218720156928
218757169152
218837959200
218860527744
219048898500
219064500000
219181939200
219189453125
219240000000
219257546976
219287250000
219311816190
219323104650
219347128000
219429683200
219459375000
219469824000
219495578112
219696586200
219702886400
219729375000
219784500000
219810611088
219902169600
219950964000
219964051008
219990100365
220009608000
220117073920
220121290368
220139619700
220150628352
220171862528
220238928000
220270935552
220325759324
220381948800
220399211520
220428908154
220457438208
220499215872
220500000000
220503638250
220522500000
220531248000
220545000000
220547200000
220547640625
220557639680
220593306960
220631470920
220656827332
220720500000
220741853184
220781054592
220795996500
220929577245
220960391168
220996566000
221018352625
221019038640
221025312500
221049287550
221112488448
221125464000
221126563980
221184432000
221187649536
221225582592
221290168320
221302126080
221394384000
221397560384
221407872000
221462477600
221542776000
221550533100
221564108800
221591572992
221611500000
221754240000
221761800000
221777212800
221806517400
221829657728
221863219200
221909887602
221929761600
221942718080
221962567680
221969550480
222076108800
222271902720
222327705600
222385942350
222394863600
222408058500
222411571200
222436317875
222460937500
222634552500
222656295312
222720000000
222748391008
222775800000
222809880384
222830455680
222868537344
222923760500
222989873400
222991914600
223017623136
223032993750
223157980800
223171200000
223175447040
223183833600
223189401600
223222963860
223276826864
223304040000
223322272992
223328671776
223376044032
223513992000
223604529750
223628343750
223641600000
223818069888
223908986880
223927779712
223999480034
224000000000
224042112000
224158580736
224180190000
224230758570
224296960000
224306072064
224453125000
224479694250
224531482410
224539453125
224732119040
224777591808
224777752800
224793722880
224810432000
224913711015
224929755392
224990861760
225000000000
225008000000
225017856000
225041701248
225084912592
225229787136
225256917600
225347008128
225430732800
225480278016
225684492800
225722453125
225762435360
225767997440
225781250000
225866440800
225867575296
225868500000
225891727152
225941913600
225973631520
226019626560
226095100416
226108139634
226172250000
226253139840
226253565576
226312181550
226362978336
226490127696
226492416000
226579738504
226674107408
226708446510
226753531488
226841804800
226844226000
226874714400
226937156166
226982442375
226991636256
227081345400
227083530240
227084083200
227154402288
227286573696
227357020800
227398385664
227439314340
227444465808
227446182600
227462230080
227584687500
227587474710
227591477568
227594731520
227622721536
227658412800
227659977216
227668978125
227693928150
227745851904
227774789504
227799389664
227810854440
227812500000
227820600000
227833496800
227885400000
227916374400
227993001088
228092640000
228153764475
228192892200
228262333824
228368840400
228419231040
228427776000
228432512000
228443662369
228484449648
228515760000
228603461632
228622528512
228663793800
228707164608
228709656000
228716488000
228749002560
228798301914
228799365120
228818935800
228850610625
228882421875
228927400000
229024498950
229060912500
229132468224
229145749875
229146624000
229214650920
229236298200
229273307856
229328153600
229415550000
229442813600
229448891200
229450553280
229455700992
229526323200
229560514560
229563184023
229681752300
229730070024
229783203125
229887590400
229920768000
230127206400
230147578125
230172894000
230205175200
230256000000
230320976704
230338269216
230357599680
230372147200
230462400000
230514757200
230524444800
230625000000
230660156250
230681415510
230685000000
230725386738
230768640000
230774306472
230792675328
230971812500
231054695424
231101421408
231129864000
231168451500
231192000000
231200000000
231203814800
231211008000
231218281750
231223450905
231300000000
231323904000
231412500000
231416967600
231534770355
231569920000
231575444100
231597194400
231670445760
231743380112
231752442240
231821660286
231824424960
231909468336
231910875000
231928233984
232145353440
232154781696
232161280000
232185882240
232186500000
232190115840
232194755520
232208256000
232212511260
232270344560
232278656064
232317002340
232323205725
232385148450
232428044288
232430020992
232440516000
232470703125
232483160000
232643612160
232692203520
232713000000
232735434624
232832149056
232835088384
232855018515
232874969600
232891775424
232928340000
232988906250
233002598400
233133033600
233212262400
233246620548
233251799040
233280000000
233303661882
233305581600
233407109760
233474440500
233521031250
233663527825
233735625000
233802547200
233822193750
233865427824
233910042624
233919741965
233932603936
233956666944
233984330580
234043992000
234047771136
234071456346
234125033472
234140306400
234143492500
234167824800
234209854080
234281250000
234291657600
234292531200
234343025280
234365481000
234375000000
234421933410
234472644000
234519349248
234539029494
234558374400
234582917400
234676915200
234820875069
234871603200
234921523200
235019407168
235114152000
235191393450
235203813504
235251244800
235357900800
235358208000
235389199500
235391604480
235429687500
235434738240
235546875000
235563624576
235569260550
235581049620
235592000000
235620584640
235630886400
235670700096
235708387200
235715625000
235726848000
235777736250
235794636000
235822798575
235867161600
235929600000
236005625000
236027904000
236068600950
236092770000
236198892672
236259969750
236262764736
236307917538
236320568640
236488896000
236544462000
236572810380
236582301312
236767520512
236857500000
236894898240
236929152384
236965528800
237016125000
237084980000
237092092800
237125037600
237141126170
237180384000
237272313096
237279117312
237307105350
237447100800
237479362560
237561187500
237589797375
237610026720
237640159232
237774141792
237836250000
237858042240
237869383050
237916127232
237953352000
238022015616
238049280000
238062755840
238075437600
238077064944
238135296000
238190976000
238236629800
238250043750
238287253140
238419417600
238592172000
238617266766
238663145952
238699820835
238765261375
238846394682
238875000000
238878720000
238912254000
238974531250
239010479136
239065463936
239068215936
239125536000
239148450000
239156953056
239179475808
239201397162
239225171640
239232614400
239257800000
239378702220
239472795936
239502744000
239515047200
239562776250
239607148032
239612276736
239616000000
239638920192
239656677988
239762936320
239794640800
239808854016
239856486400
239922417664
239942250000
240076800000
240079257600
240152312400
240167583744
240168029400
240231223305
240448000000
240467013020
240473772000
240597864000
240743822760
240757661340
240772500000
240831267768
240917151744
240945152000
240945868800
240973426176
241001030400
241024896000
241038540288
241044553728
241090335414
241118248800
241139531250
241248424896
241275256832
241276838400
241314768288
241375690000
241395111360
241436401920
241532928000
241566834600
241811718750
241864704000
241920000000
241944072192
241965480960
242010568800
242029405184
242114605200
242173562400
242301628800
242346093750
242460000000
242492421600
242515084266
242601935296
242659897200
242694618012
242704512000
242735676750
242759973024
242795266560
242813390625
242827536000
242932622625
242969126400
242985225600
242991831312
242998244736
243008640000
243085718750
243210263040
243483311526
243509232200
243535488000
243685283085
243812769200
243843750000
243851549760
243880894906
243890000000
244014324736
244027609488
244037707200
244042853600
244058615136
244073136384
244079041500
244107318000
244122737760
244195205625
244205000000
244218433536
244233907344
244255564800
244265734755
244296900000
244363069128
244390689000
244495627648
244549141200
244608000000
244611809280
244612036032
244627905600
244709920000
244716037748
244752019200
244765800000
244800000000
244801013940
244825587072
244864548864
244888012800
244921009060
244940330250
244993869120
245066976000
245089566720
245098514304
245141037765
245144250000
245204850528
245312282880
245329920000
245409091200
245438109000
245546437500
245695188992
245802375000
245829468160
245850667125
245905113600
245919991875
245945045632
245995312500
246000000000
246060176544
246064000000
246109500000
246128625000
246128633856
246149848620
246214768800
246276685824
246286800000
246306614400
246340051200
246353192800
246392590535
246402000000
246593797632
246638347632
246707112960
246791812500
246795092310
246903552000
247013807040
247078000000
247088110500
247132620800
247158659475
247195546875
247222738000
247256743752
247356551904
247489947936
247548068768
247552995200
247665262592
247768794000
247790389248
247792802400
247804802496
247817472462
247888429056
247948646400
247949112960
247961710080
248041930752
248060708168
248062500000
248109135750
248135858880
248144218875
248165859375
248189508000
248322945024
248463126000
248504630400
248529420288
248553391682
248629824000
248749387776
248828272000
248874242526
248899392000
248919091200
248949140625
248986485792
249062698368
249089100000
249139800000
249158400000
249192887125
249228968960
249268719280
249453566250
249525200025
249548200704
249583285952
249622016000
249661927620
249700119984
249715744290
249743360000
249748658208
249760539450
249865087500
249953704000
249954447600
249965893632
250000000000
250055890560
250183245774
250194221550
250208453088
250260929100
250311600000
250368415128
250529427785
250560000000
250582958080
250632192000
250710390000
250726326400
250744098960
250784916480
250795524096
250800640000
250854294600
250859758536
250867511370
250933114432
250958250000
251048476872
251049894048
251081812800
251124986880
251132918400
251145972000
251186430222
251262969300
251313520640
251330040000
251347507840
251380607814
251417257560
251530215300
251552071680
251552729088
251565490544
251660198400
251693568000
251823317850
251836111800
252000000000
252004158000
252035712000
252087386112
252141797376
252202713750
252235609600
252289220608
252342449296
252427456512
252431040512
252506750976
252509765625
252514665000
252574433280
252701015625
252714816000
252716073120
252740506284
252767511360
252780495968
252849785328
253092840000
253125000000
253188096000
253254600000
253269204199
253292128488
253374179712
253406815200
253440000000
253504182750
253686988800
253715245056
253963013850
254099680128
254121840000
254184652800
254186532864
254186864640
254220335460
254264062500
254278456250
254398546800
254422172160
254468122560
254600236800
254663377920
254670885000
254845569600
254855348224
254902205817
254989255500
255048828125
255067238400
255086641152
255143118240
255173516416
255220646400
255255633360
255263937500
255353076000
255446006400
255524029488
255528000000
255533628000
255548034000
255548702574
255591459072
255731476000
255754441216
255773711016
255776648400
255937500000
255987256500
256019400000
256048128000
256059460224
256082066595
256141906944
256293072000
256312683900
256356640800
256392116127
256445282016
256526177040
256536849492
256548222000
256558601472
256562524400
256609458000
256945416000
256946180400
256986576000
257034387456
257050847088
257096531250
257218609375
257246254080
257296176000
257298363000
257316647778
257382763638
257420427264
257506744950
257613750000
257646593750
257647714380
257698037760
257700003840
257797728000
257866482285
257873544000
257985000000
258013901400
258048504000
258084569088
258092493750
258093401328
258117088320
258130002600
258255578880
258398437500
258412398930
258469486854
258474853000
258575016960
258662963520
258676250976
258727798350
258779971584
258827531625
258978280960
259045005312
259072173090
259111098792
259168665600
259182643104
259228424000
259259765625
259327707408
259363507200
259467812500
259521537600
259584000000
259777521900
259790830848
259832991744
259836595200
259845693120
259874800000
260004290000
260112384000
260112892032
260220764160
260277649920
260306816000
260306887680
260352000000
260366400000
260368337034
260381139200
260385873750
260407708704
260420000000
260529048000
260615124000
260644300560
260747159400
260777127996
260855562240
260862613200
260907350400
260912083410
260927225856
261033830720
261042094080
261071946304
261135007744
261216708840
261282889728
261304137630
261483773616
261543555000
261594153600
261708042240
261730368900
261783900000
261802125000
261880857000
261895757760
261906250000
262093500942
262130950656
262226548800
262290042000
262301562900
262314133090
262449331200
262503825408
262578409600
262580551200
262662082560
262665000000
262667059200
262679401296
262705379328
262742594400
262761863868
262768141125
262881798400
262896600000
262920790080
262938312000
263143999872
263174179428
263248098464
263268137088
263275180875
263351250000
263402291200
263453018400
263454912000
263516198400
263530705500
263635903440
263661166125
263701352250
263704212846
263741400000
263769292800
263951416300
264036169800
264038912784
264062509056
264071064600
264086265625
264121534404
264196000000
264231714816
264241152000
264342405278
264412564416
264421658196
264434625000
264479053824
264568012800
264600000000
264604365900
264609408000
264611166120
264678249472
264741708000
264860951166
264943153125
264976220160
265015849280
265017406500
265039392384
265158656000
265180078125
265202797734
265315850325
265350758400
265353879700
265506328125
265572937500
265592504320
265598514000
265666450320
265680000000
265695040000
265734411264
265754973120
265779330180
265783957992
265816028160
265859848800
265897069632
265989744000
266028735780
266047255296
266057879789
266085000000
266180862500
266212720800
266240000000
266250534912
266363460576
266489102880
266508403200
266540782464
266615193600
266618625000
266672652288
266740512426
266757734400
266916242250
266923581450
266930024400
266931352233
267000557040
267044031800
267137024000
267157716992
267177164800
267242393600
267274774656
267357234816
267363281250
267369873408
267565781250
267590297520
267619676544
267637248000
267656659200
267747126561
267820600320
267822753750
267846264000
267878400000
267887204640
267921141632
268016208525
268028657694
268076500020
268416193500
268487931744
268556226900
268570598400
268625500000
268666875000
268734533760
268764480625
268811343360
268970589888
269016228000
269047015776
269070984000
269072990208
269083012500
269091072000
269128318095
269180632890
269194039296
269268563200
269281115334
269397859500
269413109966
269460172800
269511769800
269550666000
269591777280
269593785216
269609152857
269662348800
269722828800
269733303360
269778600000
269798630400
269855442432
269905053600
269950000320
270011394000
270021156768
270071193600
270111398220
270129974478
270171351450
270226801026
270228138400
270232073216
270301304000
270336528000
270337536000
270482562536
270509248512
270579254400
270664062500
270682767360
270725000000
270784432512
270822333600
270895372800
270938390400
270950400000
271023782400
271063296000
271168357824
271184815728
271193832000
271351808000
271377824256
271436443200
271498500000
271537712640
271853568000
271913325840
272005297200
272008800000
272071720960
272093184000
272135472048
272201550075
272255256000
272363512500
272378930850
272441203125
272471040000
272487651840
272496656250
272553465600
272569203200
272767500000
272793600000
272853619200
272927177208
272949444768
272956048950
272966687500
272983401600
273015164928
273015521280
273021665280
273119861664
273134501120
273162594915
273322232064
273340267200
273375000000
273400196160
273426394500
273498630300
273547449000
273670488000
273705775200
273763131264
273766235904
273778312500
273787035660
273804640200
273977424000
273990640500
274051363300
274056000000
274075110400
274193836032
274260834144
274360000000
274376250000
274407788880
274620732750
274625000000
274658203125
274763263860
274830803975
274834012500
274858182144
274878431232
274908452769
274938705000
274953719808
274983800000
275021824000
275050968192
275057581104
275099328000
275121100800
275135797440
275214828160
275298660000
275346021600
275361525000
275407199155
275472617472
275507416800
275613805656
275617566000
275638298112
275694269760
275713200000
275741633700
275785992540
275789338650
275808000000
275821034165
275844766080
275863408128
275927316480
275947094016
275976318240
276061500000
276137164800
276184650300
276189994080
276293677308
276356250000
276491667456
276558983316
276696250000
276742980000
276752403200
276817698612
276822000000
276828097000
276830197875
276844186080
276871795200
277014528000
277022507008
277029849600
277037476352
277065993600
277091369100
277095000000
277294491936
277345036800
277350000000
277412202000
277440000000
277453209600
277501049280
277550582400
277633158352
277766496000
277794701184
277812250000
277828084512
277833155600
277921525140
277931360256
277945762500
277968143232
278031237120
278150745600
278306222304
278333010000
278417224800
278538069600
278564457600
278623800000
278628139008
278655013512
278670555800
278724413472
278737341750
278739893250
278780402808
278800000000
278845440000
278857728000
278947476000
278979792000
278989560200
279010344960
279028704825
279070312500
279096033580
279116546800
279118050750
279152841240
279166665888
279179060160
279282816000
279426022218
279515059850
279673716250
279701104618
279731804184
279831234375
279914934816
279966697920
279995800400
280090664640
280105052832
280112587776
280225237500
280238680800
280330126560
280382590080
280562033124
280566415872
280624500000
280627200000
280703690358
280707900000
280722141700
280753160562
280766373120
280781196696
280794240000
280804633200
280972191000
281014820856
281052281250
281131361280
281131686000
281137500000
281161430608
281180160000
281211630336
281250000000
281322426000
281361880800
281429500653
281534400000
281537233920
281587908000
281662290000
281718934000
281731622256
281880000000
281905827840
281910387200
281940750000
282090970656
282113671875
282150720000
282174549475
282175488000
282400680960
282427392000
282430067922
282467039400
282475249000
282492056000
282553891488
282563437500
282570312500
282688899584
282699522560
282816424800
282816956970
282851015850
282858750000
282875726196
282938572800
283128110208
283130410000
283274088084
283277800000
283278643200
283327308000
283359542400
283384811520
283422490624
283445277696
283471971328
283497952192
283501406250
283503472000
283534950400
283553298000
283569561600
283574108160
283586995296
283593393000
283613150925
283782744960
283783500000
283875737600
283887372456
283943002860
283979448072
284070094848
284093964000
284111667200
284271203125
284273000000
284375000000
284379984000
284419350000
284530658928
284569351404
284654006208
284667264000
284718486880
284720184000
284763568050
284765625000
284780953600
284791871000
284840712000
285000000000
285078454272
285246604800
285271837760
285310771200
285360000000
285427037952
285475564080
285482232000
285550313472
285560100000
285642215424
285675307008
285778160640
285872742720
285916320882
285936253200
285947037376
285957734400
286012490400
286152818688
286225200000
286356470400
286371348480
286380523520
286448485050
286459975360
286518313650
286654729725
286705727280
286934400000
286950643200
287070205968
287077367808
287225000000
287243689200
287268923520
287334008640
287360000000
287403292800
287463103200
287464533174
287475331500
287539200000
287550049248
287569614150
287826739200
287884800000
287901220880
287907145344
287946999600
288000000000
288054144000
288087946272
288098353152
288191779200
288198763776
288217226160
288277467966
288345128448
288396336800
288408120000
288467156250
288507985920
288560415624
288947699712
288982428800
289250065920
289289717808
289296000000
289308672000
289339330176
289460658375
289492500000
289506809708
289536000000
289580075136
289633276800
289702297600
289800888650
289886835420
289902314900
289996200000
290076467200
290092800000
290105375040
290326011904
290337930700
290368102752
290404871568
290472000000
290537526240
290596662720
290603950000
290618357760
290662326656
290733342720
290737356800
290784209625
290786800500
290797682688
290822553600
290937484800
291029160625
291052440000
291089635200
291254745600
291300655104
291313701288
291416292000
291446968320
291567859200
291626875904
291720723840
291846389472
291849480000
291884765625
291925408320
291963450240
292036818528
292054896000
292066560000
292169531250
292330470432
292331784780
292332688956
292333805568
292415754920
292428598896
292430806200
292523734125
292612500000
292626432000
292679365625
292693500000
292705684992
292762317600
292845168000
292851424320
292928781600
292972500000
293019561288
293046000000
293050835259
293059952640
293151358656
293197968000
293276712960
293331156300
293475812500
293534171136
293553093504
293563116000
293651904000
293658675345
293694580736
293728913280
293747343750
293765720976
293769504000
293905210872
294000000000
294055272000
294064056000
294169245318
294236499375
294276907008
294308352000
294374739456
294401719584
294527390625
294543475200
294596960320
294610010112
294617088000
294638271525
294681908736
294732383400
294850483200
294912000000
294997903200
295070343750
295112887704
295114785280
295126902000
295207488576
295245000000
295288012800
295328455920
295399832000
295400710800
295435546875
295443844560
295488281250
295622553600
295671108642
295742023200
295759592352
295959400640
296033682000
296118622800
296270156250
296308800000
296356889808
296407714176
296590391370
296593171875
296595000000
296706633696
296803684352
296846070000
296960000000
297023569920
297164634228
297262047600
297271296000
297322552800
297452990016
297578444800
297739856700
297763030656
297996753600
298045440000
298047859200
298083602572
298101816864
298140153003
298149889625
298163531250
298171125000
298179814400
298292834304
298313215200
298319956992
298539253760
298598400000
298609016832
298708593750
298724848695
298777280000
298847250000
298852092000
298906920000
298974344760
299031464550
299074762752
299083552416
299120421600
299181600000
299196113125
299231273088
299260909206
299278893056
299292408000
299318150417
299366600000
299385937500
299410675200
299466752000
299479597056
299480781600
299538000000
299635200000
299691363456
299703670400
299894504000
300125000000
300181423500
300182316525
300295217376
300299272992
300316650880
300450295600
300468823200
300502144800
300518986950
300574310400
300583766275
300635313342
300740215776
300913704000
300921250000
300923575875
300929778450
300976562500
301039084710
301044983616
301233254400
301255884800
301275168768
301298175360
301309624320
301395937500
301402982400
301452558176
301463182944
301528653504
301540607550
301675562500
301712046480
301727462400
301874157312
301905764160
301907062080
301989888000
301996579500
302008320000
302105606032
302211000000
302216213376
302239590246
302289624000
302330880000
302395464432
302412761280
302640139296
302643256500
302649377184
302652526464
302687634375
302695312500
302745124864
302760000000
302778777600
302857869600
302872536384
302904000000
302932107198
302953996800
303072943680
303077376000
303164532000
303187500000
303249489920
303252419120
303257779200
303261576800
303264000000
303266227824
303269003856
303368272515
303438960000
303449966280
303464448000
303503203125
303580732032
303674572800
303811250000
303847200000
303955750000
303986147400
304057152000
304195273200
304256448720
304316815968
304669965600
304838763201
304848977328
304885058400
304937424000
304946208000
304994156544
305003356416
305019703296
305021583360
305049600000
305063116800
305064402552
305073268920
305091420480
305134147500
305143856262
305176562500
305193179200
305247880917
305289129600
305365998600
305368274700
305379581328
305395200000
305487450000
305488361250
305537347584
305619534560
305664062500
305753728000
305839411200
305887400000
305895047185
305940024000
306028305792
306057528000
306080686080
306110016000
306151261325
306173952000
306183749760
306306760032
306318465936
306361958400
306446045472
306452889600
306475425792
306514897920
306539251200
306568083500
306840600576
306863437500
306956188000
306988258500
307005636938
307125000000
307139788800
307172898000
307211522688
307467733300
307487426400
307507800600
307544653494
307575220680
307627968960
307660781250
307687310775
307800000000
307957593600
308013451200
308066333184
308072927232
308094276240
308099731104
308145741696
308163903488
308224602000
308281344000
308334499200
308356608000
308489765625
308605480000
308629440000
308647075968
308662681600
308673281250
308673331200
308676788640
308766080000
308780695552
308830629744
308913429792
309053452239
309237645312
309244497408
309301408143
309330464625
309439778742
309481582592
309577189572
309582000000
309586821120
309616681680
309764274300
309781715625
309786624000
309822976512
309825000000
309889152000
309906694656
309936391200
309952137600
309960937500
310065354216
310075885210
310189752320
310284000000
310289119686
310396972752
310473358020
310495078400
310511981169
310542336000
310571120000
310608506880
310661775360
310694496000
310736320928
310747594752
310781250000
310787280000
310860840960
310915584000
311036215437
311040000000
311055062500
311180663808
311280503904
311361375000
311431609125
311480769600
311585164800
311717814156
311852531250
311947956180
311962637952
311963280000
311979937500
312160078125
312185822760
312337303146
312338251776
312368265216
312439680000
312453365760
312457367040
312487308000
312538781250
312569863200
312607116926
312625656000
312777223200
312820081920
312952442400
313021800000
313094500092
313135875000
313137383936
313228697600
313324783200
313470000000
313574229504
313606181250
313627953159
313668326400
313732703232
313780609296
313810596090
313852266000
313882050560
313906250000
313915383600
313996345344
314015744000
314030455200
314046946395
314088357888
314092347400
314235741600
314271571950
314287500000
314355976704
314376876000
314460016992
314624966656
314626036725
314659144800
314681096448
314685923552
314874345600
314976522240
315011200000
315096191235
315100800000
315199910025
315392616000
315398949375
315515865600
315542030868
315544419072
315556379775
315643331250
315878846283
315893520000
315895091400
315903868800
316036546560
316067409504
316093714875
316127605950
316135119024
316240512000
316306609434
316363084128
316403964500
316576750000
316596134400
316637814240
316675850400
316733180418
316754395776
316786396500
317049168384
317115000000
317144056320
317168240328
317271064320
317302753950
317382812500
317467443200
317589180480
317624600160
317651454848
317652300000
317666725000
317775419325
317784655125
317803563000
317830078125
317840099850
317880450000
317916942336
318122896000
318156355688
318186455040
318245250960
318246174720
318276088416
318282422400
318448723775
318556962000
318560825700
318565000000
318632624128
318767104000
318770436096
318829418946
318834048000
318864600000
318880980000
318905967744
318911053824
318928897800
318935196216
318937500000
318948840000
318966895520
318976819200
319015158912
319031818560
319040959680
319148083800
319272357888
319293415350
319329696000
319335023700
319392256032
319417035000
319493271552
319641354240
319658626560
319717138770
319795030800
319807125000
319892673100
319914884880
319922064000
319981584384
320013504000
320084377600
320128671744
320203083200
320208784875
320226191208
320248603584
320308297740
320319111168
320322600000
320390854875
320453337888
320469094400
320534323200
320576718000
320709542400
320726013750
320795174700
320942592000
321043011408
321048000000
321052601584
321059415040
321108357024
321367155669
321384720384
321602097696
321616600704
321620444288
321702451200
321772167552
321798154320
321830400000
321901910162
321998133600
322001880795
322162750000
322215425350
322463282256
322517376750
322605711360
322647360000
322662503250
322724563200
322819473600
322828856000
322829816400
322832692800
322837650000
322866291600
322953981714
323018718750
323056019520
323093566250
323128125000
323170912064
323280000000
323316174186
323424092160
323437500000
323470461600
323474964480
323487054135
323501040000
323502360948
323546828800
323559360000
323606016000
323679964032
323729640000
323751187500
323886064320
323888873490
323910163500
323940374550
323997659648
324005346000
324060912000
324106994736
324135000000
324195937380
324334765625
324389270016
324554194944
324644415368
324713984000
324739792896
324769500000
324795128464
324853701250
324858515625
324866162688
324875059200
324986800320
324994950000
325003494816
325025792000
325060235136
325067715000
325072657728
325186123500
325248635250
325419840000
325458000000
325463370057
325476424000
325527552000
325555340704
325586018625
325590900544
325708903520
325769084928
325817425504
325918162944
326123028000
326144000000
326168985600
326202329088
326336025600
326354400000
326400000000
326486065152
326520886050
326769953664
326785400832
326854717020
326929443750
327083043840
327134674944
327185041500
327229875000
327244500000
327264291900
327323566080
327404850552
327417694560
327441628800
327491256320
327518401536
327532878816
327548928000
327587991552
327646425600
327663688320
327680000000
327800889500
327816741376
327872286720
327893322500
327919921875
327929463225
327968538624
327985020000
328010342400
328050777600
328080235392
328116150000
328269064500
328333855104
328381724160
328412544768
328529260800
328530895056
328536000000
328602248000
328697118720
328797612000
328853504000
328866988032
328950000000
328967724285
329060123080
329167800000
329204736000
329212540800
329221648800
329342157360
329351128596
329422500000
329544879300
329594062500
329687312500
329779200000
329787640000
329866102800
329926446000
330033093936
330088830750
330151918005
330209429550
330210849150
330214026240
330306564096
330358392000
330406403328
330411312000
330415225920
330488638986
330610862736
330643362231
330750000000
330763957650
330847811840
330969120768
330985240998
330989568000
331005074400
331080100650
331093530180
331299240480
331362598912
331406899200
331486032150
331512683040
331538022400
331625373696
331695000000
331746729840
331932187500
331959500800
331975052640
331997576638
332083062900
332118800000
332193160000
332212444200
332229947490
332265472000
332325799650
332371337040
332424000000
332511970050
332518586400
332592000000
332604755000
332610021392
332638453760
332654037408
332726078125
332783433450
332954325720
332979753600
333047697408
333125000000
333125115750
333138420000
333268992000
333287858176
333382500000
333467366400
333512688600
333577661032
333777024000
333854248000
333879198847
333944000000
333951828750
334080000000
334094501664
334385640750
334387794780
334430208000
334525464000
334680284160
334731302496
334734930000
334768993920
334775750400
334843891200
334915240296
334936080864
335037482496
335042799360
335083392000
335385722880
335400839424
335600562528
335609914680
335649982464
335711250000
335774577312
335788830720
335799080960
335917968750
335919150000
335923200000
335959000000
335999220051
336054665216
336147522048
336173405568
336270285000
336346137855
336399231168
336468091050
336476140000
336518000000
336534026400
336600835200
336653818228
336679687500
336690000000
336737920000
336744644976
336799913625
336825337500
336862156800
336919265280
336920342400
336950087625
336992231520
337013360000
337041351864
337230054000
337299697800
337304388960
337395548160
337408500000
337434854400
337437500400
337477399875
337538373858
337565548320
337577107200
337640625000
337688473500
337714790400
337832845875
337896000000
337925966000
337978265625
337992994944
338005577000
338027426100
338063544000
338103203170
338218151936
338286993408
338421283200
338598366750
338693588352
338761176000
338806540800
338912870400
338960447280
338977766400
338991016000
338992927875
339010150500
339087694878
339137003520
339258982400
339484082176
339567914400
339604288416
339616724832
339627724308
339673791457
339868806786
339869607756
340089651200
340212096000
340312500000
340340844480
340359385564
340379651333
340463051145
340467670400
340567718400
340588800000
340605000000
340691832000
340697011200
340711504000
340731603432
340734663360
340918272000
341147679264
341158971510
341165260800
341177629338
341203702752
341209135260
341240000000
341267447808
341381212065
341399827080
341652790080
341716281660
341750245200
341808854400
341934311250
342012467664
342181519680
342284304384
342367593750
342471780000
342746601600
342795375000
342811757925
342864838656
342969031656
343064484000
343111064184
343125393408
343177018184
343197452871
343342326600
343419944400
343454079825
343461888000
343536748425
343559958576
343572727680
343597363200
343598694400
343673381250
343693829700
343720607328
343745016192
343765176320
343819494720
343821976380
343886743200
344018535200
344064672000
344123325000
344268472320
344338649424
344340771840
344373768000
344400000000
344465804800
344609788068
344625982472
344677042125
344699971200
344783397728
344791028400
344909145600
344929000000
344970397800
344973341250
345036889728
345126600000
345237358752
345444571504
345481465056
345614584320
345620882880
345679687500
345698729145
345819329856
345837356514
345910500000
345928725000
345933688100
345940834176
345948408000
346022123265
346027769856
346035121250
346048200000
346106621952
346112000000
346450120380
346574193280
346575712500
346584659200
346617999360
346751550000
346752677250
346765252500
346794610788
346816512000
346827422625
346846500000
346991114925
347041447940
347146394112
347181165000
347225956000
347245516800
347441236992
347530248000
347576832000
347580592128
347640201216
347700937500
347897659392
347910452032
348075000000
348140438100
348172587000
348200143200
348232089600
348318766890
348387157944
348405516840
348459148800
348634739200
348645031488
348655164480
348672535200
348684345000
348724740000
348792204800
348854721048
348870041975
348880896000
348888580096
348912562500
348941051550
348966092800
348976742400
349000123500
349062339600
349069500000
349251305472
349284418560
349381123200
349383742656
349458001256
349494497280
349602042006
349640704000
349648000000
349664755230
349742333952
349780032000
349806256800
349821077616
349833693792
349934822757
349991241600
350078246784
350140734720
350281546875
350329651200
350352843750
350357521500
350415865800
350465315328
350476829248
350478237600
350691102720
350702541405
350865063936
350898905904
350945055648
350976495870
350978659200
350994546000
351014812200
351027855360
351041738544
351214515918
351215238750
351365832576
351451788260
351514537920
351525800080
351542268000
351548221500
351562500000
351574981632
351614272128
351862056000
351886510976
351921542400
351984160584
351985160448
352015372800
352034537400
352234396800
352256688000
352262504448
352421050000
352589839056
352635379200
352638738432
352692486144
352757350400
352949291136
353083799250
353144531250
353144545605
353320312500
353353890825
353356542000
353394140625
353409638400
353487323592
353520531000
353550600000
353573437500
353594657745
353599488000
353636959104
353739632311
353802502368
353894400000
353931202944
353931832800
354008437500
354018600000
354024960660
354041856000
354097250000
354223821600
354339964160
354365442000
354447576000
354491741250
354606366720
354769541280
354859215570
354890427840
354928753575
354974310090
354976763904
355015471104
355087618560
355101420960
355151280768
355161784320
355271168000
355409734500
355419389952
355491500000
355578964560
355611683700
355711689255
355824518400
355898108600
355908469644
355910249472
355957031250
355969687500
355989838750
356148843750
356161536000
356191041024
356265000000
356279705600
356320561680
356484375000
356547551360
356607160000
356754375000
356783797440
356787063360
356918400000
356992303104
357050584467
357052769280
357094133760
357097005000
357139244000
357156742176
357354944700
357375065625
357468733440
357487802352
357563950128
357583720000
357637500000
357779276608
357851562500
357888258000
357940270272
358024066400
358077500000
358230600000
358263552000
358440076800
358461796875
358513892500
358521790302
358527344175
358592643486
358606410624
358688304000
358738329600
358804687500
358837757460
358844595200
358846709760
359017920000
359115154020
359125000000
359136647856
359144755200
359400888000
359411624000
359471581920
359478870476
359485016982
359644404480
359674560000
359861937624
359876526100
359956480000
359985378816
360019034068
360078901248
360094924800
360118828125
360144755712
360173299304
360214646400
360228468600
360258192000
360562587840
360635862600
360677951088
360700519530
360806400000
360895917200
361013075199
361022961600
361096444800
361201000000
361240783904
361304064000
361345254400
361417728000
361462472800
361531927449
361557810432
361628467200
361697408000
361777358502
361779563600
361853200800
361883512135
361915257600
361974913664
362037478400
362049300288
362178560000
362210058000
362266648884
362358544275
362631718800
362641441184
362797056000
362915414016
362915449200
362922413375
362935400100
362960128440
362999543040
363030234112
363088281600
363108910080
363171907800
363172001500
363182463000
363195313152
363254937500
363304687500
363328875000
363330152640
363394231200
363470814720
363519140625
363690000000
363744792450
363800232900
363867187500
363873969792
363893399100
363902902944
363913892160
363939568128
363941398600
364142126610
364202883198
364270365000
364388709888
364429642752
364500000000
364504464000
364533594880
364583275776
364864500000
364960043280
364983091200
365046023160
365072853600
365108627520
365303232000
365417256960
365519693650
365557292100
365568714000
365625000000
365727111552
365821342359
365835000000
365861339136
365862070080
365952897000
366000768000
366110297280
366156452025
366160977000
366196378275
366209084367
366210937500
366436761600
366497460000
366544603692
366562946880
366571646000
366743441472
366753484800
366778077120
367064880000
367074056622
367078824450
367128028800
367148700000
367217823700
367253443935
367290484992
367296823296
367381513590
367429063680
367744000000
367755897600
367934767200
367968424320
368116586496
368157163500
368191733760
368192075069
368203530240
368235468900
368246200400
368262234112
368391569744
368475000000
368619287400
368640000000
368682890625
368836876800
368917550496
369090264816
369100928000
369106930500
369160569900
369635622912
369645598386
369646740000
369699490440
369772032000
369949250800
369957521448
370062950400
370159618400
370166329728
370192638465
370322820000
370355328000
370453171200
370455632568
370509642720
370562500000
370632165750
370760499200
370886343750
370906598400
370945137472
371022188992
371074963072
371126901600
371144482800
371266875000
371293000000
371297878016
371361656250
371504185344
371540018016
371588591616
371632551296
371641284000
371653191000
371707203744
371772187776
371879424000
371923669440
371942775072
371952000000
371959078400
371973056000
372024530640
372093750000
372142439424
372195440640
372203788320
372293406720
372568029624
372614473539
372637293600
372678538050
372736000000
372736728000
372781880064
373012853760
373108312500
373248000000
373323264000
373371055200
373434535936
373464000000
373597634560
373624280640
373625784000
373633650000
373643473632
373669453125
373717930950
373798656000
373840312500
374016333600
374118544800
374136796800
374271587144
374337547416
374374928928
374524898256
374573616435
374629319680
374629588000
374761015200
374765625000
374776529400
374804301816
374909765625
374948840448
375004032480
375042086496
375123836500
375274868661
375293399040
375307100028
375324480000
375332667840
375382978560
375450544000
375463880064
375474750000
375818069088
375840000000
375874437120
375979627152
376052572350
376052608800
376064000000
376151562500
376200960000
376228347264
376270272875
376335880704
376486211920
376525518336
376566338016
376622719200
376764105420
376779645333
376852886046
376856335674
376929679392
376950663900
376992935424
377244378000
377331613056
377339223816
377347713750
377383827600
377611960320
377632007540
377698784112
377709718750
377836729344
377913600000
377922552480
377953875000
377957122048
378000000000
378022840650
378071064000
378304070625
378319393760
378356023296
378372787380
378515446400
378516496608
378628096000
378764227818
378810956160
378861139620
378941635800
378997309440
379065523900
379074109680
379093478400
379225800000
379256297472
379312186176
379312457850
379404859776
379405000000
379407974400
379425801872
379433295360
379451103822
379479038562
379517080800
379691368560
379710746624
379764062500
379799784000
379872963918
380103819264
380119720000
380152797696
380154400000
380256274125
380276198016
380302322400
380414361600
380538338742
380614734000
380634508800
380678656176
380687643288
380714418000
380798340480
380807416080
380900409344
380911104000
380950373258
381000089600
381078272106
381178607680
381202446240
381259605024
381276979200
381308917500
381330503190
381341586150
381417684375
381459456000
381532265361
381649320000
381658857472
381745592734
381823746048
381887447040
381919713336
381928932000
382024418200
382122179760
382168592208
382205952000
382206306300
382231159200
382283272800
382359250000
382388301568
382427632881
382543872000
382561727328
382600857600
382637520000
382655000000
382714677360
382760274624
382766342400
382837000000
382898082420
382952448000
382952512800
383005923552
383094282240
383180625000
383204390400
383300442000
383323053861
383335572375
383362875000
383488281250
383520680928
383568393600
383620698112
383670000000
383692861440
383700707208
383771824128
383818500000
383831726976
383929332800
384104000000
384268847040
384369957288
384469025850
384475000000
384526406250
384556612500
384654458880
384747220832
384864768000
384877056249
384914187000
385105248000
385182177120
385207094016
385212258144
385331600000
385479864000
385674398568
385687014480
385710383520
385786800000
385875000000
385929684000
385947544500
386038287180
386182672512
386191406250
386254070400
386292088000
386298243072
386395378677
386506935360
386547056640
386592030720
386665991712
386743500000
386790400000
386889048000
386898750000
386924636160
386969562000
386976470400
387013760000
387070134451
387131093440
387138740625
387144769536
387195003900
387281250000
387383368320
387400860000
387420489000
387440172000
387532800000
387581860512
387712279500
387713432925
387739353600
387841789440
387855000000
387889233920
387935308800
388045125000
388161405450
388164553920
388327219200
388484100000
388658088000
388727672832
388912775328
388918444032
388955520000
389004108064
389011849600
389069366400
389080130400
389100629880
389179687500
389201718750
389220249600
389316608000
389420264000
389512281600
389599641600
389614771520
389647267695
389652319584
389666214000
389670912000
389709132800
389780176896
389790164736
389858375808
389896452936
389907741600
389927778240
389973884300
390019940352
390025444140
390031645500
390115160064
390150000000
390168576000
390232278450
390235850550
390571708800
390625000000
390630000000
390633200640
390647093872
390712329000
390728000000
390734447012
390786760000
390825175608
390871391616
390930624000
390995942400
391261587925
391378894848
391478796800
391535872000
391564455360
391681622304
391696528896
391718527200
391814718750
391820820480
391851432000
391873614496
391948685136
391956206445
392000000000
392073696000
392074862400
392082991300
392122265625
392135344128
392225660424
392225761620
392263168000
392315332500
392385902832
392418000000
392448766500
392462177184
392465769696
392499652608
392514595200
392526259200
392586854400
392703187500
392833732608
392878080000
392976511200
393066573750
393072922368
393111936000
393283800000
393471199635
393553274400
393652224000
393664821120
393735937500
393804180000
393805800000
393839757792
393848956800
393867614400
393914062500
393949329408
394035200000
394148160000
394228144856
394256000000
394322697600
394327206000
394344900000
394427538585
394441132800
394503995392
394546522320
394580496960
394731380736
394761269142
394866900000
394868864250
394875000000
395153488000
395440118528
395453855160
395457562500
395465195520
395507812500
395666425728
395702502325
395710312500
395779331584
395794760000
395897377680
395927124450
395942994720
396002250000
396093763584
396114001920
396210733056
396222824448
396420359168
396430070400
396460032000
396671717376
396984960000
397003751424
397017374208
397030750200
397065375000
397392354450
397561500000
397606441500
397695444610
397836000000
397891293876
397904891904
397911528000
397955157600
398030819550
398035399680
398125000000
398156751936
398196202500
398210709600
398297088000
398343826944
398344421376
398359406250
398542560000
398555240832
398629002240
398632459680
398661122250
398668995270
398708619400
398710538240
398732310558
398766350336
398815395840
398836927125
398928691200
399000000000
399240320040
399271293750
399337561350
399353794560
399380572864
399398200320
399459084192
399464352000
399496892544
399616863120
399665789712
399952425600
400089424896
400207500000
400566672360
400609497600
400691982600
400735487376
400745817225
400765747200
400779184176
400789903500
400847084456
400856596875
400932732928
400970316825
400988817792
401043965504
401074564704
401163521850
401167096200
401255866368
401336922112
401348671875
401366871360
401385446280
401708160000
401715804672
401730900480
401863748000
401948540928
402059112000
402187500000
402303283200
402442880000
402555666240
402624290250
402653184000
402662106000
402722611200
402746256000
402834340350
402927412500
402937778880
403189125120
403257139200
403440000000
403524342000
403593750000
403605493200
403615365426
403622604000
403705036800
403708022784
403734528000
403799631840
403830048512
403836048000
403855036326
403911180288
403997683968
404023464000
404119664949
404323175424
404343705600
404345716992
404561757600
404596187424
404599955040
404619264000
404879048704
405014400000
405076875049
405088330338
405129600000
405133743420
405216900000
405257027175
405457369408
405474451200
405486587520
405636504000
405805519210
405841569588
405844031250
405874409472
405994680000
405996093750
406147525056
406276000000
406326375000
406340822160
406351125000
406371894705
406382395392
406513411200
406594944000
406693811250
406752536736
406822500000
406845530000
406945676592
406960244145
407148996096
407154664800
407163106350
407461404672
407467500000
407686726720
407736115200
407750976864
407752911360
407787012096
407924916100
407993152500
408042645120
408107581440
408168221202
408181585959
408195002880
408323115200
408409013376
408568396275
408589272000
408628826298
408686656000
408748830336
408784609684
408808418000
408918343680
409037343750
409116036384
409151250000
409256063190
409264498692
409434073425
409450031250
409579610400
409657454478
409728982500
409731306552
409829584500
409889998188
410000000000
410059537992
410100294240
410139591750
410183766720
410461143040
410473802286
410477155200
410478000000
410566752000
410587398144
410661576000
410663618820
410897536000
410966136000
411041792000
411063912720
411091968000
411319365600
411325153850
411374700000
411510000000
411554208960
411564375000
411629780992
411689678400
411723648000
411796211445
411822315450
411931099125
411978242907
412022873600
412031692800
412236343008
412260919840
412266836835
412316860416
412427059200
412435744448
412568543232
412586371656
412685959168
412769586096
412776000000
412782428160
412822242240
412894310400
412911500364
412917133312
412983982080
413008004160
413019032400
413042287500
413144631900
413147381760
413160699392
413208926208
413225846784
413281250000
413338567680
413437500000
413459838288
413488000000
413559764800
413712000000
413720027136
413847164500
413893075050
413964477360
414030301200
414046353780
414124050600
414276975450
414396186624
414440515962
414515476944
414643679424
414656964176
414729079776
414811575360
414832320000
415065672000
415103828625
415125000000
415138089600
415148500000
415226547918
415236096000
415238544000
415242145500
415264000000
415334400000
415464171300
415732078125
415757812500
415803375000
415832997888
415845540000
415858688000
416166866640
416192907150
416353222656
416449737528
416499342714
416506872250
416578302000
416585000000
416586240000
416609822720
416649744000
416690640000
416718375000
416972076290
417036297600
417148380000
417154396032
417195455040
417283964928
417437958000
417459333456
417619722240
417704625000
417720320000
417779762400
417789900000
417818108655
417840171840
417861636192
417872000000
417890304000
417934588032
417967562496
417974860800
417992540160
418109839875
418170604212
418239217664
418347483136
418354536339
418359177600
418464516600
418469688000
418524667848
418535424000
418605468750
418644050370
418657075200
418729261860
418749087744
418758501888
418760000000
418771615500
418796853120
418883400000
418912728885
419050000000
419117584384
419253452800
419301036000
419324415840
419328000000
419461254225
419510574375
419512393350
419551656927
419673945600
419702612944
419718221640
419817006000
420021636125
420132797568
420184402560
420266546700
420294051450
420337856250
420443311232
420461936640
420531932500
420573885120
420817272785
420844584960
420858349296
420940638000
421070400000
421171795044
421240289400
421351875000
421458286500
421670034240
421742145912
421817445504
421821400000
421892803125
422128179200
422185837500
422381862000
422396865072
422457871680
422500000000
422513703360
422669886912
422741960550
422794195200
422811648000
422814459600
422820000000
422858741760
423095400000
423237068800
423263232000
423264058686
423308820480
423360000000
423629955936
423644221440
423671063760
423700559100
423704888064
423712873500
423786799800
423923500000
424036953600
424042272504
424305000000
424328263632
424477151865
424505360520
424534655385
424607190777
424732896000
424746504000
424814544000
425066320512
425112064000
425195971200
425207956992
425208250368
425246928288
425302425600
425340553950
425377023552
425558016000
425645977248
425736000000
425771734375
425889380000
425895142400
425921603575
425956608000
425957276286
425959028208
426141156350
426234105288
426465000000
426584309760
426640500000
426749783850
426765767040
426803200000
426854027106
426903178240
427000896000
427065987600
427077730320
427102576488
427138263576
427138322625
427148437500
427160073600
427187806500
427270450880
427447238400
427462852608
427515584580
427597669120
427634685000
427636800000
427683705750
427778160004
427800576000
428089725000
428144476032
428176834560
428242360000
428316033600
428401774395
428415000000
428512960512
428526177408
428643532800
428657249664
428725325952
428743756800
428762170125
428888830230
428906741760
428922400032
428936601600
429034045440
429101577216
429183552000
429465909600
429496729600
429619396608
429706265625
429774368400
429777470475
429899683500
430023169000
430127612640
430154156250
430199206272
430291288064
430417379328
430425964800
430486617600
430508707200
430605308952
430612000000
430661038464
430689012624
430691625000
430762235085
430782478090
430837500000
431040000000
431127084960
431136432000
431199977472
431212997250
431218831680
431296112160
431573285376
431668250000
431741675520
431788500000
431851831320
431920499400
432018230400
432177152000
432178237152
432222950016
432239467968
432272512000
432317332525
432353943648
432410906250
432426042720
432582581376
432601831350
432666000000
432678937600
432699301566
432760153140
433054986240
433071803728
433186380000
433230824000
433249689600
433456565625
433493263485
433502196400
433520640000
433581498000
433658404368
433759758432
433761289650
433844812800
433910131200
433920000000
433932992640
434012847840
434106239294
434114691500
434260214562
434265653248
434401476608
434407167600
434476242000
434653128000
434704133214
434851909632
434865438720
434878709760
435102192000
435114700800
435139200000
435215733750
435293031250
435314753536
435371397120
435371855152
435456850500
435506896050
435608409600
435715200000
435806289360
435828556800
435855431250
435905925000
435919794660
435953664000
435977781750
436033290240
436073398272
436106330451
436110725120
436640568000
436696000000
436748592000
436822501570
436979899125
437060151864
437089564800
437112500000
437226562500
437263903125
437415552000
437440313856
437464989071
437521379328
437641663500
437656608000
437675918400
437682176000
437778473472
438039014400
438048000000
438059257056
438087424320
438097797000
438144726474
438337536000
438378906250
438480000000
438523632000
438573333120
438623632380
438641049600
438780228480
438837099408
438939648000
438995015550
439052462208
439267752000
439367131008
439393172400
439434870784
439453125000
439458750000
439482607200
439621222176
439901928000
439980200730
440116019200
440177876775
440217275904
440279239400
440311012911
440343725056
440355004416
440477856000
440541871104
440651518648
440687607360
440713195650
440857816308
440866447488
440899200000
440988964416
441000000000
441007276500
441015680000
441062496000
441095281250
441186613920
441251064000
441253867977
441257588064
441262941840
441309358080
441313654664
441331724288
441381588480
441440134200
441513091440
441651877920
441859154490
441900663750
442036705250
442236174336
442250928000
442493042688
442531250000
442549422720
442788768000
442800000000
442924955200
442965550300
443101066200
443278617600
443292939936
443316240000
443388144672
443412092160
443561432192
443625000000
443638012500
443659315456
443750891520
443769338880
443832874848
443859523200
443925135360
443939100960
444148504800
444179490048
444231166158
444425810400
444449099776
444454420480
444596224000
444624852672
444674440224
444771884700
444823142400
444872635750
444885587055
444994228224
445032630000
445269105000
445366892295
445440000000
445595391360
445616455680
445660911360
445737074688
445847521000
445861478400
445872889280
445934026253
445979746800
446065987500
446200154400
446231197125
446308403328
446315961600
446367667200
446383296320
446416551936
446433372000
446445927720
446458521600
446464000000
446528376000
446553653728
446676160500
446792245900
446882832000
446954937660
446999803008
447125403858
447152725296
447174000000
447180000000
447209059500
447284073600
447470899200
447522077184
447525000000
447603994278
447754132800
447850500768
447890625000
447977698875
447998960068
448018905600
448084224000
448145063424
448278038208
448284316480
448360380000
448461517140
448485120000
448547196825
448561152000
448683694704
448737300000
448760642688
448906250000
448959388500
449062964820
449078906250
449127383040
449168064512
449246250000
449488339722
449538048000
449677710000
449810178048
449827422030
449845657625
449969866500
449981723520
450000000000
450023792585
450459574272
450619200000
450637687500
451049324544
451137945600
451307387520
451321528320
451370943296
451412849664
451444906250
451558627065
451706304000
451727733600
451789322400
451841089536
451864363104
451883827200
451947263040
451990570500
452012808240
452018257920
452105338880
452116926504
452142600000
452216279268
452299161600
452394072000
452425514112
452506279680
452513343750
452709629856
452867455040
452883771648
452901456000
452983104000
453158409048
453159477008
453212884800
453285360000
453388614624
453415698432
453416893020
453497142912
453545164800
453550276608
453623367015
453700160550
453964884750
454063347864
454068671875
454104466464
454162690800
454308804576
454596725088
454714041600
454878628680
454915741280
454924460160
455025274880
455025868800
455036108800
455119974400
455174949420
455337956250
455549579008
455567112000
455621708880
455622297856
455666993600
455745139200
456014812500
456292732896
456307528950
456425570304
456466136400
456752265625
456771571200
456777216000
456871219200
456887324738
456976000000
457005469696
457012687950
457060500000
457245057024
457326673920
457396388352
457419312000
457439556546
457441121250
457525250000
457596603828
457607075913
457637871600
457662330368
457700324976
457701221250
457716355200
457764843750
457789768800
457959909888
458023818240
458041240800
458048997900
458055000000
458073907200
458121825000
458180754615
458252992512
458291499750
458418280320
458429301840
458647515625
458669283919
458726224320
458729163648
458752896000
458831100000
458972092800
459121029120
459126368046
459179028000
459313600000
459363504600
459566406250
459602657280
459649235936
459734413824
459741276800
459775180800
459809251200
459833261769
459911823360
459960530400
460197855744
460295156250
460316656800
460369453824
460396365312
460476057600
460489462180
460508455407
460582200000
460641953408
460781848800
460800000000
461138572800
461201599950
461250000000
461261700900
461286067968
461320312500
461362831020
461371622400
461450712375
461450773476
461599229707
461897024400
462032654850
462052281600
462109390848
462124363050
462250000000
462259728000
462299636736
462336903000
462400000000
462422016000
462436563500
462438720000
462446901810
462631273632
462688200000
462737901843
462908220000
462991168640
462991399200
463009921875
463043257344
463069540710
463137053400
463200768000
463728794256
463818936672
463860006912
463976563050
464009036400
464159668113
464369289475
464425022520
464540689120
464566488750
464627800000
464646411450
464765073696
464770296900
464860041984
464941406250
464950886400
464966320000
465068897568
465078621456
465113827815
465121926486
465145153200
465174000000
465254735400
465277776480
465298433600
465426000000
465570698886
465605010000
465693835264
465698646000
465710037030
465749939200
465783550848
465977812500
466014031488
466071436350
466160905728
466493241096
466560000000
466576588800
466582593750
466607323764
466751324160
466776981504
466802028000
466854312960
467042062500
467168133120
467235111200
467327055650
467471250000
467489200896
467560038400
467644387500
467695636200
467730855648
467814445056
467820085248
467839483930
467846500000
467855136000
467865207872
467889289920
467990400000
468007722000
468053071200
468195000000
468270000000
468286985000
468365901696
468419708160
468505954719
468552397824
468628902000
468633600000
468686050560
468730962000
468743514624
468759840768
468777909600
468800503808
468843866820
468945288000
469078058988
469159741008
469234341360
469437150000
469531450752
469578172752
469624716000
469641750138
469853880552
470046376800
470104363008
470118713344
470184984576
470286810000
470347447734
470382786900
470463066000
470486348800
470502489600
470572416000
470612656800
470712320000
470778399000
470859375000
471074476032
471093750000
471132979200
471138521100
471142056000
471184000000
471388022672
471431250000
471571813440
471582418527
471645597150
471859200000
471868400003
471974400000
472011250000
472136178800
472165439562
472392000000
472408796160
472519939500
472525529472
472591767648
472615835076
472624588800
472694946885
472696750080
472971241600
473088924000
473238338100
473280000000
473404538880
473514718320
473535041024
473662109375
473724878848
473831904875
474062782464
474124124160
474163200000
474210709200
474217764880
474282252340
474357662478
474360768000
474403563234
474423343680
474466222080
474544626192
474660182304
474865125000
474911192448
475000000000
475122375000
475130757120
475179594750
475312500000
475411008000
475422112557
475464600000
475552800000
475591878432
475613398512
475672500000
475716084480
475946598400
476007854000
476014133504
476064453125
476125511680
476129340000
476171136000
476249854797
476296934400
476367428160
476397993984
476437500000
476473259600
476491341312
476500087500
476535074400
476553906400
476574506280
476692070400
476705344500
476829152800
476937719808
476962890625
477052039296
477184344000
477399641670
477530522750
477691703125
477933750000
477949062500
477959757912
478066507776
478171289088
478224000000
478233100800
478251072000
478296900000
478313906112
478450343280
478486400000
478690560000
478698854400
478701899808
478781539200
478867852800
479048392944
479313355976
479525872640
479549030400
479582770128
479622000000
479680385184
479710687500
479845242240
480085618761
480126566400
480130117632
480153600000
480163921920
480168000000
480304624800
480462446610
480504751727
480575214080
480680200000
480787922160
480934026040
480970755200
481009557600
481038172160
481347292608
481443510240
481461926400
481477721400
481487645520
481515322680
481545000000
481675084800
481787361125
481890304000
481975861248
482077080576
482083443200
482160000000
482197676940
482232216960
482233500000
482279062500
482304844800
482324159898
482496849792
482499867168
482547858975
482553676800
482722128000
482760964224
482872803840
482900600000
483183820800
483295232000
483323138025
483443251200
483623437500
483663398400
483729408000
483750000000
483753984000
483776065125
483860418048
483892120800
484021427696
484229210400
484239168000
484275611250
484300215000
484363929600
484430972571
484438500000
484446044160
484555571200
484692187500
484704256000
484909895925
484920000000
484993056600
485016833664
485149500000
485203870592
485226807296
485389236024
485409024000
485417829600
485471353500
485501091840
485605125000
485618976000
485626781250
485720064000
485833310235
485865245250
485908500000
485910561825
485938252800
486000000000
486091368000
486171437500
486201206400
486362668995
486375787350
486377835840
486410649120
486603750000
486661160960
486662716800
486763804800
487018464400
487070976000
487111734720
487217450720
487228981248
487280551875
487370566170
487405900800
487524925440
487761789812
487780000000
487810252800
487842808320
488072000000
488085707200
488146272768
488158083000
488214636000
488291140080
488314008000
488317648896
488350464000
488373046875
488390411250
488418058765
488477587500
488511129600
488531469510
488552529920
488585597760
488593800000
488610696288
488672067584
488726138256
488781378000
488830742400
488991255296
488992982400
489020313600
489223618560
489255811200
489273408000
489419840000
489432075496
489504038400
489530657322
489531600000
489600000000
489729097728
489742848000
489793337046
489842018120
489864560640
489880660500
490106760000
490179133440
490197028608
490282075530
490394165625
490417691400
490477773312
490624565760
490876218000
490983557967
491016683520
491092875000
491242320000
491270438912
491292532224
491300061184
491392364400
491401728000
491427938304
491642102016
491701334250
491839983750
491985000000
492012480960
492120353088
492299697240
492307344000
492328123280
492627640320
492785181070
493038000000
493420916736
493421777408
493577392000
493583625000
493590184620
493783593750
493807104000
493848000000
494265241600
494317318950
494337413120
494391093750
494410661888
494464370400
494498046875
494511056160
494515125000
494774562816
494928743400
495338913792
495386690688
495407696400
495537588000
495579884800
495609604992
495729654147
495732958479
495897417216
495898225920
495923420160
496121416336
496125000000
496218271500
496271717760
496288437750
496331718750
496379016000
496406379744
496520578944
496661256000
496677357792
496757372832
496867737600
496964034126
497049777536
497106783364
497141989344
497189832480
497218288000
497226498048
497259648000
497306953125
497364117345
497377345536
497378049168
497428776000
497442982400
497543125968
497633479200
497734886016
497745253125
497898281250
497996364957
498178200000
498225937500
498290574600
498301756416
498319534944
498357562500
498385774250
498488699475
498501499500
498676184864
498686129685
499050400050
499064664150
499116729888
499124371680
499166571904
499230000000
499254336000
499323855240
499408000000
499431488580
499497316416
499614118656
499703256000
499712976000
499730175000
499931787264
500030711136
500111781120
500194842000
500214792192
500366491548
500388443100
500512131072
500537109375
500572702224
500708340450
500927743125
501017400000
501058855570
501120000000
501158783232
501165916160
501181597312
501187500000
501233692960
501350400000
501578461125
501601280000
501645312000
501719517072
501731807850
501735022740
501919449500
501988136000
502163625600
502182707200
502372860444
502475114232
502522308288
502547755840
502625088000
502809616125
502834515120
503038296816
503060430600
503123595520
503176273600
503203840000
503329881600
503347200000
503613015360
503645688000
503763552720
503939072000
503992440720
504000000000
504071424000
504077516800
504153905976
504206523744
504300504960
504405427500
504426082500
504575089200
504648601600
504661622400
504688662144
504787560640
504792000000
504954550100
504980727342
505019531250
505152694800
505274220000
505402031250
505429632000
505432146240
505448339760
505481012568
505518016608
505616904000
505650600000
505658474496
505749943800
506031718400
506124288000
506380366800
506460937500
506538408398
506786719296
506858234400
506969174400
506992122000
507008365500
507033077382
507154804755
507219148800
507248640000
507301961985
507528424832
507926027700
508061179008
508097986560
508144179816
508218209280
508352474112
508369305600
508423009536
508440670920
508526067712
508528125000
508556912500
508662213696
508735782100
508852482048
508859140608
508936245120
509145750000
509193879552
509341770000
509362214400
509442288608
509691139200
509695804800
509804411634
509900040000
509978511000
510097656250
510129290944
510134476800
510183396450
510286236480
510347032832
510357062475
510433394688
510465535488
510511266720
510539078346
510636934080
510684200000
510754816000
510770819072
510808940928
510828462144
510858163200
510939187200
510966480960
511067256000
511096068000
511097405148
511114096500
511401000960
511580623365
511584159744
511656631200
511738457265
511753910850
511974513000
512000000000
512003643840
512096256000
512156348928
512164133190
512479044000
512493276384
512625367800
512627834880
512784232254
512826163200
512934822400
513000000000
513041817600
513073698984
513096444000
513188125632
513211656618
513329523525
513443888640
513454878720
513495641472
513597024000
513962496000
513968748800
513973152000
514088482320
514098000000
514264826880
514400689152
514437218750
514484006400
514493536050
514498170368
514596726000
514877046912
514922179200
515203009272
515293187500
515295428760
515355914997
515627955648
515658654000
515732964570
516058262720
516184987500
516260005200
516360859375
516371270064
516371627520
516447553482
516481920000
516511157760
516618368000
516796875000
516824797860
516888373950
516892657554
516933144000
516949706000
517004077993
517084062336
517150033920
517426560000
517559943168
517579286616
517655063250
517787381760
517861529856
518144346180
518177587200
518266250000
518365286208
518519531250
518634439680
518713499808
518764646400
518921348400
518935625000
519043075200
519134616000
519330214125
519531355728
519555043800
519686578125
519698972672
519810200000
519834299400
519876988800
519938800000
519963046875
520090066944
520129015875
520150831200
520200000000
520224768000
520330350015
520441528320
520563752960
520650118656
520732800000
520762278400
520834342896
520840000000
520941638736
521044749225
521196000000
521420488704
521449500000
521464135680
521494318800
521532648000
521554255992
521583753600
521675082720
521824166820
521830400000
521838526464
521958850560
522419625000
522433417680
522454597632
522478150335
522565779456
522608275260
522629334000
522713255265
522742058784
522764928000
522829687500
522887838720
522910242000
522967547232
523014710400
523087110000
523113043968
523320016896
523327242240
523332870144
523460737800
523480596480
523496066400
523567800000
523604250000
523761714000
523968681600
524088765000
524251255968
524463850512
524607052032
524628266180
524647777050
524878353675
524880000000
525005645472
525041664000
525097302912
525156819200
525230503200
525317491125
525409144650
525454272000
525523727736
525536282250
525623798700
525763596800
525899202400
526005043200
526177308800
526348358856
526356054016
526496196928
526550361750
526580169479
526750000000
526891865040
527271806880
527322332250
527379128640
527402704500
527811564150
527902832600
528072339600
528118650864
528125000000
528125018112
528172531250
528243068808
528272494464
528482304000
528573427200
528656744448
528684810556
528712043904
528766056000
528843316392
528869250000
528949149696
529222332240
529315300800
529356498944
529457217536
529625698875
529647151264
529716796875
529749648288
529783136064
529886306250
530046720000
530078784768
530082000000
530181288000
530274528576
530360156250
530460147360
530470704000
530596233216
530631700650
530703753552
530707759400
530712000000
531012656250
531145875000
531202963200
531206613504
531332900640
531368767440
531390080000
531509946240
531539910720
531782569500
531794139264
531798920208
531804873600
532082870800
532102348800
532115759578
532170000000
532225039500
532361725000
532488785920
532735590400
532764377600
532860627600
533063583360
533117676672
533130382512
533230387200
533355840000
533481024852
533548852200
533620301760
533655864000
533657451600
533683424736
533832484500
533860048800
533862704466
533984758125
534057854850
534088063600
534143205376
534149586432
534255976800
534288750000
534309048000
534354329600
534549549312
534554121600
534675456000
534920744448
535020471648
535112156250
535122500000
535131562500
535180595040
535494253122
535641200640
535692528000
535842283264
536032417050
536057315388
536107622787
536133427200
536210000000
536384000000
536481792000
536561293824
536625197500
536832387000
536882808000
536995751040
537070023072
537223078080
537250675104
537264000000
537333750000
537370656768
537528961250
537745600000
537890371200
538032456000
538074900000
538084012500
538125000000
538153820568
538245773037
538256636190
538265000000
538273382400
538361265780
538397496000
538431141888
538470970560
538562230668
538826219932
538920540000
539023539600
539101332000
539120140200
539168400000
539187570432
539218305714
539313746400
539466606720
539492352000
539585373600
539679516480
539725824000
539755776000
539814789150
539868561408
539938713600
539961820272
539994536928
540008910000
540022788000
540028551102
540222796440
540342702900
540453602052
540525960000
540532553400
540569971584
540595036800
540965125072
541050779295
541170073600
541228843008
541232988160
541328125000
541443604480
541458933925
541583874432
541658250000
541672491360
541760081751
541870352478
541874551680
541900800000
542017881600
542063699177
542073005460
542126592000
542147186880
542336715648
542416240800
542675662740
542755648512
542868864000
542872886400
542978505216
542997000000
543081683664
543336854400
543610081300
543614976000
543707136000
543769303680
543808290816
544112640000
544137914944
544143441920
544161945600
544214818940
544254197760
544346359375
544362249600
544397531580
544403100150
544537728000
544545351168
544616589440
544740881832
544757861700
544773694500
544882406250
545044500000
545106931200
545138406400
545460680128
545532699600
545535000000
545564910384
545696157600
545864002560
545912097900
545933375000
545934616416
546096474000
546102648000
546209939304
546291744768
546325189830
546519997584
546614231040
546641700000
546644464128
546682572800
546746050656
546800392320
546872788992
547094898000
547151319360
547171653600
547394319360
547551491760
547579468800
547620045700
547622246250
547853248800
547895772450
547915375161
547954848000
547996020000
548033740800
548279540475
548456700000
548599688000
548752500000
548815577760
548904807360
549038850048
549096420600
549169152000
549241465500
549316406250
549335937500
549347722560
549526527720
549536762880
549632000000
549661607950
549805401600
549816905538
549877410000
549890039808
550029312000
550055156560
550115162208
550187484000
550262181888
550368000000
550429656320
550611084933
550685520000
550692043200
550723050000
550731776000
550800000000
550814398310
550826735550
550907406000
550945234944
551072270385
551082009600
551189758944
551282507776
551426400000
551483267400
551615201280
551616000000
551642068330
551645356500
551649280000
551726816256
551807424000
551854632960
551952636480
552058088400
552152764800
552188340000
552337408000
552369300600
552412695744
552549361536
552587354616
552712500000
552810086400
552834688896
552889745408
552960000000
552964517248
553063956480
553117966632
553635397224
553656194000
553660395750
553743590400
554009312500
554040000000
554043235200
554182738200
554320192608
554403150000
554404500000
554559602688
554574144320
554684785920
554774719005
554824404000
554923876200
555041894400
555044420574
555214450752
555224488000
555226140672
555266316704
555532992000
555618219552
555624500000
555649024000
555778944000
555843050280
555887576400
555975360864
556048396800
556178594400
556215042048
556612444608
556800000000
556804248000
557027960832
557249559552
557341111600
557375000000
557461926000
557474683500
557479786500
557494993440
557560805616
557568000000
557578454400
557685000000
557691117984
557800473600
557848263168
557894952000
557947837440
557959584000
557979120400
558020689920
558057409650
558136593378
558140625000
558192067160
558194753536
558236101500
558305682480
558404665600
558412857344
558554096304
558629500000
558767808000
558839736000
559030119700
559095312384
559216794112
559281672300
559347432500
559402209236
559431100800
559545174720
559662468750
559787760000
560017221517
560067955200
560184934400
560225175552
560351001600
560450475000
560475751968
560568959232
560665385280
560697984000
560765180160
560935065600
561001392000
561105764352
561124066248
561249000000
561314860128
561395016000
561533904000
561562393392
561623699520
561834000000
561944382000
562084462592
562148437500
562173981600
562207027200
562271327744
562275000000
562322861216
562391424000
562423260672
562432000000
562477154400
562536000000
562609247200
562628512000
562628851200
562859001306
563067792672
563074467840
563175816000
563208708816
563255259840
563576832000
563760000000
563794083072
563811655680
564098377500
564227343750
564349098950
564489250000
564601960000
564859072962
564860135844
564934078800
564950498000
565031272968
565049066400
565270349085
565438223328
565633913940
565702031700
565751452392
565977600000
566051587200
566073307800
566093905650
566104320000
566129131659
566439937056
566449346260
566548176168
566564578125
566739763200
566769623040
566779637424
566870400000
566940008448
566943942656
566995904384
567002812500
567020160000
567069900800
567106596000
567155001600
567186786000
567226301850
567234740800
567426502656
567681222528
567854310618
567886005720
568081152000
568140189696
568273305600
568392552000
568399970304
568542406250
568598285850
568626458400
568655575200
568890000000
568968750000
569075716125
569138702808
569287180800
569332425968
569397755472
569436973760
569531250000
569583742000
569646093750
569752218112
569904087456
569929651200
569948065632
570026004480
570179580000
570302532800
570375000000
570473840640
570535812000
570854075904
570859301376
570964464000
570970341376
571120200000
571244336000
571284430848
571350614016
571441397760
571473004032
571660524864
571822944000
571832641764
571872506400
571915468800
571995754785
572003250000
572024980800
572064864800
572135436288
572144651232
572182250624
572304392192
572445489141
572573822625
572618389101
572652281250
572712510825
572886793584
572908360320
573036627300
573309459450
573358500000
573381244800
573411454560
573538875000
573542598096
573620575500
573651556625
573780787200
573897749040
573901286400
573996170880
574000000000
574018099200
574140411936
574154735616
574255500000
574325175060
574343859375
574450000000
574470862875
574584246432
574647716825
574668017280
574670536704
574720000000
574751510528
574770937500
574793452800
574820652384
574926206400
574929066348
574950663000
575079523200
575232421875
575385527808
575395597920
575431047168
575525617664
575625398400
575757692928
575802441760
575893999200
575897600000
575924580000
576000000000
576024307200
576097783625
576118950625
576151879680
576188579840
576365549760
576703538775
576802441800
576844369920
576935766180
577017380160
577038092400
577202651136
577300815360
577673687500
577856581632
577906947072
578045704375
578183205600
578334426475
578658163200
578673994752
578777308200
578921316750
578953436544
578983670720
579013619416
579068728320
579176114400
579210000000
579294720000
579554150715
579601777300
579722170300
579773670840
580152934400
580185600000
580215474000
580531278150
580590504000
580675861400
580765248000
580799268864
580937500000
580938863616
581075052480
581130733500
581175000000
581207900000
581326200000
581371777350
581377500000
581400000000
581568419250
581573601000
581935860000
582058321250
582087720960
582140697600
582202026000
582301872000
582306237760
582554976256
582627402576
582633613296
582639865500
582832584000
582999972282
583172096000
583200000000
583253751808
583259154705
583647205050
583769531250
583802578125
583882752000
584007732000
584064000000
584073637056
584104919040
584109792000
584303509504
584416715168
584507123200
584665377912
584685379200
584808448000
584831509840
584990910000
585000000000
585047468250
585252864000
585274005000
585346176000
585358731250
585503591376
585690336000
585779779368
585857563200
585890550000
585945000000
586023786880
586033276725
586039122576
586101670518
586276026336
586298373120
586324371500
586395936000
586760847360
586825699328
586954833920
587031250000
587104174080
587123099136
587207129600
587257031250
587284992000
587303808000
587317350690
587389161472
587401225488
587494687500
587605510296
587739952800
587810421744
587900570400
588000000000
588246750000
588328527072
588338490636
588472998750
588586845600
588735843750
588909061440
589054781250
589144181899
589276543050
589332480000
589351850208
589444340625
589524154752
589588070400
589790859840
589794987600
589822365762
589883422848
589955932544
590373036000
590490000000
590571251424
590625000000
590656911840
590736037500
590772224000
590801421600
590871093750
590954828625
591010611200
591654813696
591746301952
591835701600
591847872000
591918801280
592091500000
592141903713
592237245600
592308221544
592318067616
592333560000
592487663040
592540312500
592675290900
592798352256
592852815425
593101910016
593180782740
593183749120
593186343750
593264095776
593267763375
593602560000
593617752000
593651735040
593692140000
593867602800
593890686675
593912217600
593920000000
593924531200
594329268456
594348517539
594543753216
594747406656
594790318080
594790976384
595077871104
595080000000
595156889600
595278028800
595479713400
595651520000
595718132850
595813003920
595993507200
596064458880
596167205144
596203633728
596222735472
596280306006
596299779250
596327062500
596524400640
596543166915
596567117120
596583046800
596820566016
597105920000
597187500000
597196800000
597218033664
597378600000
597436328125
597449697390
597472073856
597527101440
597539109375
597617935200
597656250000
597793996800
597813840000
597871125000
597897216000
597948689520
598058007552
598062929100
598178631232
598363200000
598392226250
598521818412
598574592000
598584816000
598636300834
598755402000
598906940625
599119303200
599317786296
599407340800
599522135040
599539304000
599642447040
599876433125
599891906250
600100945920
600195805398
600241259520
600362847000
600364633050
600444362322
600469438464
600598545984
600647663616
600742187500
600849071550
600935531904
600937646400
601129918480
601167532550
601344000000
601348587840
601399099392
601442150400
601651888128
601847151750
601866451296
601894153350
601918108704
601965000000
602078169420
602184730752
602292879360
602312287500
602424511488
602511769600
602584189056
602596350720
602602000000
602675355744
602743504896
602791875000
602822568672
603067129119
603070009344
603351125000
603456327153
603591004800
603619328000
603683293824
603706364352
603741465600
603936435375
603979776000
604211212064
604318210496
604345341600
604438345728
604479180492
604681226487
604825522560
604859023360
605181516800
605286513000
605325521920
605343375000
605375268750
605383954175
605396459808
605520000000
605657052000
605745072768
605784691200
605888478325
606177823392
606250027440
606287710665
606306617280
606456616320
606460932000
606488998500
606504838240
606523153600
606718908576
606736545030
606761280000
606858485376
606899932560
607006406250
607147900128
607311986688
607333908480
607382737920
607495611840
607506189696
607507440000
607617986976
607638792960
607660185600
607679654400
607694400000
607712625000
607923014400
608101956000
608191329109
608218696800
608469162500
608585765706
608662978560
608708278815
608834556000
608881303125
608994140625
609237158400
609350250600
609414000000
609460777984
609545185920
609590841600
609628874400
609677526402
609702237265
609709939200
609789653200
609804450000
609892416000
610031558752
610128805104
610146537840
610268295000
610351562500
610353125000
610386358400
610495761834
610731997200
610907672820
611148646944
611239069120
611489320000
611529523200
611774800000
611790094370
611887374150
612010098000
612017897472
612018171648
612161372160
612220032000
612267862500
612302522650
612381772800
612527401728
612636931872
612746285760
612783753120
612885000000
612889804800
612892090944
612918603024
613038108672
613066053600
613176914526
613280707200
613522728000
613684447200
613726875000
613941774000
614011273876
614086148718
614275921350
614694912000
614728128000
614862584160
614871129600
614935466600
615015601200
615117369600
615150441360
615196800000
615274151856
615321562500
615374621550
615499692192
615532772754
615616916850
615926735424
615972281022
616005000000
616026902400
616060440450
616120155552
616286720000
616449204000
616562688000
616726278432
616943882880
616979531250
617210960000
617346562500
617421952000
617498437500
617661259488
617833101312
617934223872
618106904478
618141859380
618312629088
618376528125
618477649920
618488994816
618489709200
618602816286
618660929250
618753515625
618879557484
619041615237
619151769600
619154379144
619173642240
619193955096
619233363360
619296537600
619380707400
619421985000
619528548600
619543681155
619563431250
619569191808
619573248000
619650000000
619683250176
619813389312
619920000000
619921875000
620151770420
620339647200
620489011200
620568000000
620616654000
620642736000
620789679575
620872200000
620946716040
620963663232
621023962338
621142240000
621261576000
621323550720
621350000000
621383479205
621415463175
621457783296
621660773943
621736762500
621801562500
621967035375
621969408000
622072430874
622106251776
622110125000
622119924900
622185606315
622196134560
622205440000
622236188672
622295982000
622502055648
622722750000
622839821877
622857816000
622863218250
622992144240
623045682000
623320077600
623435628312
623694500000
623750595840
623833547904
623847656250
623863037952
623895912360
624032145100
624040710624
624105900000
624154819050
624206063936
624320156250
624322038912
624371645520
624401348625
624427008000
624613605625
624674606292
624736530432
624760308375
624914734080
624962000000
624974616000
625139726400
625214233852
625231807200
625458114435
625638297600
625640163840
625904884800
625921037820
626189000184
626363276000
626380671136
626457395200
626631196100
626664729600
626798260368
626855785920
626913312768
626973780402
627008750550
627129930312
627149396340
627199967232
627212362500
627226467840
627255906318
627542530560
627561218592
627598043072
627621192180
627704532000
627726510450
627812500000
627832296000
627879168000
627908203125
627966075555
628093892790
628119425024
628125000000
628138967040
628184694800
628451519535
628575000000
628711953408
628848230400
628881822720
628886021760
628961756800
629145600000
629222400000
629252073450
629497973520
629530137600
629553919416
629669376000
629695440000
629727882240
629825863680
629866392624
629974412928
630037151744
630089280000
630192382470
630211945792
630270751104
630399820050
630506784375
630593372160
630672306176
630787584000
630797898750
631084061736
631112759550
631286662500
631295827974
631312937500
631351593600
631593123840
631757692566
631787040000
631790182800
632073093120
632089203200
632132812800
632187429750
632341432960
632388825600
632723020800
632726168256
632736000000
632746440144
632817931536
632829934176
632941869824
632947474432
633153500000
633230321220
633243101400
633351700800
633527139700
633572793000
633592627200
633750000000
633763790848
634230000000
634288112640
634357890000
634366687500
634497864000
634498038720
634588248096
634599504000
634605507900
634613760000
634679026800
634717569024
634752792576
634839120000
634907534625
635249200320
635304600000
635333450000
635415791400
635550838650
635569310250
635607126000
635660156250
635669434400
635690877120
635696140625
635773132800
635783203125
636170306400
636245792000
636312711376
636479078400
636492349440
636844858650
636870299600
636897447550
636961270400
637050552320
637113924000
637174137600
637320960000
637573120000
637602878880
637668096000
637806403584
637875000000
637933791040
637984116000
637994920500
638034001920
638109388800
638139083400
638291460096
638301002381
638555619328
638564472000
638746588026
638784512064
638787883776
638934912000
638935650000
639156617216
639160000000
639182557728
639280656000
639386980992
639434277540
639464000000
639569548800
639614250000
639622184960
639738572319
639785617408
639968141250
640014012000
640168755200
640257343488
640281040659
640406166400
640417569750
640457736192
640616595480
640620735391
640696544928
640781709750
641090764800
641107172160
641115842400
641183330304
641279362500
641370555000
641377011024
641590349400
641667240006
641785592448
641801265625
641867353920
641949235200
642319590528
642396086023
642440828125
642734311338
642759432192
642769440768
642779118800
643053451500
643107654000
643233201408
643291619445
643404902400
643596308640
643637787520
643756784000
643803820324
643925700000
644003761590
644077098720
644119285950
644412070575
644430850700
644443319520
644486295168
644874393600
644960784000
644972544000
645034753500
645083752950
645208768512
645211422720
645292720800
645325006500
645348675600
645638947200
645875000000
645907963428
645918000000
645969767520
645996093750
646004127600
646030997325
646173717135
646187132500
646203609216
646232256000
646256250000
646367232000
646425000000
646437542400
646493405184
646555000000
646560000000
646632348372
646655834160
646657408800
646819495875
646875000000
646949928960
646953091200
646953507200
646974108270
647004721896
647048847456
647138419200
647319132416
647502375000
647502448320
647680432725
647731779840
647777746980
647799967584
647880749100
647921664000
647995319296
648064935000
648098670128
648121824000
648143086500
648213989472
648265530528
648297356994
648506507264
648632812500
648669531250
648739553280
649012658112
649014975360
649017241600
649018406400
649252527616
649260935154
649288830736
649427968000
649451520000
649633628160
649707402500
649717031250
649800000000
649879630400
650122200000
650145315456
650195031528
650362258944
650369617920
650372247000
650497270500
650551910400
650655281250
650788992000
650916000000
650920842585
650926740114
650952848000
651019161600
651136390632
651164062500
651172037250
651390321843
651634851008
651643699200
651847014000
651908874240
652115010976
652280208525
652288000000
652404658176
652517349376
652530816000
652607425600
652672051200
652708800000
652939546875
652972130304
652979527200
653057782728
653207224320
653578456608
653596038144
653709434040
653772800000
653858887500
653976504720
653985384000
654109616160
654166087680
654247466496
654269349888
654370083000
654384816096
654501624000
654528583800
654739394400
654809701104
654836000000
654975150000
655210810800
655233752355
655327376640
655505702912
655601779000
655669909440
655699968000
655785332725
655786645000
655839843750
655858926450
656108035200
656160470784
656271507456
656446024000
656511055200
656538129000
656763448320
656787425049
657058521600
657061790112
657146695500
657301975200
657475000000
657568359375
657768198373
657861750000
657893568150
657935448570
657969313950
658041384000
658120246160
658136534400
658259784000
658265199984
658378125000
658401534000
658409472000
658486734336
658648292400
658702257192
658873938312
658944000000
658997248000
659055864467
659089758600
659108659200
659188125000
659353500000
659626938936
659737636992
659942121600
659963630000
660177661500
660303836010
660351221760
660421698300
660422970000
660451885056
660515587584
660716784000
660766720000
660812806656
660977277972
661060059136
661197634560
661286724462
661372314624
661413406167
661419281250
661497647616
661500000000
661635000000
661641600000
661672919040
661695623680
661813734400
662270440000
662343163776
662474166048
662598480960
662881173504
662920605648
662989698000
663006994335
663055057875
663057115920
663075937500
663147862650
663553296000
663698520576
663870504960
663891738624
663906378240
663907368960
663917997600
663995153276
664166125800
664168918400
664192681152
664223616000
664237600000
664252710912
664387432800
664459894980
664628328000
664651599300
664655544000
664742674080
665209510000
665212500000
665262720000
665285400000
665331638400
665413734375
665419552200
665452156250
665488973184
665589657600
665600393216
665663667200
665725132800
665828154240
665840000000
665908651440
666203375754
666250231500
666361987200
666537984000
666575716352
666664960000
666815708160
667155322064
667184590800
667212876000
667290605625
667308953625
667382812500
667446238225
667554048000
667565712000
667758397694
667903657500
667968885936
668063434752
668160000000
668165097600
668186936640
668191555584
668245173024
668327400000
668457607840
668508973848
668771281500
668860416000
668970057600
668975743800
669128687500
669364187184
669513600000
669526341120
669543226560
669551500800
669802854080
669830480592
669966818976
670086406080
670128132096
670166784000
670260366216
670274092800
670471214400
670541976000
670697500000
670885031250
670924800000
671040483750
671088640000
671109120000
671201125056
671219829360
671273730000
671299964928
671422500000
671476237614
671682375000
671726960640
671783339136
671998440102
672000000000
672126336000
672229490688
672362976032
672400000000
672475742208
672540570000
672647425254
672692275710
672805299712
672846704640
672918216192
672951582225
673103091024
673307636456
673359375000
673453441024
673532774915
673599827250
673650675000
673871959040
673900175250
673984463040
673996308480
674020914336
674196357120
674332775424
674333258400
674381168640
674431296000
674789266176
674875000800
674954799750
675024000000
675028485000
675053568000
675125103744
675226782720
675278495550
675281250000
675374168700
675376947000
675567002565
675584000000
675665691750
675689361408
675956531250
676011154000
676021925376
676041024384
676047959424
676060840000
676206406340
676292198400
676472338080
676797721600
677053478400
677196733500
677197265625
677250000000
677303992320
677343750000
677376000000
677387176704
677503346688
677599322400
677605500000
677675181456
677768000000
677825740800
677920894560
677985855750
678020301000
678058879680
678144960000
678242794320
678400261632
678527926272
678687959872
679078968750
679088935008
679163442984
679208576832
679255448616
679347582914
679477248000
679739215512
680022322224
680179302400
680260594464
680525414400
680718771128
680759302666
680805000000
680890228200
680926102290
680947327125
680974908768
681135436800
681177600000
681252249600
681325625344
681423008000
681463206864
681789026880
681859721088
681860060640
682195156992
682295358528
682317943020
682318792638
682333397424
682338547800
682355258676
682534895616
682762424130
682762500000
682784194560
682799654160
682979931648
683305580160
683324368512
683387733600
683435276496
683455905792
683500490400
683607596112
683656200000
683749123200
683785282271
683868622500
683944057314
683973541888
683979003264
684024935328
684130000000
684277920000
684367257600
684515470275
684800438400
684982771200
685106521200
685257693120
685297536000
685442839032
685453348944
685537136640
685572308992
685623515850
685668368000
685991381400
686000000000
686019472200
686079590400
686121493824
686128968000
686149464000
686242187500
686354036368
686355862500
686394905742
686551831875
686647265625
686782200000
686908159650
686997440000
687026995200
687073496850
687145455360
687346762500
687387659400
687397404672
687439872000
687614238720
687643952760
687653699040
687739248000
687819923568
687949310160
687962419200
687984460800
688037070400
688129344000
688246650000
688328440800
688346673600
688578969600
688629438000
688641681728
688681543680
688864604480
688905000000
689034514140
689045256900
689190210072
689219576136
689235674400
689251964944
689349609375
689354084250
689412505600
689454787500
689473346625
689634000000
689778187875
690442734375
690518682000
690540511232
690615525600
690745258000
690768000000
690867001440
691072799040
691229168640
691387200000
691397458290
691453900800
691455042000
691573334400
691598250000
691629127200
691857450000
691875000000
692044246530
692055000000
692070242500
692224000000
692352000000
692378025984
692416245024
692441980425
692872081920
692900240760
692915437500
692926676992
693056000000
693151425000
693169318400
693389592000
693505354500
693521281024
693530505000
693576000000
693589221576
693600000000
693611444400
693633024000
693654845250
693876456000
693971712000
693982229850
694080000000
694556262400
694726332300
694777430016
694803812850
695036392281
695230140336
695257326720
695401875000
695784701952
695811272625
696065765472
696285337680
696345174000
696464345088
696557646720
696559500000
696570347520
696624768000
696637533780
696654233600
696774315888
696811033680
696835968192
696843354375
696951007020
696969617175
697284132864
697290062976
697321548000
697368690000
697412109375
697449480000
697471671456
697525862400
697584409600
697628098909
697700587500
697709442096
697740083950
697777160192
697930836480
698000247000
698139000000
698565055545
698567187500
698624908800
698774120352
698785020000
698835060000
698916002512
698922000000
699007795200
699148800000
699252761545
699329510460
699560064000
699636787200
699755397120
699869645514
699877209375
700156493568
700221329280
700281469440
700423321500
700434434700
700563093750
700831731600
701382205440
701382331125
701405082810
701407641600
701538156000
701723686752
701727170144
701759225895
701797811808
701870000832
701952991740
702131976000
702375100416
702537052140
702783390400
702843750000
702874972800
702877593600
702957257600
703029075840
703096443000
703125000000
703127126016
703566858176
703703846912
703748752200
703843084800
703923720192
704030745600
704446783040
704462625207
704614809600
704764569600
705267098900
705268973808
705342456000
705384972288
705514700800
705746600000
705898582272
706020706944
706073702400
706074624000
706167598500
706196515500
706289062500
706289091210
706304214720
706707781650
706708800000
706713084000
706728256000
706776000000
706788281250
706892659200
706974647184
707041062000
707146875000
707180544000
707189315490
707213772720
707383908000
707442278400
707479264622
707605004736
708016875000
708049921320
708083712000
708194500000
708278310000
708462028800
708596678016
708679928320
708724422144
708895152000
708961705920
709466688000
709718431140
709732564992
709857507150
709948620180
710030942208
710072570592
710148096000
710175237120
710222746779
710280216576
710572500000
710645000000
710787457152
710819469000
710983000000
711071156250
711223367400
711254940000
711276278400
711423378510
711674498304
711717027840
711796217200
711813939200
711816939288
711837351936
711908920125
711959625000
711979677500
712341302400
712587027672
712752268536
712769392125
712920477696
713057458176
713336000000
713508750000
713567594880
713574126720
713705580000
713860056000
713984606208
714025000000
714101168934
714105538560
714188267520
714313484352
714405888000
714492900000
714572928000
714709889400
714750131250
715056742400
715127900256
715258252800
715776516000
715851800298
715880870802
716212872711
716295784125
716475780000
716559587744
716625000000
716736762000
716764318200
716923593750
717031437408
717054688350
717137101989
717196391808
717201772875
717362298880
717376608000
717538427424
717604191486
717675514920
717697843200
718021260000
718042931712
718200000000
718261851125
718335021600
718418387808
718500743712
718508232000
718526250000
718545141600
718587593856
718688328750
718836830208
718865694720
718916760576
718957740952
719100281250
719288808960
719383922400
719569459200
719753052200
719836165278
720000000000
720038068136
720230400000
720237656250
720237772800
720346598608
720371583360
720456937200
720502751232
720516384000
720693669915
720798002848
721221805791
721271725200
721401039060
721413600264
721758310400
721793592000
722026150398
722090626400
722366846656
722493803304
722595125637
722690508800
722835456000
722907412837
722920278528
722932930720
723003091200
723063854898
723074688000
723115620864
723133661184
723200000000
723354746400
723437713152
723554717004
723767024270
723825770496
723830515200
723944304864
724010047488
724011946000
724148374752
724185334080
724287627360
724533297768
724598784000
724717088550
724729500000
724953824000
725116928000
725263437600
725467028832
725617658997
725706931950
725797387224
725832216576
725844826750
725866394825
725920256880
725999086080
726049666368
726060468224
726088215552
726135321600
726343815600
726364926000
726384712500
726491656800
726509875000
726609375000
726690578432
727032051200
727038281250
727038633600
727098511616
727380000000
727477264800
727576171875
727600465800
727655906250
727734280000
727882797200
728279919072
728284253220
728405766396
728440171875
728482608000
728618139648
728858329056
728942422824
728955676800
728994734208
729000000000
729025920000
729067189760
729257156250
729327902688
729813520800
729840388608
730092046320
730345115808
730423828125
730449934578
730527696600
730562560000
730606464000
730763264000
730834513920
730942383600
730955555200
730968883200
730983093750
731039387300
731114584200
731438307600
731531250000
731591168000
731642684718
731670000000
731722678272
731892761600
731905794000
732042974208
732074338800
732082828464
732128560800
732312904050
732321954000
732392756550
732418168734
732469228400
732548903220
732615000000
732649881600
732766694400
732872835072
732907006650
733089207384
733203390672
733486882944
733824000000
733835427840
733836108096
734148113244
734183353800
734236451840
734256057600
734297400000
734388791552
734435647400
734476761216
734479345600
734506887870
734593646592
734763027180
734939600400
734981607360
735005630304
735124272624
735423113295
735432750000
735488000000
735614551584
735640289280
735936848640
736384150138
736470937800
736492400800
736503696144
736651000800
736783139488
737085566976
737109027200
737266876416
737280000000
737342821800
737365781250
737488404480
737552001375
737759975625
737782219260
737835136896
737894528000
738000000000
738112500000
738180529632
738321139800
738644306400
738830057472
738860400000
738978552000
739020153600
739059578400
739177771605
739206000000
739387958400
739398980880
739584819200
739781392896
739898501600
739915042896
739948981248
739965542400
740247508000
740385276930
740390625000
740391062400
740521837440
740710656000
740880000000
741019285440
741041421120
741234000000
741264331500
741382909344
741397862400
741475978425
741554663040
741586640625
741668214000
741860471250
742069655712
742073976882
742149926144
742236466608
742533750000
742644206304
742658985600
742995787776
743071356288
743265102592
743282568000
743306382000
743371167744
743378407200
743414407488
743665287168
743758848000
743916274416
743946112000
744182124504
744185520000
744187500000
744223047984
744407576640
744482872000
745102624000
745228947078
745660175046
745829826560
746004878640
746025707520
746289016704
746484816000
746698176000
746959457376
747267300000
747338906250
747365478300
747419400000
747429508854
747475200000
747491961258
747578661375
747597312000
747686906880
747806157840
747954000000
748022209792
748032667200
748052237016
748152273015
748231020000
748313017920
748360698750
748543174288
748604463696
748611780007
748644602112
748687500000
748749857856
748866048000
749100359952
749147232870
749230080000
749259176000
749412000000
749471533056
749531250000
749553058800
749819531250
749861112000
749897680896
750150186912
750269320416
750549737322
750586798080
750614200056
750658390625
750757038291
750901088000
750927760128
751388324400
751565341800
751588283355
751680000000
751748874240
751794051456
751896576000
751938163200
752105144700
752178979200
752303125000
752324446125
752354749440
752386572288
752540545750
752656478112
752769365760
752843840000
753145430616
753245438400
753398755200
753437916000
753489843750
753506810000
753528210840
753559290666
753571000000
753705772092
753710343750
753802280352
753940561920
753990120000
754042523520
754273975104
754488756000
754656215040
754656641024
754696471632
754767655200
754974720000
754980595200
755080704000
755419437500
755598975615
755621344759
755827200000
755917127680
756031903200
756311915016
756608141250
756706828800
756808499200
756840777440
757027347888
757293121536
757395104256
757520252928
757528455636
757529296875
757682359200
757722279240
757760000000
757834726032
758051516781
758131047800
758211300000
758302534080
758321550000
758341487904
758376448000
758451600000
758624372352
758808648000
758851603744
758902207644
758937600000
759272039928
759278520000
759342729600
759375000000
759382737120
759528125000
759564288000
760122539136
760195800000
760239440000
760512548250
760561708725
760743370000
761145735168
761260500000
761397436800
761428836000
761757696000
761800818688
761900746516
762314716800
762352819200
762463225216
762499268608
762553958400
762559598592
762560593920
762661006380
762835368750
762918912000
763064530722
763264101600
763266516480
763438379904
763491185468
763720903125
763745779440
763800710400
763839426672
764048836400
764164800000
764243383904
764371980288
764393241600
764411904000
764706617451
764718500000
764855265762
765146484375
765201715200
765520549248
765548658000
765674000000
765791812500
765904896000
766188564480
766352047104
766361250000
766519705600
766572088464
766600884000
766646107722
766671144750
766722452500
766735209504
766976562500
766996426240
767194428000
767241396224
767263323648
767327275520
767329945200
767340000000
767356305408
767514092345
767858665600
768058200000
768178380672
768425720832
768466730304
768559104000
768938051700
768985650000
769052812500
769069922400
769094562600
769113225000
769351468032
769494441664
769516887042
769675804416
769687573200
769754112498
769828374000
770041036800
770077219184
770302406250
770364354240
770380232832
770382596250
770432705928
770836248000
771052122720
771195712000
771289593750
771516283104
771573600000
771738762240
771744679200
771750000000
771859368000
771895089000
772076574360
772148290914
772200779112
772261281792
772308992000
772458373125
772520234850
772530393600
772790757354
772841250000
772881323760
772939781250
773094113280
773437500000
773580800000
773599446855
773907158160
773939124000
773955000000
773967052800
774041704200
774140268902
774145512000
774277481250
774766736640
774774000000
774840978000
774880344000
775163385540
775189713025
775408460562
775424559000
775426865850
775722799215
775988890560
776028752928
776048000000
776164410000
776183395050
776478710034
776934842880
776968200000
777015439200
777135015936
777333296376
777685272000
777718900224
778069591200
778090521600
778180270392
778201259760
778350798225
778403437500
778440499200
778613555200
778752000000
778825939936
779008744800
779028889600
779294535390
779498975232
779537079360
779624400000
779869890450
779906594880
779911475200
779984000000
780012870000
780039880704
780050888280
780325000000
780337152000
780464556900
780492990816
780843257865
780875313408
780920448000
780920663040
781056000000
781143417600
781157621250
781223126112
781255116576
781260000000
781424658000
781456000000
781468894024
781517792315
781742783232
781845372000
781932901680
782050204800
782395250000
782523175850
782554500000
782566686720
782615854125
782701620246
782781677568
782950129920
783071744000
783101492160
783126282240
783641640960
783747228992
783808593750
783912412890
784000000000
784012936000
784147392000
784244531250
784253860992
784286613504
784404612992
784451320848
784630665000
784668306240
784782460800
784897533000
784928880000
784958361408
785191106700
785406375000
785678929875
785718750000
785748600000
786147465600
786280502826
786870126000
786942399270
787347993600
787611600000
787652946080
787679515584
787735228800
787995000000
788001177600
788038203888
788227783200
788448673792
788456289712
788534296528
788689800000
788730563500
788814936000
788855077170
789224325120
789284126720
789304185728
789431999616
789522538284
789719171504
789733800000
789737728500
789744295392
789804411264
789909250000
790053750000
790065156096
790091366400
790118461440
790359055200
790442744000
790548595200
790631314200
790705572800
790721906688
790766523585
790907710320
790948121600
790983498375
791204621382
791224200000
791378488719
791405004650
791589520000
791832951045
791854248900
791884595200
791885989440
791965991250
792351680000
792368640000
792472222080
792837302400
792920600820
793027215834
793152000000
793237693248
793437161472
793477472256
793704038400
793828224000
794225124000
794745000000
794784708900
794853904446
794868940800
794959692800
795040693200
795047547840
795052219500
795212883000
795390889220
795475968000
795540234375
795615436800
795749572800
795782587752
795852324864
795886041600
796052275200
796250000000
796313503872
796392405000
796518984375
796709333376
796718812500
796777512960
796926090240
797040000000
797077017100
797085120000
797264919360
797322244500
797337990540
797417238800
797532700672
797673854250
797714568000
797832406000
797836499680
797897807496
797969232000
798036406272
798086088800
798141765888
798169472100
798173639367
798413988240
798480640080
798542587500
798720000000
798751604736
799090381728
799233726240
799467308640
799485237936
799622347392
799742070400
799855875000
799918031250
800000000000
800017956864
800178849792
800273203200
800565478020
800770744350
800794056699
800806500000
800834973120
801103243500
801132095400
801133344720
801411072000
801473150976
801491634450
801694168912
801713193750
801727180800
801845850609
801856446300
801865465856
801940633650
802071704448
802073390625
802087848720
802089843750
802109620224
802511732736
802697343750
802770892560
802776036384
803150964000
803178270720
803219079168
803461800960
803468261250
803538792000
803600000000
803635200000
803763424896
804041501760
804048625575
804495385800
804535224192
804606566400
804650371200
804710833920
804754775405
804896688960
805166015625
805248580500
805286707200
805324212000
805442654016
805637404800
805668680700
805711795200
805876500000
805898833920
806294412000
806434030080
806656258125
806911769664
807048684000
807187500000
807212952000
807218970624
807273216000
807310546875
807384954285
807582117888
807660097024
807733915625
807771340800
807824332224
808046928000
808239329898
808380518400
808687411200
808691433984
808827458571
808987046400
809134470272
809168486400
809199910080
809238528000
809263986125
809395891200
809647888896
809945759700
810153750098
810165888000
810176660676
810213580800
810335344000
810389923434
810514054350
810577139008
810632812500
810684415200
810696219648
810903912000
810973175040
811009584000
811012608000
811447687608
811611038420
811683139176
811761205248
811992187500
812048302080
812175000000
812301663600
812353297536
812467000800
812552000000
812681644320
812686118400
812743789410
812826705600
813071347200
813104730000
813173812579
813183113600
813189888000
813387622500
813505073472
813645000000
813691060000
813697349166
813920488290
814054500000
814055424000
814195786950
814309329600
814351160480
814919712768
815022000000
815121213984
815222620800
815228732864
815298750000
815461171875
815487160320
815505822720
815560704000
815849832200
816093331456
816215162880
816302215125
816363171918
816406416144
816440934400
816457978368
816640000000
816668560224
816844600000
817100431488
817136792550
817137003375
817202744127
817289272800
817323609375
817379877600
817489968750
817497660672
817569219368
817707609600
817746886656
817962603750
818074687500
818302500000
818380800000
818467363350
818512126380
818528997384
818701171875
818781531624
818848334304
818868146850
818950204800
819045494784
819046563840
819064995840
819403503360
819484646400
819616059392
819729907073
819779996376
819796950000
820020801600
820125000000
820200588480
820279183500
820510720000
820672661250
820834637760
821011464000
821145600000
821298707712
821327237640
821413920600
821736767488
821880259200
821914796032
821932272000
822083584000
822168000000
822244290966
822529606500
822581508096
822650307700
822823723008
823080000000
823128750000
823169877075
823194792992
823379356800
823592422890
823862198250
823875000000
823956485814
824184503296
824185093600
824492411925
824502037500
824533673670
824635293696
824725358307
824873940000
824951400000
825008871456
825043650480
825065472000
825152904576
825172743312
825195340800
825297984000
825644484480
825823000728
825895980000
826016008320
826038064800
826084575000
826221597465
826289263800
826417852416
826429272064
826451693568
826562500000
826852698000
826866634671
826909894125
826914894336
826919676576
827093030400
827119529600
827315739360
827343966240
827424000000
827463102495
827534298240
827786150100
827841282048
827858880000
827928954720
828092707560
828184500000
828248101200
828553950900
828569982240
828794470400
828881031924
829030953888
829090548000
829266984000
829530956800
829900737072
829993941595
829997587232
830088750000
830131344000
830207657250
830257209600
830297000000
830362500000
830453095836
830457248768
830477088000
830484291000
830601707184
830655319032
830928342600
831043584000
831112429056
831285000000
831288070080
831464156250
831467080080
831515625000
831734879040
831797366400
832035110400
832050000000
832320000000
832351240192
832503147840
832528560024
832690197760
832891368960
832899475056
833013744500
833159082600
833172480000
833219645440
833299488000
833384103552
833484253536
833499466800
833794080768
833944152580
834093711360
834754479104
834918666912
835134160896
835193963968
835251674400
835264638720
835636217310
835693372800
835871400000
835884417024
835893468288
835948288000
835965040536
836011667400
836173240416
836219679750
836341208424
836400000000
836429576346
836536320000
836709072678
836929033200
836939376000
836968680600
837049335696
837210937500
837239640064
837288100740
837458523720
837499997664
837537180480
837543231000
837593706240
837708480000
837756349056
837825457770
838100000000
838278066654
838399589496
838545179550
838645381728
838912000000
838922508450
839021148750
839103313854
839124956160
839355025600
839365001280
839405225888
839436443280
839489712768
839499425856
839900093760
839987401200
840043272250
840141324288
840315158496
840337763328
840344206240
840368805120
840675712500
840791154672
840908550240
841039018560
841063865000
841360891500
841581885872
841634545570
841932000000
842063343750
842111071074
842123700000
842259481686
842298163200
842343590088
842382720000
842413899600
842480578800
842558371200
842603379660
842703750000
842916573000
843161743872
843317557632
843444997200
843540480000
843634891008
843785606250
843845934645
843967278000
844028632125
844085642400
844256358400
844594485152
844644532160
844763724000
844986870000
845000000000
845027406720
845156802000
845194866768
845222809600
845258007925
845640000000
845646451650
845717483520
845731161600
846083097864
846153953125
846341015625
846365000000
846452160000
846526464000
846720000000
846733970880
846755731584
846768631680
846802632704
846929886768
847159236000
847231545600
847254123520
847282176000
847291640625
847400789664
847401118200
847425747000
847476168000
847525376250
847710937500
847767375000
847919872800
848055700800
848066698752
848098567680
848211328125
848576250000
848610000000
848737849050
848739810546
848954303730
849010721040
849023437500
849069310770
849132415040
849214381554
849465792000
849506486400
849574868625
849672016965
849833400000
850132641024
850176000000
850215492100
850224128000
850335833088
850422367872
850510416000
850694310144
850708684800
850738692096
850760985888
850800015625
851348234880
851350500000
851430272000
851477266432
851543468750
851627212800
851662117368
851778760000
851829008580
851836658400
851843207150
851913216000
851968000000
852281892000
852282312700
852335001600
852368378400
852415326000
852480079425
852819000000
852944073345
853125000000
853168619520
853258050000
853591976784
853593914880
853632812500
853678163520
853708054212
853962018624
854001792000
854070580000
854131975200
854155460640
854276645250
854342860800
854375613000
854492187500
854522136000
854665020000
854835778125
854894476800
854923936500
854936576874
855000000000
855019110400
855235362816
855367411500
855520390625
855556320008
855739814400
855815513280
855826069120
855932313600
856080000000
856179450000
856498500000
856632067200
856695547008
856803548790
857025921024
857334481920
857422579140
857447864000
857524340250
857777660460
857808759600
857813483520
857844800064
857873203200
857897254368
857918390272
857942545460
858203154432
858230959950
858394986813
858458456064
859069411200
859141570560
859183453125
859379926080
859412531250
859548736800
859554940950
859775000000
860046338000
860803200000
860851929600
861065640000
861164317440
861210617904
861224000000
861378025248
861435993600
861524470170
861553552896
861564956180
861658998480
861675000000
861731067600
861806770560
862073150400
862080000000
862209878400
862272864000
862425994500
862443407232
862483120128
862592224320
862617600000
862816500000
862978969600
863094702080
863144837100
863336500000
863607783025
863703662640
863721436032
863840998800
863890227200
864000000000
864162432000
864295059456
864306124704
864390732800
864478935936
864575337600
864634665050
864832403898
864852085440
864859979776
864955059120
865035385344
865087803125
865189010400
865191342600
865224360000
865357875200
865520306280
865681246872
866125300950
866152310400
866369196000
866499379200
866522100500
866913131250
866947286400
866986526970
867144683520
867316808736
867522579300
867602550500
867750197760
867865985280
867869153424
867888000000
867926016000
868017990528
868077093312
868212478588
868229383000
868281060384
868381975125
868477500000
868520429124
868591264464
868608000000
868611200000
868707180000
868740225408
868798255104
869402665950
869518540800
869706944700
870204384000
870229401600
870278400000
870586062500
870587546400
870629507072
870743710304
870898392000
870898952000
870913701000
870967894860
870978035712
871036050528
871074588384
871087616000
871382812500
871416000000
871479731200
871563240000
871612578720
871710862500
871789988160
871811850000
871834771808
871839589320
871855073280
871907328000
871955563500
871986979968
872136802620
872200028160
872212070400
872212660902
872221450240
872263954800
872352628875
872393048064
872467660800
872800312500
873215437500
873645003140
873675567072
873901965312
873959798250
874005105015
874120303728
874289335500
874527806250
874837964000
874880627712
874929978142
875056000000
875162171520
875195616960
875239200000
875351836800
875442110976
875539168416
875679775425
875972608000
876063561120
876090600000
876195594000
876258000000
876668759424
876727756800
876757812500
876960000000
876964362560
876991411296
877030187904
877247264760
877285796688
877292418600
877441239675
877598100288
877837500000
877879296000
878036289795
878038096875
878117054976
878359036625
878554272960
878607511600
878786344800
878870553750
878917500000
879030835200
879138000000
879152505777
879242444352
879454075968
879469593750
879716679680
879803856000
879960401460
880355753550
880367616000
880456500000
880558478800
880602513408
880622025822
880659280512
880687450112
880955712000
881083742208
881297162928
881303037296
881308512000
881573616000
881581916160
881715632616
882000000000
882014553000
882124992000
882165816000
882168440400
882190562500
882192168000
882269335458
882373227840
882381906000
882507735954
882525883680
882627309328
882709498125
882967412736
883124218368
883213632000
883582171875
883718308980
883790880960
883830030336
883851264000
883900825600
884014586000
884026247936
884045726208
884073410500
884100245600
884117840000
884197150200
884230373376
884445651936
884501856000
884551449600
884902330368
885062401650
885344355840
885380706000
885577536000
885622465728
885735000000
885849910400
886041763200
886199496000
886202132400
886229353125
886249073952
886304282500
886692381120
886748512500
887013325926
887158800000
887226069600
887311128704
887318630912
887639550408
887719046400
887850270720
887878201920
888101046000
888297254208
888359190048
888449679360
888524336250
888926400000
889252314678
889543769400
889646284800
889745271500
889771174110
889785000000
889892578125
889943312880
889974596875
890119901088
890240569920
890367632000
890411053056
890538210000
890733784590
890880000000
891072000000
891167508000
891321822720
891348097500
891474149376
891507200000
891528560640
891695042000
891813888000
891868052506
891870773248
891959493600
891967658400
892023354000
892131975000
892249344000
892462394250
892602368000
892631923200
892735334400
892891855440
893000908800
893051080704
893107307456
893121465600
893219570100
893289091968
893314687104
893356605440
893555863200
894026986496
894418119000
894449668875
894513375000
894539443200
895009500000
895272279552
895394250000
895617761280
895955397750
895997920136
896168448000
896331840000
896720760000
896923034280
897094393650
897224288256
897298762500
897693819264
897812500000
897836679168
897918777000
897954451251
898099800000
898125929640
898157812500
898310853440
898400256000
898614000000
898905600000
899111011200
899590375458
899654844060
899683512000
899691315250
899945100459
899963322368
899963447040
900000000000
900047585170
900175275648
900375000000
900433248260
900544270500
900919148544
900949952640
901075142880
901092902528
901556960850
901605266226
901722931200
901905940026
902059327872
902220647328
902223984375
902741112000
902763750000
902787485600
902824151040
902889812500
902918101536
902929687500
903014514688
903117254130
903265931088
903488145840
903699763200
903767654400
903774495744
903894526080
903928872960
904208947200
904357674528
904380401664
904432558536
904443396255
904585960512
904781440000
905012559360
905014262304
905024340000
905182387200
905248726200
905318167824
905622471936
905715603639
905717292480
905747473737
905763751578
905989738500
906024960000
906318954016
906783621120
906833786040
906868872000
906912444416
906974023648
907059319173
907186393296
907246734030
907311841280
907498857600
907748624664
907929769500
908085937500
908137343750
908325381600
908336332800
908573608800
908617609152
908861990400
909065830400
909232128000
909428083200
909477616320
909493596000
909512064000
909562500000
909748469760
909757257360
909773337600
909784730400
909807011568
909848920320
909966643200
910000000000
910349898840
910355316525
910373707008
910393344000
910675912500
910775712600
910866662640
910983407616
911023718400
911041317648
911069500000
911099158016
911243417760
911250000000
911333987200
911426826240
911433750000
912171456000
912585819600
912615057900
912771568800
912950447904
913270532850
913326700000
913504531250
913519411200
913774649476
913799234125
914009896800
914490114048
914655175200
914838624000
915010069248
915064750080
915154706736
915189350400
915193207656
915214151826
915275743200
915332400000
915402442500
915529687500
915867388800
916091208000
916097995800
916164918000
916243650000
916361509230
916462350000
916582999500
916612042752
916858603680
916862693472
916945192800
917155338750
917261184000
917295031250
917338567838
917568365472
917662200000
917685141555
917726436000
917804329650
917820072000
917830001088
918038739600
918084917376
918242058240
918252736092
918453783975
918521856000
918649598240
918727009200
918920280096
919132812500
919346110137
919358668800
919433089152
919544693760
919550361600
919666523538
919704250500
920170408500
920508825600
920521801728
920590312500
920599396352
920640786273
920868564000
921016910814
921283906816
921375000000
921419366400
921518694000
921762147600
921846744000
922107609360
922500000000
922513714848
922622012928
922633960482
922640625000
922725662040
922851562500
922883906880
922901424750
922901546952
923074560000
923097225888
923142355200
923198459414
923400000000
923591354400
923656245248
923705036800
923749132194
924008662512
924113995965
924198999552
924218781696
924398092800
924491710464
924519456000
924592158000
924673806000
924800000000
924844032000
924873127000
924893803620
925069824000
925073408000
925198418473
925475803686
925521187500
926019843750
926019993600
926043693120
926139081420
926298240000
926342086656
926740289376
927286641144
927369648000
927637873344
927643500000
927687407680
927712935936
928000000000
928007080000
928040537952
928319336226
928444747776
928562034400
928701779200
928738578950
928746000000
928850045040
929081378240
929292822900
929345146875
929359872000
929468929536
929475000000
929485196640
929540593800
929667456000
929720083968
929882812500
929932640000
930227655630
930569256960
930852000000
931000000000
931156120125
931340353536
931407367968
931420074060
931485235200
931499878400
931567101696
931568177700
931627008000
931713360000
931955625000
932083488000
932208962784
932532134400
932644028448
932746752000
932986482192
933120000000
933214647528
933222326400
933541991424
933710491350
933725000000
934008745824
934084125000
934294827375
934375000000
934439431680
934442308800
934539389568
934654111300
934755494400
934942500000
935288775000
935341992000
935461711296
935556562944
935557593750
935640170496
935678967860
935730415744
935840650976
935843868540
935886848000
935889840000
936285825384
936573970000
936671299200
936750150000
936753336000
936839416320
936841200912
936956636000
937010754540
937011909438
937014755328
937200658176
937301179500
937319040000
937360097280
937360517184
937372101120
937461924000
937462728384
937616343750
937687733640
937821350778
937890576000
938077396992
938100301929
938137928000
938156117976
938233497600
938331669600
938435228100
938659700160
939094095625
939186992128
939283500276
939390566400
939412151808
939524096000
939552768000
939611250000
939656805120
939686092800
939783222000
939974349600
940413260800
940570868160
940617216000
940765573800
940774625280
940883859477
940910400000
941004979200
941082624000
941198109696
941556798000
941646151680
941718750000
941746150800
941910263550
941989036032
942047232000
942132215115
942140839185
942187500000
942254498304
942265073664
942277042200
942368000000
942543994880
942862500000
943110945000
943164837054
943201486800
943291194300
943348059540
943594831872
943598274775
943718400000
943736800006
944022500000
944043289344
944057770656
944247203900
944274403800
944409932928
944793331200
944825001120
945033600000
945039879000
945051058944
945231670152
945279462400
945317495808
945389893770
945458984375
945793803591
946050416640
946177848000
946196848125
946280747808
946485176000
946910569545
946995200000
947061273312
947070082048
947152849050
947324218750
947422531584
947636538849
947663809750
947711606400
948064500000
948140743680
948281144625
948405357072
948564504680
948627759555
948635172864
948697596405
948721536000
948851446752
948919828302
949051468800
949089252384
949211893500
949228421400
949402944000
949788403200
950244750000
950359189500
950478656400
950789734400
950844225114
951147505152
951337293984
951345000000
951432168960
951477532200
951664508928
951719108220
951808000000
952128906250
952168426560
952251023360
952402329600
952499709594
952695680265
952767541440
952827576048
952946519200
952954364544
953000175000
953010036000
953086279600
953149012560
953296543206
953326257975
953353965375
953520299550
953559060480
953796390625
953925781250
954368688000
954469067064
954504637632
954559365120
954735752880
954799283340
954828265248
954847267200
955061045500
955346171325
955383406250
955385578728
955470297600
955496602112
955514880000
955695000000
955898125000
956211162480
956301312000
956502144000
956593800000
956627812224
956717903232
956733161472
956805588648
956900686560
956930457600
957045476736
957095455680
957416071500
957643892100
957817073664
957989088000
958251105000
958464000000
958479814656
958626711952
958685000000
958924062720
958975879680
958992663200
959051745280
959235416064
959251768020
959662412800
959967728640
960040512000
960171237522
960307200000
960316300800
960609249600
960672117600
960882199200
960924893220
960967800000
961009503454
961172564625
961407283200
961597042560
961730154000
961868052080
962128627200
962178041250
962385524100
962715178656
962827776000
962834947200
962975291040
963030645360
963090000000
963129034224
963147386880
963157804752
963178245120
963325071072
963495000000
963508359168
963574722250
963643630950
963668606976
963780608000
964010557440
964058400000
964154161152
964185996420
964361341656
964410446272
964558125000
964806293088
964861332864
964993699584
964996200000
965095717950
965107353600
965114547200
965316502656
965361800000
965491200000
965705730486
965745607680
965858989888
965994400800
966267338400
966382387200
966389054400
966646276050
966714477840
967213802016
967246875000
967458816000
967545376000
967552130250
967621338450
967942080000
968173689600
968211779040
968458420800
968486568000
968549400000
968715850050
968794470000
968861945142
969056156250
969280698750
969384375000
969512736192
969819791850
969840000000
970060337064
970082713600
970142515200
970234496000
970272276480
970407741184
970503120000
970610550624
970778472048
970818048000
970942707000
971039892096
971188920000
971253562500
971353849856
971447490000
971658192960
971666620470
971730490500
971821123650
971876505600
971992978944
972016038000
972296110080
972340200000
972342875000
972480477150
972725337990
973004296875
973137920000
973215337500
973360257408
973615104000
973662584832
973933246104
974004293808
974036928800
974141952000
974219378688
974561103750
974598488064
974675382272
974741132340
974799472752
974960400960
974984850000
975010484448
975063610350
975077376000
975321974900
975523579624
975560000000
975580696125
975643754176
976171414400
976234460544
976292545536
976316166000
976429272000
976503701888
976506300000
976582656000
976666022112
976714339968
976746093750
976758055875
976780822500
976836117530
977022259200
977062939020
977103171072
977126710560
977178479040
977187600000
977439303953
977452276512
977562756000
977736556800
977736782880
977934745600
977982510592
978302709475
978432000000
978447237120
978490800000
978506956800
978511622400
978839680000
978864150992
979008076800
979063200000
979200000000
979458195456
979552051200
979684036240
979761321000
980034369237
980156250000
980309860992
980356202496
980358266880
980394057216
980547545120
980564151060
980621942300
980788331250
981249131520
981636364800
981752436000
981967115934
981994104000
982058878080
982185750000
982220800000
982253083680
982301922000
982362427200
982473768960
982540257920
982555204608
982598636448
982627848000
982646784000
982763974656
983040000000
983142230400
983209500000
983402668500
983450224128
983520000000
983679967500
983896746560
983905615872
983955060000
984240706176
984348450000
984433049600
984438000000
984514500000
984599394480
984622392000
984706165300
985182227456
985570362140
985592685168
985608000000
985806744000
985901336033
986204160000
986225496256
986392836000
986560512000
986600964096
986903172855
987167250000
987172160625
987180369240
987503400000
987614208000
987720581120
987954979050
987997253760
988360704000
988494750000
988505237727
988530483200
988634637900
988644738816
988663371500
988729236000
988782187500
988980428800
988996093750
989026975008
989055069696
989166064320
989337600000
989392320000
989419558400
989445711150
989480448000
989598308400
989672652800
989779338000
989790045552
990099281808
990337471200
990628288650
990710028000
990919692288
991009131840
991075176000
991219209984
991233936000
991245677760
991269889848
991459308294
991465916958
991794585600
991796451840
991846840320
991901085696
991930086693
992242832672
992250000000
992419736000
992436543000
992543435520
992546388288
992576875500
992663437500
992758032000
992907362304
992955722994
992968704000
993015223200
993240301950
993275167833
993283033600
993853226925
994016103750
994018521600
994117681152
994213566728
994238611525
994519296000
994613906250
994614067200
994728234690
995085000000
995240189520
995490506250
995496970104
995676364800
995796562500
995992729914
996233284431
996356400000
996388102080
996403838976
996771548500
996796416000
996830776395
996964306272
996977398950
997227792000
997272000000
997372259370
997413322752
997491521664
997776000000
997814265000
997830064176
997915361280
998100800100
998185528125
998201344000
998333143808
998335800000
998532172000
998647710480
998862977160
998939260800
998994632832
999042157800
999079280640
999143092224
999375000000
999460350000
999481781250
999863574528
1000147500000
1000223562240
1000402099200
1000707123087
1000732983096
1000776886200
1000814630816
1001055604736
1001074218750
1001079439360
1001273644800
1001428288000
1001473660512
1001562744000
1001629665088
1001832000000
1001855486250
1002117711140
1002119580000
1002240000000
1002331832320
1003156922250
1003202560000
1003417178400
1003439034144
1003470045480
1003836007125
1004040852480
1004116750128
1004119294500
1004193907488
1004199576192
1004327251200
1004531673600
1004745720888
1005116682240
1005126553600
1005128398080
1005229764000
1005480000000
1005522431256
1005619232250
1005669030240
1005936750000
1006120861200
1006125866109
1006138823040
1006157168640
1006210916352
1006390738944
1007293271400
1007344447200
1007397242880
1007753906250
1007769600000
1007997660153
1008000000000
1008005000000
1008142848000
1008163995648
1008520216704
1008810855000
1008825868512
1009038413565
1009197693504
1009359356544
1009428420000
1009554000000
1009602079200
1009641152000
1010039062500
1010058660000
1010070000000
1010586470400
1010757795840
1010761027200
1010804062500
1010859264000
1010864292480
1010928953125
1010962025136
1011040080000
1011337155725
1011430808960
1011499961526
1011690162000
1011913166880
1012106103008
1012223180800
1012225500000
1012304563200
1012492686400
1012512400000
1012696644960
1012720825845
1012731321600
1012764672000
1012998405952
1013076816796
1013132156400
1013144371200
1013168513952
1013188962240
1013777898000
1013899493376
1014016731000
1014082278300
1014190632000
1014309609510
1014513798025
1014603923970
1014654455808
1014686023680
1014860980224
1015625000000
1015642800000
1015852055400
1016283528000
1016398720512
1016419622400
1016487360000
1016665266240
1016668800000
1016738611200
1016881341840
1016933299200
1016973048000
1017056250000
1017113825000
1017263084634
1017776947200
1017854087040
1017872490240
1017971377632
1018179454700
1018385626050
1018580571008
1018581078240
1018683540000
1018693822464
1018703743200
1018813723200
1018827992000
1019080048000
1019081654272
1019251299456
1019382278400
1019394642240
1019579400000
1019606420358
1019608823268
1019884236800
1019957022000
1020195312500
1020268953600
1020326400000
1020408172398
1020420553005
1020572472960
1020636288000
1020694065664
1020714124950
1020936503168
1021022533440
1021138953999
1021226434560
1021403011200
1021815000000
1021861068800
1021872075840
1021989516064
1022091033600
1022112000000
1022134512000
1022192136000
1022194810296
1022203990080
1022754816000
1022787584000
1023094844064
1023140157975
1023161246730
1023236290000
1023476914530
1023495782400
1023656553920
1023720000000
1023750000000
1023949026000
1024016896000
1024143636195
1024192512000
1024229508750
1024328266380
1024491520000
1024546880000
1024770973600
1024904074320
1025114613894
1025148844980
1025250735600
1025305805808
1025426563200
1025456919760
1025568464508
1025909292096
1026147397968
1026192888000
1026484011072
1026544559040
1026659047050
1026765619200
1026852913152
1026964461600
1027399068800
1027946304000
1028115703125
1028239804800
1028309643018
1028312884625
1028386125000
1028594515968
1028874437500
1028876191200
1028915440560
1029193452000
1029266591112
1029281299200
1029425499261
1029531054552
1029565883520
1029592358613
1029649500000
1029896404992
1030026979800
1030194000000
1030586375000
1030590857520
1030610245275
1030679875728
1030711829994
1031048265728
1031058225008
1031235048576
1031295528960
1031445312500
1031465929140
1031494140625
1031515562000
1031660229600
1031843308032
1032055605600
1032094525077
1032338276352
1032369975000
1032488996000
1032493547520
1032520010400
1032525670176
1032721718750
1032805416960
1033015948272
1033022315520
1033064616960
1033121304000
1033150809600
1033174375200
1033200000000
1033397414400
1033593750000
1033649595720
1033877947416
1033899412000
1034008155986
1034148352000
1034300067840
1034316774400
1034350193184
1034373085200
1034404560000
1034747090640
1034833914400
1034911193400
1035115884450
1035119886336
1035125000000
1035155362500
1035310126500
1035379800000
1035712076256
1035762972160
1036101289905
1036288692360
1036381469760
1036444395168
1036518917850
1036674662400
1036730572416
1036843752960
1037039062500
1037457989568
1037801064300
1037845224000
1037871250000
1037900664450
1038066369795
1038086150400
1038105363750
1038176528256
1038319865856
1038336000000
1038343680000
1038660428250
1039110087600
1039155324480
1039373156250
1039384121344
1039394531250
1039722579840
1039853998080
1039926093750
1040043160429
1040254650000
1040258031750
1040449536000
1040482267875
1040536731520
1040539500000
1040660700030
1040711680000
1040883056640
1040912208896
1041084140625
1041124343820
1041248356785
1041465600000
1041473348136
1041524556800
1041543495000
1041677868000
1041680000000
1041859728000
1042089498450
1042323710976
1042430190725
1042590744000
1042730496000
1042988637600
1043108511984
1043279082736
1043572359375
1043648333640
1043692978176
1043825688576
1044042088500
1044161757184
1044218180096
1044225000000
1044406830096
1044866835360
1044949006080
1044956300670
1045131558912
1045216550520
1045377446400
1045426510530
1045904217600
1045935094464
1046134766592
1046174220000
1046311669620
1046376614400
1046547356789
1046566959500
1046610125925
1046642688000
1046823154650
1046921475600
1047055818240
1047135600000
1047140265600
1047208500000
1047245734080
1047264489728
1047413182221
1047523428000
1047611272500
1047753916416
1047853255680
1048119929827
1048143369600
1048151227968
1048374003768
1048483491840
1048523802624
1048576000000
1048751757900
1048780983375
1048922112000
1049227001856
1049256532360
1049418770400
1049501081376
1049546470400
1049756707350
1049973724800
1050313638400
1050625000000
1050634982250
1050821517312
1050844640625
1050988953600
1051047455472
1051072564500
1051271431326
1051298828125
1051382673081
1051527193600
1052252656000
1052253180000
1052595191808
1052696717712
1052935977600
1052983638000
1052992393856
1053083566080
1053100723500
1053160338958
1053645716250
1053981376000
1054097497728
1054355364780
1054512250880
1054543613760
1054577400240
1054626804000
1054644664500
1054805409000
1054816851384
1054842816384
1054999400000
1055007866880
1055092500000
1055586168000
1055659532928
1055805665200
1055955481344
1056144679200
1056250036224
1056284258400
1056345062500
1056486137616
1056703190400
1056770064000
1056787513344
1056964608000
1057263150000
1057369621112
1057496440000
1057686632784
1057738500000
1057798378000
1057916215296
1058001875712
1058160000128
1058272051200
1058283978752
1058400000000
1058444664480
1058476416217
1058712997888
1058887862375
1059175722528
1059251397750
1059350906250
1059433593750
1059443804664
1059772612500
1059820899840
1059960937500
1060061672475
1060105681260
1060157569536
1060327826224
1060449937300
1060517858400
1060651800000
1060720312500
1060728965296
1060798464000
1060811190936
1060910877312
1060913700000
1061263401300
1061415518800
1061472500000
1061650170000
1061683200000
1061793608832
1062025312500
1062291750000
1062332107200
1062585305600
1062665801280
1062671464800
1062780160000
1062901886800
1063019892480
1063096326000
1063135831968
1063439395200
1063497093750
1063588278528
1063757812500
1063819100160
1064231519156
1064250000000
1064274120000
1064340000000
1064562665760
1064571289600
1064646472960
1064671283520
1064723450000
1064850883200
1064893190715
1065304262880
1065326169600
1065453842304
1065585263220
1065813504000
1066033612800
1066086497700
1066258169856
1066362938550
1066460774400
1066474500000
1066874459625
1066962049704
1067135067765
1067293946880
1067328900000
1067473555200
1067664969000
1067694325800
1067720097600
1067725408932
1067730748416
1067756441220
1067845658940
1067969516250
1068176127200
1068333593600
1068446531250
1068484608000
1068573123072
1068708659200
1068795000000
1068839116800
1068961685040
1069099098624
1069244091216
1069453125000
1069642654080
1069997662080
1070150538240
1070263125000
1070290980000
1070361190080
1070654554112
1070920175616
1070988506244
1071282401280
1071291015000
1071385056000
1071417732000
1071684566528
1071813314880
1071874944000
1071878391584
1072064834100
1072114630776
1072125196875
1072215245574
1072406200320
1072463407056
1072822562500
1072912500000
1073546288766
1073554687500
1073664774000
1073820810816
1073951726976
1074072199200
1074232500000
1074258185728
1074667500000
1074691800000
1074790656000
1074896326944
1074934640000
1075057922500
1075320230400
1075385390625
1075541677500
1075982745600
1076002627700
1076017177728
1076064912000
1076414062500
1076480000000
1076491546074
1076513272380
1076533785600
1076616279200
1076652596160
1076722531560
1076956195225
1076992000000
1077053760000
1077124461336
1077375000000
1077652439864
1078047079200
1078057451520
1078202664000
1078234872000
1078375140864
1078414745760
1078436611428
1078455050946
1078933213440
1079234107875
1079269954425
1079325000000
1079421769728
1079605800000
1079613849600
1079620214400
1080045576000
1080236703744
1080284774400
1080434267136
1080442550880
1080445592880
1080519897912
1080622265625
1080685405800
1080907204104
1081027265625
1081232588800
1081489520880
1081542551040
1081687763520
1081833947136
1081900382850
1081930250144
1082033853264
1082101558590
1082340016128
1082419200000
1082656250000
1082687751600
1082917867850
1083084631200
1083093670800
1083103585200
1083289334400
1083421237500
1083470021424
1083520163502
1083722351712
1083801600000
1083916237950
1083937098240
1084127398354
1084253184000
1084387418400
1084673431296
1085092224000
1085252968800
1085338690800
1085495701500
1085511297024
1085650536405
1085745772800
1085924740992
1085994000000
1086112435200
1086535680000
1086630174000
1086760333035
1087303104720
1087414272000
1087710608592
1087882113024
1087924323552
1088039334375
1088082670752
1088286883840
1088391168000
1088692718750
1088746242048
1088767240125
1088806200300
1089326730240
1089424365120
1089515723400
1089516004500
1089585939456
1089638578125
1089764812500
1089799486650
1089884160000
1089914062500
1089975640000
1089986625000
1090182693600
1090213862400
1090276812800
1090359305152
1090412444160
1090557421875
1091070000000
1091204812800
1091234377350
1091601562500
1091621909376
1091655843840
1091661984000
1091708708832
1091741676480
1091824195800
1091866750000
1092056253925
1092455000000
1092458250000
1092479446656
1092625374960
1092650379660
1093288928256
1093478400000
1093513392000
1093600784640
1093688256960
1093749827328
1094113724688
1094189796000
1094391260512
1095218560800
1095233437696
1095573385088
1095830750322
1095909696000
1096005888512
1096026912288
1096224017850
1096559080950
1096604593175
1096671876300
1096875000000
1097181334656
1097464027077
1097477378046
1097505000000
1097586210240
1097621634375
1097631155520
1098002304000
1098073617696
1098200000000
1098482931000
1098514432000
1098632812500
1099053055440
1099173777408
1099310284800
1099323215900
1099432728576
1099510848000
1099512676352
1099633811076
1099714938000
1099754820000
1099820255040
1100048040000
1100230324416
1100334231360
1100484403200
1100585369600
1100606451840
1100859312640
1101194640000
1101222169866
1101384086400
1101446100000
1101628796620
1101890469888
1102144540770
1102166118720
1102287191040
1102455222624
1102612500000
1102714124512
1102736000000
1102788198400
1102852800000
1102966534800
1103157354600
1103232000000
1103284136660
1103453632512
1103709265920
1103905272960
1104349759488
1104471490500
1104517814400
1104575201280
1104576225207
1104610590720
1104647886225
1104738601200
1104751659375
1104786702336
1104797640625
1104801955840
1104914055168
1105174709232
1105425000000
1105632819900
1105938247680
1105966669824
1106168003083
1106235933264
1106510630400
1106732371264
1106752651488
1106971920000
1106987801920
1107270794448
1107288000000
1107302784000
1107312388000
1107320791500
1107487180800
1107820544000
1108057500000
1108118339584
1108175427450
1108365476400
1108906868736
1109014031250
1109292352000
1109316096000
1109461110912
1109549438010
1109648808000
1109713590400
1109812838400
1110141703125
1110188851200
1110202329600
1110478855200
1110498989184
1110532633408
1110544463232
1110559638825
1110577915395
1111065984000
1111132750000
1111249000000
1111359513600
1111686100560
1111687500000
1111977634950
1112181589375
1112281497600
1112602982400
1112659031250
1112719795200
1113224889216
1113430136000
1113433448400
1113893634048
1113966908928
1114036806960
1114049401920
1114152278400
1114342686720
1114512556032
1114620054048
1114682223200
1114765774848
1114897653888
1114949367000
1114959573000
1115088115680
1115121611232
1115164968750
1115664062500
1115771008320
1115789904000
1115828325216
1115856000000
1115877235200
1115919168000
1115947008000
1115958240800
1116041379840
1116114819300
1116281250000
1116384134320
1116472203000
1116520200000
1116611364960
1116792422656
1116880220160
1116963993600
1117704088872
1117911880800
1117935000000
1118060239400
1118210184000
1118345640192
1118694865000
1118779162864
1118804418472
1118927216736
1119009985695
1119324937500
1119638898560
1119763335024
1119969792000
1120034443034
1120303607808
1120392000000
1120450351104
1120792903680
1120872841920
1120900950000
1120930420896
1120954723200
1121153792850
1121168962368
1121484800000
1121530360320
1122153721650
1122238884375
1122248132496
1122265663488
1122398471250
1122498000000
1122516521217
1122657412050
1122814761432
1123012642248
1123124786784
1123660595200
1123720849305
1123887959040
1123888764000
1123908531200
1124059283424
1124209125000
1124449579008
1124550000000
1124645722432
1124846521344
1125000000000
1125040000000
1125371509500
1125424562960
1125718002612
1125824605983
1125998003520
1126148935680
1126351632000
1126424250000
1126595167488
1126855364544
1127197495017
1127401390080
1127520000000
1127623311360
1127753988725
1127938881456
1128192000000
1128454687500
1128602880000
1128698197900
1128759296000
1128810818625
1128812176800
1128839987200
1128906250000
1129007642112
1129318761375
1129458635760
1129576555008
1129699014048
1129720271688
1129868157600
1129900996000
1130292316260
1130338935999
1130540698170
1130569007022
1130640896000
1130815553536
1130861250000
1131265699200
1131267827880
1131301997568
1131404063400
1131502904784
1131606609651
1131994839168
1132258263318
1132450638480
1132896022620
1133096352336
1133129156250
1133510188032
1133539246080
1133542232550
1133791310925
1133871366144
1133887885312
1133991808768
1134000000000
1134005625000
1134113636250
1134139801600
1134213192000
1134250401375
1134373572000
1134452603700
1134580608000
1134912211875
1134958181280
1135068069888
1135100449152
1135158369660
1135417651200
1135506626001
1135546339200
1135549489824
1135772011440
1135884288000
1135917792288
1136120795136
1136147737725
1136280379392
1136432868480
1136830692096
1136987954375
1137084812500
1137222329040
1137280435200
1137841305174
1137907180800
1137937373550
1137957387840
1137973657600
1138098762000
1138113607680
1138151432250
1138214579328
1138215000000
1138277405616
1138299886080
1138346622000
1138551242400
1138584759325
1138873947520
1138996948320
1139054272200
1139062500000
1139092056576
1139103000000
1139132239872
1139167484000
1139218600000
1139399352000
1139484416000
1140161443200
1140463200000
1140768822375
1140798139650
1140828594048
1141203273344
1141243084800
1141311669120
1141504000000
1141629746400
1141708151808
1141844202000
1141905996000
1141928928000
1142138880000
1142201253888
1142240400000
1142422248240
1142568861696
1142578800000
1142701228032
1142851119774
1143000268800
1143017308160
1143535823040
1143582440000
1143598891365
1143602803125
1143665283528
1143745012800
1143830937600
1143948521898
1143991509570
1143996825600
1144049961600
1144228963500
1144253053125
1144448137728
1144758384000
1144890978282
1144941507584
1144971362304
1145147645250
1145209436800
1145236778202
1145240256512
1145425021650
1145662341120
1145786796000
1145793940200
1146073254600
1146366539280
1146617856000
1146618918900
1146665189376
1146822909120
1146849818400
1147164904704
1147244456000
1147278504960
1147303113250
1147631616000
1147685181984
1147802572800
1147815920115
1147965000000
1148144032080
1148280823872
1148299027200
1148309471232
1148687718750
1148857538400
1148900000000
1148941725750
1149295433650
1149336034560
1149440000000
1149613171200
1149852412800
1149858132696
1149901326000
1149964315920
1149969161583
1150000000000
1150117196800
1150278456600
1150322265625
1150464843750
1151604883520
1151691346080
1151787998400
1151852850000
1152000000000
1152195567250
1152237901250
1152312000000
1152351785088
1152387500000
1152799435557
1153109871864
1153300781250
1153407077550
1153669837500
1153868625000
1153963376640
1154241662496
1154347143138
1155273477120
1155310907625
1155377664000
1155507107040
1155592617984
1155737972025
1155790798848
1155950182400
1155994800000
1156019074000
1156091408750
1156117254525
1156339979600
1156439592000
1156500000000
1156619520000
1156668852950
1157625000000
1157842633500
1158027238832
1158548017536
1158762211200
1158876264000
1159002432000
1159108301430
1159122124800
1159203554600
1159547341680
1159997975136
1160108421875
1160305868800
1160371200000
1160667144000
1160726767200
1160773908480
1160806400000
1160929411200
1160973777600
1161041280000
1161351722800
1161393280320
1161406158848
1161416221875
1161472411008
1161585011700
1161895363200
1161991518233
1162150104960
1162415800000
1162598400000
1162745581536
1162804816215
1163136838500
1163147202000
1163218060800
1163461017600
1163565000000
1163667701760
1163805926400
1164053912112
1164116642500
1164160745280
1164458877120
1164493661760
1165018982400
1165254805152
1165665168000
1165937905125
1165974264000
1166233102740
1166507503616
1166518309410
1166942453760
1167012324192
1167035548800
1167121298000
1167539062500
1167605156250
1167627810960
1167949824000
1168147274112
1168219584000
1168231104512
1168260792000
1168266240000
1168536844800
1168678125000
1168798924800
1168801599488
1168831400625
1168844314560
1168932381408
1169012736000
1169110968750
1169127398400
1169330755824
1169335222272
1169340530688
1169598709825
1169663019680
1169723224800
1169783334720
1169921652900
1170061860721
1170094936500
1170244247744
1170450000000
1170505728000
1170625167360
1170717462500
1171049270400
1171380672000
1171715126400
1171890000000
1171899601920
1171901943225
1172066553450
1172078245152
1172109667050
1172184000000
1172203341036
1172438312500
1172548080000
1172739883392
1172791872000
1172955640878
1173879948800
1174136684544
1174436390400
1174469532822
1174607616000
1174634701380
1174693366080
1174778322944
1174989375000
1175097035840
1175106295125
1175111001792
1175444156250
1175447966000
1175462461440
1175620843488
1175846055408
1175868619335
1176000000000
1176019067520
1176406032384
1176481888736
1176676981272
1176789504000
1176945997500
1176958022400
1177157708496
1177254000000
1177366608873
1177397309088
1177498957824
1177543785600
1177606878336
1177756070400
1178109562500
1178173900800
1178288363798
1178353500480
1178501197824
1178553086100
1178888681250
1178929533600
1179199721250
1179335808000
1179648000000
1179748514880
1179831281024
1179851400000
1180281375000
1180413598905
1180451550816
1180659823200
1180818843750
1180956672000
1180980000000
1180994463360
1181109506850
1181299848750
1181313823680
1181390652288
1181602843200
1181742187500
1181909657250
1181953125000
1182105600000
1182684434568
1182768000000
1182968092800
1183038369408
1183323398400
1183511986176
1183837602560
1184283807426
1184317855776
1184474491200
1184625000000
1185080625000
1185094283625
1185156956160
1185460464000
1185625188000
1185630856704
1185705630850
1185840000000
1185842488320
1185894156195
1186155772928
1186320355584
1186361565480
1186372687500
1186395586560
1186523437500
1186535526750
1187337994752
1187384280000
1187396812800
1187576000000
1187670599500
1187772019200
1187781373350
1187840000000
1188050133600
1188173289472
1188200796160
1188281290752
1188321394688
1188536025222
1188632199168
1188658536912
1188697035078
1188785381056
1189261077504
1189290211200
1189380096000
1190246400000
1190313779200
1190589456384
1190954880000
1190959426800
1191011254272
1191052122624
1191493927008
1191557899350
1191824326656
1191987014400
1192124013696
1192191436800
1192334410288
1192343359104
1192349749248
1192407267456
1192560612012
1192599558500
1192654125000
1192684500000
1193086333830
1193315729760
1193499104175
1193714675712
1193826306875
1193865472800
1193897250000
1194092458650
1194393600000
1194436067328
1194497580672
1194733800000
1194834375000
1194872656250
1194875463168
1194891264000
1194899394780
1195031480832
1195033264128
1195078218750
1195187720272
1195327319680
1195341079680
1195627680000
1195897379040
1196125858200
1196131614720
1196266500000
1196299051008
1196446187520
1196531028000
1196726400000
1196784452500
1196786073600
1197000000000
1197043636824
1197169632000
1197272601668
1197506338875
1197575236000
1197642700800
1197813881250
1198035740160
1198061383680
1198156496768
1198194600960
1198213136384
1198283389940
1198393056000
1198490677632
1198814681600
1199282432000
1199524968306
1199612088320
1199711250000
1199752866250
1199771852175
1199857276800
1200268274688
1200517404849
1200691455057
1200725694000
1200729266100
1201197091968
1201828492800
1201875292800
1202075947800
1202297241600
1202335065100
1202434348500
1202504546880
1202541253368
1203131896512
1203223694112
1203694303500
1203719113800
1204046015625
1204082488224
1204156338840
1204226352000
1204321996800
1204866296816
1205023539200
1205124480000
1205147414016
1205192701440
1205317734400
1205491896000
1205583750000
1205591244000
1205630044416
1205845622784
1206134258238
1206162430200
1206177336000
1206242124480
1206376284160
1206529478784
1206573841440
1206702250000
1206878450000
1206912654306
1207328640000
1207394271072
1207666998720
1207872870750
1207959552000
1208332582912
1208422424128
1208958360984
1208968479504
1209323520000
1209362452974
1209567375360
1209651045120
1209720360960
1209753501696
1210147025920
1210260089984
1210320000000
1210573026000
1210689028125
1210750537500
1210767908350
1210816479600
1210846096278
1210867812000
1211040000000
1211115110400
1211124068352
1211203584000
1211490145536
1211508144000
1211616000000
1211728428792
1211776956650
1212358994847
1212382730592
1212575421330
1212969526272
1213009676480
1213046307200
1213056000000
1213299486000
1213473090060
1213685272800
1213788562272
1213799865120
1213976332800
1214012812500
1214456172800
1214925127326
1215043200000
1215388800000
1215771081525
1215939468375
1215944589600
1216051315200
1216190052000
1216382658218
1216423353600
1216909512000
1217416557630
1217473905664
1217502000000
1217762606250
1217988281250
1218435145200
1218604054500
1219060039680
1219147186176
1219257812500
1219355052804
1219404474530
1219540233600
1219784832000
1220071623680
1220138047440
1220188536000
1220257610208
1220293075680
1220536590000
1220575425048
1220613688800
1220706250000
1220772716800
1220837029776
1220976028125
1220991523668
1221024261600
1221025000000
1221092167680
1221169536720
1221463994400
1221953445000
1222402500000
1222478138240
1222482456000
1222492514256
1222492578125
1223060180160
1223139528000
1223203971600
1223361036288
1223549600000
1223580188740
1223826643305
1223997374464
1224000000000
1224322744320
1224440064000
1224483342615
1224605045300
1224969345600
1225046061666
1225097216000
1225227040128
1225273863744
1225447833600
1225705188825
1225776955392
1225784181888
1225901703168
1226024252640
1226059968000
1226425254000
1226488985568
1226497439700
1226571880000
1226649600000
1227348109152
1227453750000
1227750107584
1227919907403
1228022547752
1228302220275
1228350093750
1228972363434
1229082649600
1229147340800
1229525568000
1229728500000
1229824913625
1229870933200
1229901779925
1230000000000
1230031202400
1230178613976
1230300882720
1230551300160
1230643125000
1230643169280
1230749243100
1231383429120
1231434000000
1231533072000
1231700256000
1231962952675
1231997140187
1232053804800
1232582966784
1232635820416
1232692608000
1232898408000
1233125376000
1233191738160
1233231134850
1233275904000
1233337996800
1233612177408
1233958096800
1233959062500
1233975461550
1234360296000
1234421920000
1234517760000
1234530000000
1234693125000
1235000000000
1235069035200
1235322518976
1235466946350
1235793297375
1235843902125
1236005859375
1236068620800
1236213808956
1236753056250
1236782759520
1236950581248
1236977989632
1237164500000
1237205632572
1237234840686
1237281177600
1237307233344
1237321858500
1237449739680
1237507031250
1237529404800
1237620420400
1237705629696
1237740343840
1237759114968
1237764976000
1238057877504
1238083230474
1238308758288
1238328000000
1238347284480
1238466726720
1238682931200
1238685546875
1238751399936
1239024012480
1239057097200
1239087362310
1239126862500
1239146496000
1239300000000
1239433895700
1239442145280
1239482098176
1239626778624
1239745564800
1239808550400
1239843750000
1240261416864
1240303540840
1240864147152
1241136000000
1241156478744
1241369333568
1241541493500
1241579359150
1241893432080
1241918987904
1242047924676
1242284480000
1242315630000
1242410085315
1242647101440
1242766958410
1242814623750
1242830926350
1242990379008
1243149120000
1243321547886
1243829551104
1243931038272
1243934070750
1243970892528
1243986912000
1244144861748
1244187239328
1244220250000
1244337215040
1244371212630
1244446182720
1244496960000
1244722653200
1245122015616
1245197016000
1245313491840
1245445500000
1245679643754
1245726436500
1245792000000
1245929343750
1245964435625
1246003200000
1246144844800
1246343596400
1246673750000
1246871256624
1246961848320
1247249203200
1247410125000
1247576064000
1247626000125
1247741003520
1247791824720
1247850551808
1247916429760
1248139984896
1248500599920
1248578721450
1248640312500
1248716800000
1248743291040
1248802697250
1249227211250
1249349212584
1249473060864
1249520616750
1249755000000
1249829468160
1249949232000
1250000000000
1250071920000
1250155125000
1250279452800
1250428467704
1250916228870
1251042265440
1251108892800
1251280327680
1251463188096
1251558000000
1251770851125
1251809769600
1251851894784
1252112680000
1252313874000
1252378000368
1252543500000
1252647138925
1252914790400
1253160960000
1253176738560
1253520515520
1253551950000
1253584908576
1253616000000
1253631632000
1253670912000
1253720494800
1253803764096
1253902687488
1253924582400
1253977620480
1254329519625
1254337556850
1254424725000
1254511812636
1254656000000
1254665572160
1254717652992
1254791250000
1255077532800
1255122437184
1255242384360
1255409064000
1255529362500
1255606272000
1255624934400
1255625000000
1255816406250
1255932151110
1256187785580
1256275505664
1256280000000
1256314846500
1256369389600
1256567603200
1256650200000
1256737539200
1256903039070
1257086287800
1257150000000
1257423906816
1257827452720
1257903108000
1258398741600
1258504146900
1258531723125
1258654970781
1258815488000
1259021836800
1259245250000
1259252205120
1259719848112
1259792072064
1260064908375
1260231065600
1260384764940
1260398392704
1260436930560
1260491001840
1260799640100
1260903672000
1260918058400
1261013568750
1261329933696
1261385809920
1261446103040
1261505200032
1261595797500
1261721655360
1262063462400
1262094372000
1262155202560
1262168123472
1262225519100
1262451818355
1262473800462
1262533754880
1262573325000
1262575047888
1262609337600
1262791575936
1263249637650
1263515385132
1263574080000
1263580365600
1263702531420
1263953811456
1264026124288
1264146186240
1264374859500
1264510423800
1264784689152
1264883404176
1265010102720
1265226437736
1265319018496
1265452336512
1265464200000
1265509476000
1266220754757
1266307000000
1266384537600
1266526779700
1266694016000
1266703401600
1266765371872
1266932721672
1267017583104
1267034076000
1267145586000
1267190595216
1267200000000
1267492187500
1267582693455
1268434944000
1268437500000
1268460000000
1268576225280
1268672961312
1268989627059
1269211015800
1269483803280
1269711206400
1269815069250
1269926461440
1270178582400
1270360449540
1270498400640
1270609200000
1270666900000
1270716007264
1270932664320
1270933711326
1271101677300
1271114664192
1271138620500
1271214252000
1271320312500
1271360399400
1271392281250
1271566406250
1271770500000
1271992734000
1272110860800
1272491584000
1272625422752
1272984698880
1272984790896
1273757002496
1273794895100
1274227848000
1274239512000
1274276741120
1274313600000
1274511029085
1275019131573
1275081744384
1275215574960
1275317675784
1275336192000
1275433205760
1275623870976
1275624751104
1275715591200
1275740784864
1275750000000
1275867582080
1275907276800
1275997556736
1276103232000
1276131070656
1276592335200
1276602004762
1276674048000
1276765380000
1277173661400
1277569024128
1277620147440
1277644492800
1277668140000
1277685427200
1277764810725
1277957295360
1278423469050
1278657380000
1278745395200
1278868555080
1278960399360
1279228500000
1279395000000
1279477144638
1279921500000
1279999094400
1280053120528
1280297301120
1280337510400
1280409600000
1280514686976
1280562081318
1280709534720
1280812332800
1280835139500
1280904764832
1281233190960
1281241470782
1281394688000
1281445312500
1281563419500
1281811352640
1281813351552
1282121140625
1282137292800
1282226410080
1282388557824
1282554121500
1282573866384
1282630885200
1282684247460
1282793007360
1282879270400
1282904055000
1282910400000
1283029141545
1283180698800
1283301219200
1283401728000
1283602531250
1283770796000
1283794493184
1284192000000
1284433428096
1284530503680
1284792172046
1284881656250
1285200000000
1285245000000
1285254235440
1285468622676
1285538881536
1286231270400
1286466402816
1286480880000
1286583238890
1286809804800
1287102136320
1287192617280
1287550656000
1287607640648
1288007523180
1288500019200
1288627704000
1288824141150
1288851320575
1288861701400
1288988640000
1289252331136
1289332411425
1289367720000
1289459840000
1289964662217
1290069507000
1290189176640
1290349938150
1290422845440
1290462468750
1290467006640
1290650013000
1290873864192
1290950653104
1291252137984
1291277894400
1291526121600
1291815926856
1292061994650
1292074875000
1292231643885
1292347434270
1292374265000
1292512500000
1292767548800
1293120000000
1293264696744
1293381254880
1293638991750
1293750000000
1293881846400
1293899857920
1293948216540
1294009443792
1294137658125
1294719856128
1294891404800
1295004750000
1295225026560
1295360865450
1295555493960
1295683593750
1295761498200
1295990638592
1296142120000
1296243648000
1296427978944
1296442512288
1296531456000
1296668850048
1296817536000
1297000390625
1297061830944
1297071011600
1297339062500
1297557080064
1297607688000
1297747744128
1297805494050
1297998000000
1298061273600
1298577661472
1298855936000
1298954154240
1299164958720
1299253737600
1299414805000
1299434062500
1299445206048
1299692472000
1299988009728
1300021450000
1300270860000
1300290630912
1300744494000
1300994541000
1301279275296
1301388249600
1301534438400
1301760000000
1301832000000
1301841685170
1301853480228
1301905696000
1302038543520
1302318717882
1302344074500
1302780643686
1303075620000
1303204429824
1303221502800
1303269702016
1303308952704
1303428726000
1303885639980
1303959384000
1304313066000
1304499523887
1304536752000
1304555728896
1304560417050
1304576000000
1304596316160
1304809316352
1304990568700
1305004248064
1305169153600
1305344102400
1305359731520
1305417600000
1305628209977
1305675038720
1305879093750
1305944260608
1306083544200
1306370551500
1306514079936
1306520688150
1306825228800
1307145600000
1307418868080
1307485670400
1307717775000
1307994238208
1308099870720
1308215204352
1308220194816
1308332175360
1308468363488
1308538699776
1308540211200
1308740166000
1308919500000
1309057167600
1309454385152
1309531250000
1309619402208
1309921704000
1310088000000
1310245776000
1310467504710
1310585702400
1310654753280
1311132744000
1311203558000
1311337500000
1311341809536
1311570665450
1311573290000
1311619442625
1311679687500
1311717852900
1312041369600
1312246656000
1312320941568
1312353681408
1312394967213
1312447657664
1312564137984
1312800652800
1312873660800
1312902756000
1313046528000
1313076258000
1313335420416
1313397006480
1313526896640
1313574850098
1313655170751
1313809319340
1313824849568
1314117043200
1314123580224
1314144000000
1314262272960
1314477570875
1315012608000
1315136718750
1315239348150
1315536396746
1315719999360
1315870897140
1315923148800
1316184003225
1316240492320
1316375904375
1316593152000
1316818944000
1317011456000
1317274560000
1317404514384
1317803256000
1317871314144
1318111728934
1318179517200
1318376250000
1318565695392
1318823395328
1318985101161
1319198120064
1319229835875
1320194563920
1320236517600
1320289304576
1320348057600
1320355323000
1320397000000
1320607672020
1320641156250
1320837718200
1320843396600
1320980000000
1321065013248
1321245343872
1321433568000
1321625613312
1321940172800
1321954555944
1321984015625
1322062822080
1322108290980
1322573448924
1322826812334
1322919561600
1322966893248
1323000000000
1323021829500
1323047040000
1323055830600
1323104993280
1323285843750
1323391247360
1323545851278
1323761603931
1323940963992
1323995172864
1324320402600
1324539274320
1324881100800
1325079246400
1325087032500
1325196961920
1325944128600
1326013988670
1326110115750
1326579251625
1326866336928
1327036317696
1327479128064
1327593750000
1327962521600
1327990306552
1328078863377
1328332251600
1328400000000
1328475200000
1328594762768
1328672056320
1328726069874
1328849776800
1328919789960
1329080140800
1329303198600
1329485348160
1329835852800
1329878819808
1329948720000
1330047880200
1330236276480
1330289398945
1330419020000
1330684296576
1330827468750
1330875000000
1330904312500
1330914037500
1331133733800
1331200000000
1331250228000
1331252674560
1331817302880
1332445514400
1332500463000
1332553680000
1332669657339
1332693498474
1333054532160
1333075968000
1333151432704
1333326306403
1333363261440
1333788672000
1333874558016
1334050754400
1334310644128
1334315654100
1334581211250
1334617907250
1334656761165
1334674250000
1334820399066
1334892476450
1334982684672
1335002785200
1335004186208
1335108096000
1335516795388
1335788584960
1335807315000
1336302489600
1336320000000
1336701616128
1336786174080
1337542563000
1337584435200
1337618667840
1337720832000
1337780390625
1337802078759
1338247217152
1338283296000
1338600463200
1338624862432
1338695627472
1338735632805
1338925209984
1339103001600
1339149888960
1339375564800
1339436023200
1339660961184
1340149929984
1340333568000
1340382500100
1340999409024
1341376211574
1341458175888
1341540000000
1342208984375
1342402250112
1342439658720
1342566231552
1342575000000
1342599929856
1342690659738
1342845000000
1343098309248
1343207756800
1343671875000
1343672668800
1343688585408
1343822403125
1343996880204
1344056716800
1344590088192
1344730701600
1344852949440
1345081140000
1345126352256
1345364951040
1345384551420
1345415062500
1345453480800
1345455360000
1345641590475
1345683456000
1345842421875
1345872364200
1345903164450
1345915484550
1346051084112
1346077854720
1346211900000
1346235859584
1346615272912
1346718750000
1346989297500
1347065549830
1347199654500
1347301350000
1347504193536
1347738750000
1347800350500
1347815560000
1347968926080
1348124256864
1348165407456
1348315103232
1348406341632
1348465019166
1348614144000
1349033130000
1349081008128
1349198791200
1349332950528
1349536972875
1349614780416
1349750001600
1349909599500
1350000000000
1350071377755
1350105783840
1350153495432
1350202380800
1350253800000
1350258556725
1350562500000
1350753894000
1351134005130
1351140692000
1351160366080
1351331383500
1351351363446
1351827303125
1351913062500
1352022308000
1352412812680
1352546242560
1353147973632
1353320358912
1353392078500
1353413836800
1353922162560
1353964584960
1354112829888
1354238548992
1354334718750
1354393467000
1354394531250
1354675881195
1354691952000
1354774353408
1355118912000
1355496490656
1355651481600
1355841789120
1355971711500
1356040602000
1356054773760
1356316016640
1356350779512
1356370458300
1356427800000
1356897484800
1357182216000
1357276542336
1357540031250
1357688563200
1358417153664
1358510897232
1358602365120
1358695165828
1358697334608
1358704368000
1359475227144
1359478431024
1359520727040
1359566629200
1359997853760
1360017575917
1360026486000
1360044000000
1360358604800
1360465920000
1360491428736
1360650829824
1360677360240
1360863103600
1361437542256
1361518605332
1361815473186
1361817562500
1361852204580
1361894654250
1362206015625
1362270873600
1362313399392
1362355200000
1362393088000
1362438259200
1362846016000
1362926413728
1363790175264
1364268096000
1364590717056
1364600246625
1364635886040
1364710517352
1364747223840
1365069791232
1365075824640
1365077606400
1365524848260
1365599308320
1365672505600
1365812974575
1366181107200
1366336743200
1366394333850
1366611160320
1366701336000
1366866893568
1367000980800
1367235417600
1367493151500
1367570564542
1367737245000
1368029537280
1368049870656
1368063812500
1368689265216
1368770936544
1368808333893
1368831179520
1368831496032
1368891562500
1368916764800
1368994140625
1369030940550
1369055615625
1369470375000
1369887120000
1370215885500
1370256796875
1370331648000
1370661974214
1371016409088
1371038063850
1371181500000
1371247031700
1371304170720
1371800000000
1371876126624
1372257936000
1372444256736
1372501573632
1372575750000
1372708072736
1372766563168
1372789811484
1372918748256
1372986991104
1373103663750
1373125000000
1373149065600
1373294531250
1373369306400
1373816319300
1373879729664
1373980268672
1374123722400
1374146993700
1374165000000
1374290910720
1374389534720
1374693525000
1374768599040
1374775318800
1374882429312
1375287905520
1375488281250
1375556361088
1376074140800
1376178672960
1376258688000
1376493300000
1376916278400
1377035995775
1377307099350
1377363087360
1377455445184
1377537084000
1377940800000
1378137385638
1378439152272
1378503929888
1378699218750
1378708168500
1378807971840
1378946693250
1378947707808
1379105170825
1379223830400
1379556375750
1379636582400
1379735470080
1379881591200
1379893365000
1380147558912
1380381912000
1380593567232
1380685824000
1380885468750
1380949970400
1381189095936
1381468386540
1381525366221
1381558795344
1381664441997
1381746600000
1381781250000
1381925860224
1382458337280
1382794916580
1382808813568
1383349426056
1383604799850
1383642000000
1383714900000
1383763336704
1383785102700
1383906263040
1383960937500
1384088493060
1384114867200
1384140485000
1384220930400
1384306148160
1384448000000
1384883960850
1385112535040
1385149248000
1385187381760
1385329968000
1385696336256
1385800481520
1386134870848
1386302850000
1386338636800
1386472459680
1386750000000
1387010709000
1387061010000
1387178443152
1387266048000
1387309690500
1387316160000
1387893820896
1387964459700
1388064600000
1388585576448
1388724660000
1388973505920
1388982067200
1389029765625
1389129772032
1389840716160
1390072784562
1390255636000
1390279020013
1390803750000
1390873240575
1391186382768
1391470614846
1391580020736
1391622545250
1391665050000
1392027109200
1392479004339
1392690348000
1392800572800
1393275067560
1393546620625
1393548631776
1393609090016
1393622067360
1393686708750
1393699466250
1393883400000
1393939234350
1394580125952
1394737380000
1394824218750
1394852659200
1394898960000
1395049258496
1395143524125
1395168819200
1395256197818
1395313927875
1395341483445
1395418884192
1395480167900
1395554320384
1395567886336
1395764206200
1395895300800
1396000494000
1396278000000
1396414080000
1396443240000
1397095938000
1397130111090
1397832005024
1398408168024
1398473107200
1398482717184
1398505523090
1398659020920
1399053515625
1399120128000
1399574674080
1399739291028
1399747781250
1399754418750
1399979002000
1400253972480
1400283168768
1400312987136
1400406084000
1400562938880
1401005704448
1401126187500
1401411375000
1401504399360
1401511215104
1401591959552
1401650632800
1401663463200
1401705333600
1401786216594
1401912950400
1401930676125
1401981166950
1402115200000
1402182907776
1402764410880
1402764662250
1402810165620
1403136000000
1403248781025
1403287142400
1403365017600
1403518451790
1403539500000
1403565408000
1403595623616
1403667869760
1403831865600
1403905983480
1403971200000
1404023166000
1404059248800
1404159213600
1404585000000
1404858063672
1404860955000
1405517864157
1405592368362
1405657193472
1405658430000
1405900800000
1406029774464
1406058151680
1406192886000
1406250000000
1406401511424
1407168806912
1407479223024
1407672000000
1407686169600
1407703024080
1407936642336
1408061491200
1408138149600
1408311450000
1408594352256
1408925250414
1409920191225
1410356140032
1410454853280
1410554953728
1410769944576
1410952672206
1411029401600
1411042343202
1411425000000
1411717248000
1411797164544
1412136960000
1412335197000
1412578125000
1412578182420
1413223428096
1413398937600
1413415563300
1413426168000
1413444497920
1413497612800
1413576562500
1413638553600
1413769500000
1413949294368
1414082124000
1414084784850
1414164068016
1414293750000
1414342674432
1414378630980
1414692864000
1414715440320
1414958529244
1415210009472
1415605200009
1415640551040
1415727331200
1415798092800
1415911879008
1416003132544
1416033750000
1416099842640
1416167424000
1416280764672
1416370440420
1416389000000
1416393216000
1416408536400
1416496318686
1416636540000
1416797712000
1416969617184
1417061302272
1417112453120
1417226388480
1417359856640
1417489760960
1417775302944
1417790304000
1417870540800
1417966965000
1418090250240
1418412949504
1418607421875
1418913724800
1419309141536
1419436862280
1419635776545
1419715014300
1419840000000
1419850832400
1419897240360
1420061884416
1420213616640
1420350474240
1420445493558
1420558336000
1420605123072
1420986328125
1421112600000
1421495714625
1421638938000
1421655867392
1421875000000
1421966000000
1422372372480
1422446734800
1422645590912
1422653294640
1422846757020
1422877050000
1423270031040
1423289843712
1423341518848
1423428339375
1423592434400
1423633878576
1423817840250
1423828125000
1423959355000
1424500560000
1424595375000
1424937124512
1424995721856
1425000000000
1425392271360
1425538784250
1425937500000
1426233024000
1426359188800
1426393800000
1426658400000
1427017500000
1427135189760
1427148253440
1427368456800
1427377820400
1427969212416
1428023562000
1428042400512
1428106944249
1428193359375
1428202337868
1428211077120
1428222656250
1428376535040
1428388020000
1428513408000
1428626968704
1428890803200
1429193981952
1429226759168
1429419778800
1429500262500
1429661719200
1429735186880
1430065000000
1430076211200
1430116033500
1430143407056
1430255800512
1430487458400
1430813159424
1431126000000
1431392512500
1431553032000
1431630703125
1431902617600
1432299876800
1432425745422
1432530806000
1432591568250
1433453112000
1433547217152
1433847187500
1434087161208
1434109376700
1434199523328
1434274203978
1434288128000
1434355322400
1434370573944
1434403545750
1434672000000
1434699302400
1434753216000
1434865704048
1435351029840
1435459200000
1435488571125
1435787018368
1436077260800
1436096563200
1436105699424
1436144944500
1436344617600
1436523702250
1437145178832
1437915481904
1437940067928
1438577617920
1438748310384
1438866000000
1439041155552
1439063496000
1439132062500
1439424000000
1439447750496
1439506104400
1439517028950
1439535726720
1439941515264
1440076136272
1440379699200
1440390352896
1440475312500
1440481616784
1440491765760
1440504000000
1440693197216
1440913874400
1441032768000
1441232000000
1441387339830
1441514255181
1441725642240
1441892775232
1442040600000
1442443611582
1442539929600
1442543450400
1442802078120
1442912265600
1443001000000
1443028672800
1443094143318
1443114516480
1443690644032
1444052300796
1444335100416
1444351562500
1444385779200
1444503978368
1444687462400
1445025254400
1445190251274
1445362083375
1445381017600
1445670912000
1445814825674
1446127709796
1446231241728
1446250329600
1446284153600
1446480000000
1447033693824
1447109434008
1447343423488
1447412803200
1447499601504
1447534048540
1447661030400
1447900375680
1448166384000
1448397961920
1448511488000
1448701800000
1449066595536
1449434177100
1449511574500
1449885696000
1449969414075
1449981000000
1450011062500
1450332463104
1450526875200
1450870312500
1451235317994
1451261952000
1451328195375
1451581254144
1451630059520
1451689653500
1451732789650
1451840513760
1451998172160
1452024357840
1452064283088
1452120936448
1452124800000
1452687631200
1452717504000
1452729852000
1452796300800
1453019750000
1453091788800
1453218750000
1453291279488
1453292917713
1453315500000
1453338132480
1453666713600
1453681152000
1453686784000
1454076562500
1454112768000
1454687424000
1454760000000
1454979169800
1455152343750
1455200931600
1455611611776
1455680421888
1455758272512
1455765594400
1456503275520
1456568506440
1456811532792
1456880343750
1456996352000
1457081460000
1457136128000
1457241140160
1457499930705
1457725500000
1457731685475
1457814758400
1457839296000
1458000000000
1458028394550
1458134379520
1458274104000
1458603619200
1459231947360
1459247400000
1459736012800
1459811250000
1459817251200
1459983482880
1459988150400
1460184092640
1460291414400
1460847656250
1461212928000
1461652352160
1461658923900
1461663444780
1461669027840
1461686943744
1461841655625
1462078774600
1462217702400
1462229168400
1462433882976
1462834131200
1462880086957
1462928608512
1463285369436
1463340000000
1463396828125
1463430758400
1463445356544
1463467500000
1463528424960
1463677087500
1463811588000
1464216000000
1464449448420
1464625808100
1464643908000
1464785513100
1464836337468
1464942024000
1465051392000
1465254176295
1465657589760
1465756793280
1465781400000
1465832088864
1465989840000
1466016202752
1466144027712
1466178414768
1466383564800
1466492227200
1466655781500
1466973765888
1468259520000
1468296226488
1468315297800
1468512115200
1468594800000
1468644566400
1468871294800
1468903654400
1469013775740
1469187293184
1469228544000
1469380011138
1469526054360
1469593681920
1469641981500
1470320280000
1470441600000
1470846226590
1470976000000
1471098155072
1471182496875
1471384535040
1471433319936
1471541760000
1471837696000
1471873697280
1472720000000
1472721115824
1472768300276
1472941875600
1472984801600
1473154452000
1473566278976
1473798799872
1473811316736
1474283814912
1474477149600
1474560000000
1474731562500
1474926306048
1475104002750
1475519951250
1475573926400
1475955000000
1476037442880
1476361059264
1476440064000
1476642279600
1476830527488
1476984369840
1476999160000
1477010995200
1477219222800
1477468749824
1478112768000
1478355543210
1478382796800
1478503673856
1478582393544
1478586960000
1478797961760
1479114000000
1479797003200
1479830085792
1480262750208
1480265332224
1480536131776
1480659617241
1480732176000
1480770553860
1481291280000
1481350781250
1481396224000
1481421312000
1481469912000
1481544000000
1481772104813
1481822530272
1482038570880
1482518309888
1482528663000
1482632564454
1482776465408
1482791878656
1482951956850
1483012239360
1483173281250
1483231985664
1483393111200
1483494140625
1483533168480
1483545375000
1483592906250
1483749259776
1484299852288
1484507606400
1485067500000
1485117849600
1485446625000
1485791015625
1485823171140
1486016741376
1486160072064
1486310238000
1486359383040
1486530205184
1486565136000
1486612764000
1486641894400
1486739654400
1486828814976
1487198875437
1487264950080
1487517696000
1487892224000
1488239143776
1488375000000
1488654814500
1488815153280
1488827973632
1489219139232
1489295332125
1489561736832
1489735517634
1489983768000
1490227200000
1490272118496
1490418012860
1490457894156
1490505062144
1490714152200
1491149332608
1491413496300
1491425968032
1491494047225
1491499008000
1491599784960
1491654864000
1492051415040
1492134147504
1492286328000
1492328947200
1492696268800
1492900437600
1492992000000
1493045084160
1493989094871
1494047500000
1494211525632
1494401384448
1494534600000
1494677812500
1494871723800
1494958604832
1495140228400
1495157322750
1495194624000
1495219044352
1495361328125
1495466098425
1496028554592
1496065334400
1496094437376
1496304546030
1496394465280
1496547187200
1496892970125
1497086348576
1497193992450
1497223560014
1497333760000
1497350189664
1497499715712
1497690000000
1498090307584
1498210753536
1498294465740
1498456817280
1498518352000
1498842355968
1499062500000
1499106117600
1499109768000
1499217207264
1499472520000
1499639062500
1499795361792
1500092133408
1500245188416
1500294002256
1500584526000
1500644376576
1500697400832
1501099474644
1501173596160
1501228400112
1501316781250
1501476086880
1501514076582
1501583254400
1501802176000
1501855520256
1502618603922
1502783229375
1502918831375
1503176566710
1503360000000
1503476349696
1503497748480
1503544791936
1503701078880
1504210289400
1504606250000
1504648892250
1504735383375
1504803840000
1504908496000
1504913389056
1504935936000
1505081091500
1505195423550
1505224918080
1505605159296
1505758348500
1505964408000
1506375843840
1506402198000
1506490876800
1506891322300
1507056421680
1507118581332
1507211874000
1507411544184
1507425342696
1507512988800
1507566924864
1507643267520
1507718717568
1507875264000
1507971741696
1508171007200
1508190208000
1508560232400
1508870000000
1508977512000
1509114890448
1509154671700
1509280432128
1509356895264
1509370786560
1509390855000
1509535310400
1509762322432
1509780644064
1509982897500
1509989644800
1510041600000
1510503464925
1510838875000
1510839046080
1511055000000
1511197951230
1511242689518
1511654400000
1511815500000
1511817216000
1511977322160
1512091362600
1512232550400
1512619571232
1512838137888
1513110942000
1513216282500
1513262632320
1513725267600
1513725624320
1513984867200
1514065986432
1514084849550
1514159571456
1514247433803
1514362681920
1514863650300
1514942182026
1515056911272
1515058593750
1515444558480
1515766543200
1515822660000
1516103033562
1516247449600
1516262095600
1516288896000
1516331139120
1516345019280
1516841362575
1516903200000
1516951800000
1517025189888
1517194800000
1517217288192
1517248744704
1517249831400
1517703207488
1517804415288
1517822935200
1517916154248
1518095155200
1518164513775
1518372864000
1518420103200
1518765474240
1519056250000
1519212672000
1519371837529
1519382812500
1519491855672
1519615225194
1519907403168
1519944041250
1520010817650
1520160736500
1520360157888
1520478880000
1520501964800
1520907523200
1520976366000
1521025096500
1521074408238
1521123417450
1521282243600
1521405360000
1521464414265
1521584079840
1521657446400
1521900057600
1522153354968
1522224346608
1522364051520
1522585274496
1522750573152
1522857672000
1523601637376
1523661845888
1523801493032
1524183537024
1524193816005
1524313088424
1524443365900
1524654627840
1524687120000
1525038420096
1525057422336
1525107916800
1525248000000
1525269028608
1525322012760
1525366344600
1525457102400
1525670737500
1525837824000
1525965896000
1526129061444
1526577421824
1526841373500
1526897906640
1526976000000
1526982370936
1527294984192
1527437250000
1527441806250
1527678853344
1527686737920
1528086643200
1528097672800
1528127015625
1528326865824
1528823808000
1529197056000
1529413234902
1529437000000
1529475235925
1529700120000
1529710531524
1529966592000
1530292968750
1530403430400
1530550080000
1530605846000
1530756306625
1530869760000
1530918748800
1531041098496
1531300184064
1531348000000
1531617235038
1531809792000
1532023694208
1532052600000
1532264448000
1532312457216
1532377128960
1532426822784
1532574489600
1532722500000
1532817561600
1533201768000
1533269624719
1533292215444
1533342289500
1533451500000
1533953125000
1534203002880
1534482792448
1534680000000
1534802828832
1534941292500
1534969893600
1535028184690
1535215371795
1535261732550
1535274000000
1535356012500
1535717331200
1536000000000
1536007782400
1536288768000
1536469046784
1536862076928
1537205223424
1537437132000
1537479829152
1537876103400
1538105625000
1538226450000
1538303906250
1538436553875
1538804467200
1538831931885
1538988883328
1539000000000
1539508224996
1539656748000
1539787968000
1539930702555
1540067256000
1540331665920
1540471381200
1540486924416
1540728708480
1540791072000
1540819517440
1540849032576
1540977337900
1541906246400
1542448828125
1542673641600
1542697594272
1543147200000
1543147280752
1543202067456
1543311656250
1543383943200
1543480608150
1543494511104
1543500000000
1543718736000
1543790178000
1543830400000
1544044921875
1544153148720
1544556600000
1544765625000
1544766537600
1544916746250
1545043500000
1545192972288
1545571975500
1545581514708
1546188226560
1546507040715
1546883866944
1547133270480
1547161600000
1547198893710
1547878248000
1547885947860
1547984887740
1548174788160
1548280537804
1548313546752
1548554962500
1548579078144
1549031178240
1549082578125
1549113810192
1549445760000
1549461063168
1549533473280
1549681956000
1549760688000
1549782922688
1549787470231
1549855104000
1550379426050
1550677972662
1550799432000
1550849118000
1550853731700
1550948761600
1551074504512
1551141010944
1551252187008
1551445598430
1551984863760
1552180500000
1552279680000
1552559905845
1552645621800
1553042534400
1553308876800
1553362145280
1553584589568
1553681604640
1553936400000
1554532761600
1554798750000
1555181077185
1555673776128
1555903319040
1556293939200
1556320521600
1556402519520
1556701596450
1556764045200
1556806875000
1556856409500
1556880998400
1557054225125
1557403848000
1558589070780
1559096918016
1559238737056
1559430600000
1559442227200
1559585811744
1559630966400
1559669162688
1559816400000
1559899687500
1560079761408
1560101776560
1560387047625
1560600000000
1560674304000
1560898035072
1560929113800
1560943402200
1561686515730
1561691258880
1561950355968
1562198400000
1562286835200
1562520000000
1562849316000
1562912000000
1562937788048
1563035584630
1563128280000
1563300702432
1563485566464
1563588000000
1563632308224
1564348500000
1564392407040
1564597944000
1565000742825
1565046351700
1565231708250
1565472500460
1565491200000
1565515579392
1566143488000
1566726489216
1567258875000
1567283281920
1567350000000
1567363792896
1567434451005
1567494457984
1567824825780
1567871147520
1567999918080
1568000000000
1568294784000
1568489062500
1568663516160
1568902641696
1569052980450
1569261330000
1569339131904
1569410252800
1569795066000
1569960050688
1569981726720
1569998610432
1570152276000
1570272834375
1570347417600
1570441789440
1570686557184
1570812750000
1571178708000
1571357859750
1571650000000
1571776171875
1571884380000
1571906044800
1572266295000
1572633460736
1572753767904
1573124833280
1573405482240
1573556060160
1573707018240
1573884798540
1574371728000
1574640000000
1574936032320
1575056000000
1575124992000
1575223200000
1575291908736
1575359031168
1575395827200
1575470457600
1576798423200
1576871396100
1576912579424
1577290790400
1577379600000
1577697607200
1577710154340
1578216656250
1578239569935
1578361946112
1578531926400
1578925522944
1579045076568
1579467600000
1579475457000
1579737500000
1579740508437
1580057171875
1580250000000
1580337047520
1580897537989
1581065085600
1581533047170
1581815420640
1581966996750
1582019822500
1582137385920
1582665702912
1582756977438
1582810009300
1582969845600
1583179040000
1583189071200
1583434692450
1583665902090
1583708497800
1583771978880
1584375000000
1584517593750
1584817483392
1585245841920
1585285000000
1585446912000
1585720281600
1585864160496
1586136131712
1586355321600
1586847449088
1586850972525
1587274720416
1587337216000
1587945902400
1588069496832
1588123000800
1588261500000
1588371652608
1588560093162
1588877096625
1588941453792
1589150390625
1589221579712
1589402250000
1589569417800
1589584711680
1590246000000
1590425766000
1590781778440
1590823585728
1591080468750
1591380442080
1591412112000
1591565175504
1591788699648
1592111260656
1592123278200
1592500000000
1592627007744
1592784810000
1593037968750
1593092812500
1593140342976
1593163120640
1593270632448
1593359050752
1593432780192
1593437625000
1593608889600
1593619840512
1593835520000
1593857497050
1594170240000
1594220963328
1594337416704
1594404900000
1594529838720
1594595727648
1594644489000
1594675981080
1594744200000
1594834477600
1594929242232
1595065401344
1595075794560
1595347708500
1595396760624
1596347278734
1596675118500
1596725000000
1596961280160
1597076351325
1597085175000
1597350245400
1597466357760
1597836336768
1598293132800
1598467452480
1598585693850
1598975154000
1598994432000
1599105636583
1599391147536
1599907921920
1599920353125
1600067520000
1600116211849
1600224231424
1600357699584
1600421888000
1600967592000
1600972354800
1601015416000
1601243017920
1601588113398
1601595555840
1601954274375
1602266689440
1602345472000
1602429616128
1602433515625
1602491800000
1602767930400
1602866250000
1602983268900
1603062988800
1603388337824
1603426387500
1603691701218
1603730931712
1603881267300
1604020249125
1604026368000
1604146781250
1604654087400
1604668384800
1605023465472
1605297075200
1605367500000
1605394687500
1605541785120
1606153872960
1606189906944
1606362035200
1606894182400
1606923601920
1606992973344
1607829789258
1608097251150
1608102221440
1608630000000
1609152000000
1609213132800
1609445376000
1609509550810
1610298214875
1610332031250
1610497161000
1610648424000
1610890444800
1611337361400
1611669234240
1611752025312
1611792000000
1612076791248
1612111970304
1612316411280
1612586883750
1612605030400
1613028556800
1613231690463
1613236800000
1613312516250
1613453084847
1613603300400
1613671113600
1613721429504
1614097368000
1614163464000
1614252037500
1614331458000
1614375000000
1614461461704
1614621093750
1614769908570
1614795000000
1614820147200
1614990234375
1615192488000
1615320194048
1615420145304
1615467831250
1615508810000
1615854560320
1616093856000
1616478659796
1616802687500
1617374822400
1617382728000
1617382867968
1617505200000
1617511804740
1617654917142
1617796800000
1617941239200
1617969553200
1618399820160
1618477056000
1618527972250
1619038549440
1619121719072
1619444367450
1619918773200
1620085653306
1620307500196
1620353321352
1620743392485
1621028108700
1621180360800
1621673828125
1621685812500
1621709914752
1621946350080
1622540338848
1622770974720
1623152337885
1623222076840
1623366278352
1623376125000
1623497637888
1623698964480
1623847500000
1623975642320
1623984375000
1624330813440
1624375296000
1624871142656
1624974750000
1625017474080
1625104000000
1625128960000
1625301175680
1625305500000
1625363288640
1625404500000
1625487578820
1625611057434
1626053644800
1626191097531
1626347625158
1626379776000
1626441560640
1626775245000
1627002985734
1627010146944
1627057250000
1627290000000
1627382120000
1627776703520
1627840976580
1627954502720
1628544517600
1628595984384
1628606592000
1628618659200
1628652425400
1628845424640
1629102900366
1629148042368
1629245050992
1629845618688
1630844928000
1630922343750
1631011645440
1631420258688
1631699664400
1632430325760
1632485836800
1632604430250
1632644456820
1632672884808
1632726343836
1632762593280
1633086748800
1633636053504
1633849768320
1633955727872
1634273585100
1634274006750
1634321083500
1634405488254
1634515305192
1634647218750
1634878871613
1634995321344
1635138438736
1635644694775
1636067232800
1636122421440
1636149375000
1636605000000
1636617830400
1636694731152
1637024252760
1637057994768
1637088472800
1637208144000
1637402343750
1637456281600
1637569211850
1637592007680
1637736293700
1637800125000
1638307944000
1638318441600
1638400000000
1638500194422
1638629817912
1638925226208
1638982144800
1638999277696
1639308400912
1639459814146
1639559992752
1639842693120
1639925100000
1639968750000
1640047718400
1640238151968
1640277064125
1640401176960
1640558367000
1640618366976
1641895209144
1641908620800
1642654475280
1642738406400
1643011240000
1643485593600
1643559746400
1643687317350
1643864544000
1643988060000
1644101222400
1644167168000
1644574016800
1644838621425
1645135850176
1645300615400
1645370100000
1645799064000
1646108244000
1646257500000
1646339754150
1646755642980
1646758713600
1647112500000
1647116550144
1647184845780
1647289261800
1647507456000
1647724396500
1647863524736
1647912971628
1648007812500
1648043167680
1648896000000
1648938200000
1648945372032
1648984823850
1649067347340
1649267441664
1649416204800
1649450716614
1649632230000
1649670119424
1649694900672
1649889510500
1649958710400
1649988984375
1650087936000
1650165469680
1650345486624
1650444153750
1650562452000
1650759590025
1650786545664
1651070131200
1651104000000
1651288968960
1651646001456
1651833254799
1652032016640
1652076129600
1652169150000
1652195328000
1652338187500
1652400000000
1652443194930
1652455112704
1652480206650
1652578527600
1652835704832
1652903387136
1653054313680
1653125000000
1653216811155
1653569276832
1653733269342
1653750000000
1653819788250
1653839353152
1653847523328
1654166388736
1654239059200
1654845603840
1654848000000
1654880108544
1654926204990
1655180448768
1655422272000
1655572300200
1655857909440
1656076109184
1656092604672
1656185415120
1656496202400
1656812994560
1657012224000
1657107901800
1657563415200
1657762063848
1658002500000
1658061907776
1658430259200
1658669236224
1658758701600
1658880000000
1658893551744
1659373423488
1659729346560
1659797504000
1659875263200
1659987883190
1660214864000
1660262688000
1660415314500
1660552358400
1660594000000
1660906191672
1660953821184
1660954176000
1660968582000
1661149737450
1661230771200
1661856685200
1662120000000
1662129705600
1662317746353
1662928312500
1663017680896
1663031250000
1663192268800
1663213500000
1663270187040
1663481114624
1663630390625
1663722432960
1664036431200
1664054357760
1664418992544
1664771628600
1665049710368
1665085681350
1665238487040
1665412890624
1665673464000
1665798950112
1665997370856
1666027489000
1666154109312
1666344960000
1666439290880
1666528063200
1666539454608
1666598976000
1666721378000
1666854658656
1666873500000
1666947072000
1667336832000
1667662729200
1667888305160
1668145190400
1668645126144
1669271240000
1669395994235
1669837333824
1670364462609
1670400000000
1670412744000
1670642021664
1670818500000
1671272434620
1671356829625
1671659911728
1671924762774
1672125000000
1672385778000
1672439359500
1672682416848
1672897740800
1673073353952
1673349912576
1673401420800
1673418145356
1673458247552
1673674650000
1673767638400
1673844969600
1673858066400
1673878752000
1673915619152
1674034200576
1674098671392
1674409780134
1674421875000
1674576201480
1674628300800
1674708304500
1674917047440
1675086462000
1675187412480
1675238572032
1675650915540
1675888500000
1676200000000
1676519208000
1676975560704
1677250036224
1677285937152
1677312000000
1677601209375
1677650382336
1677845016900
1678042297500
1678049573400
1678206627708
1678277136096
1678293302400
1678562485600
1678690594035
1678810451776
1678872886560
1678944153600
1678995404800
1679595750000
1680086544500
1680203865600
1680273326080
1680554803200
1680737610240
1680747204608
1681053004800
1681176205800
1681351425000
1681618563135
1681687806336
1681706877696
1681996155840
1682093952000
1682127730000
1682269681500
1682294554494
1682380700000
1683004176000
1683136000000
1683269091140
1684185048000
1684386167760
1684601712000
1684687180176
1684961157600
1685407500000
1685833146000
1686253387776
1686445312500
1686521944800
1686616064000
1686621081600
1686813983232
1686968583648
1686977740800
1687174272000
1687269782016
1687366719500
1687392137728
1687571212500
1687632347898
1687691869290
1687827741600
1687885536000
1687886553600
1688057264250
1688196238875
1688265113600
1688512716800
1688531003159
1689203378016
1689527448000
1689765779520
1690000000000
1690054813440
1690516015850
1690730496000
1690967842200
1691280000000
1691382249216
1691434967040
1692031250000
1692307906250
1692682031250
1693047296850
1693052928000
1693056234744
1693440000000
1693758366720
1694073981600
1694205836288
1694577218886
1694583281250
1694802236400
1694851494000
1695147199200
1696169090016
1696314669984
1696422656250
1697220000000
1697330140000
1697420410880
1697605589862
1697908607460
1698021442080
1698138621540
1698428763108
1698931584000
1699149737250
1699344033930
1699348038780
1699693734375
1700265282048
1700338912272
1700448256000
1700478000000
1700611200000
1700820025344
1700831827968
1700987713152
1701008437500
1701060480000
1701209702400
1701362215800
1701562500000
1701600031250
1701796927820
1702279507968
1702583908992
1702944000000
1703086937500
1703459160000
1703557520000
1703686414300
1703826432000
1703829105144
1704037500000
1704564625400
1704819916800
1704936421152
1704960158850
1705397522400
1705627218750
1705794857550
1705796981595
1705888146690
1706337239040
1706906250000
1706960848320
1706999135400
1707416108424
1707524634761
1707861542400
1707950233600
1707997277904
1708003584000
1708100273152
1708193266416
1708263950400
1708310921280
1708410305952
1708553054304
1708553290500
1708662369856
1708751226000
1708938281250
1709256654336
1709529034752
1709637351408
1709671556250
1709712262368
1709788953600
1709844196896
1709882038800
1710090411823
1710538740000
1710734823000
1710907598400
1711040781250
1711112640016
1711125000000
1711421521920
1711607436000
1711843988400
1712001096000
1712358900000
1712577904128
1712796079248
1713061520000
1713264134400
1713607097580
1713733008000
1714051842048
1714324193280
1714901303808
1714981574592
1715048680500
1715468832000
1715555320920
1715626967040
1715689600128
1715746406400
1715987264355
1716009750000
1716194594400
1716406308864
1716433953696
1716546751872
1716789973626
1716913176576
1717099722000
1717270399125
1717855167303
1717863638400
1717993472000
1718366906250
1718725080960
1718825062500
1718825881600
1718862109375
1719097473600
1719109881900
1720092676000
1720616625000
1720954669875
1721342361600
1721615319424
1721703859200
1721967187500
1722000000000
1722134560500
1722328005024
1722421235808
1722448000000
1722644153856
1722756050496
1722766500000
1722900436992
1722975525180
1723048940340
1723129912360
1723350000000
1723385210625
1723916988640
1723943150475
1724011610112
1724160000000
1724254531584
1724312812500
1724545728000
1724645000000
1724851989000
1725067007125
1725184448640
1725238569600
1725697265625
1726156583424
1726186793760
1726293141504
1726576852992
1726673000000
1727215566050
1727222857520
1727273078784
1727407325280
1727520872000
1727681997600
1727692800000
1728072921600
1728293350875
1728455639040
1728493645725
1728565739520
1728712948608
1728957871872
1729096649280
1729269330100
1729643625000
1729704170880
1730110616325
1730138849280
1730175606250
1730407325400
1730533109760
1730615234375
1730715750400
1730797206264
1731040612560
1731602400500
1732429635552
1732836481376
1732870966400
1732998758400
1733680893425
1733720841216
1733826262500
1733973053940
1734082560000
1734633617472
1734722307234
1734753477600
1735045158600
1735207239700
1735640524800
1735670851200
1735731970560
1735974489600
1736293515264
1736424957176
1736458766000
1736763950250
1736951012160
1737009532125
1737040858248
1737206184960
1737286035264
1737630000000
1737884160000
1738201006080
1738260615168
1738816532856
1739241882000
1739552260160
1740408768000
1740458803200
1740556800000
1740800000000
1740862935000
1741160448000
1741172125000
1741259014144
1741487420608
1741593834450
1741827402000
1742027584200
1742295744000
1742433638400
1742812500000
1743173696000
1743225157440
1743362676000
1743392200500
1743421725000
1743438888576
1743623700000
1743679178640
1743814656000
1743911127000
1743978600000
1744132500000
1744200000000
1744350209875
1744425321804
1744442900480
1744562812500
1744705257750
1744830464000
1745807580000
1746174963750
1746422092800
1746606078000
1746792644608
1746905616000
1746918713280
1747290006280
1747354112000
1747664928768
1747900839888
1747919596500
1748010210030
1748240607456
1748323776150
1748711669760
1748771639296
1748995416000
1748999916846
1749055612500
1749516288000
1749674113785
1749681133200
1749761255424
1749859956284
1750703673600
1751359550850
1751407734375
1751648256000
1751826503700
1752140455650
1752192000000
1752237028224
1752326576640
1752359603904
1752384146240
1752391188000
1752578905896
1753250145504
1753512707025
1753515625000
1753521369600
1753920000000
1754056137600
1754425344000
1754494529520
1754882479350
1754972730000
1755208692720
1755758592000
1755980062200
1756072579590
1756076193750
1756209848832
1756510774128
1756718073250
1756730798550
1756829162880
1757258941300
1757572689600
1757629000400
1757812500000
1757835000000
1757874908160
1757930428800
1758071360640
1758305011554
1758314197728
1758470157136
1758484888704
1758614000000
1758828079008
1758895119360
1758973114500
1759432554880
1759607712000
1759664254698
1759920802920
1760282542080
1760477097984
1760711507100
1760864501760
1760869103616
1761116957600
1761176364480
1761244051644
1761312522240
1761374900224
1761621388800
1761854976000
1761911424000
1762105250000
1762167484416
1762606074592
1762763224950
1762852782600
1763431265232
1763462430720
1763465789952
1763701711200
1764000000000
1764029106000
1764249984000
1764373460850
1764381125000
1764746455680
1764985581216
1764992581632
1765015471908
1765030352256
1765051767360
1765254618656
1765418996250
1765649267200
1765760536800
1766992195584
1767017283584
1767164343750
1767436617960
1767602655000
1767759512500
1767973288725
1767997440000
1768021032960
1768055550624
1768146821000
1768506753024
1768572464256
1768698161555
1769003712000
1769372579520
1769463471776
1769650268544
1769867797632
1769948497296
1770305000000
1771119108000
1771155072000
1771242412032
1771699820800
1772316672000
1772404264800
1772458706250
1772651469888
1772833008384
1773031833600
1773847706400
1774296077850
1774444838400
1774637261824
1774643767875
1774871550450
1774964441088
1775438092800
1775507104800
1775543616000
1775700541440
1775756403840
1775808921600
1776273620112
1776274500000
1776425711139
1776924664632
1777096949760
1778395056768
1778474195550
1778558446275
1778697760896
1778738000000
1779087538800
1779121000800
1779292569600
1779490543000
1779542348220
1779551247360
1779785156250
1779848437500
1779949193750
1780353022464
1780807680000
1780853256000
1780955205120
1781076420000
1781467569180
1781602808400
1781664500000
1781672060025
1781760000000
1781838223375
1781880671340
1782643645440
1782737756800
1782948298752
1783390084000
1783736105012
1783918987200
1784242219968
1784263950000
1784372929152
1784592000000
1784924788500
1784961515520
1785233613312
1785240000000
1785252922335
1785263846400
1785470668800
1785606488064
1785666207744
1785783710880
1785834086400
1786214614912
1786847562500
1786954560000
1787260713125
1787471532000
1787899617504
1788122044800
1788500875158
1788501615432
1788668206416
1788696000000
1788836238000
1788867493875
1788896383040
1788899337750
1789136294400
1789629500745
1789701351360
1789749140400
1790120332000
1790415977112
1790436538800
1791317760000
1791562500000
1791590400000
1791910795500
1791995840272
1792135800000
1792336896000
1792379388800
1792569462500
1792580253696
1792581304320
1792617328125
1793032053120
1793441520000
1793691648000
1793846068560
1793877632096
1794051504000
1794188787300
1794233548800
1794744812889
1795089600000
1795116974112
1795176678750
1795625000000
1795683239280
1795723776000
1795837554000
1795908902502
1795937670800
1796251859280
1796266206000
1796315625000
1796720821875
1797058120000
1797357909600
1797394352380
1797926582961
1797953358888
1798617912000
1798699003904
1798734600000
1798906032000
1799189730000
1799240712192
1799309688120
1799355929616
1799382630500
1799629299375
1799675718750
1799782400000
1799890200918
1799926894080
1800000000000
1800059088240
1800095170340
1800723778560
1801073232000
1801216534446
1801467412992
1801487892127
1801838297088
1801942990848
1802547214650
1802806595712
1802812939200
1803209174784
1803296250000
1803389755440
1803502597650
1803534000660
1804032000000
1804045763520
1804197298176
1804326451200
1804447968750
1804584096000
1804960006144
1805065375995
1805114808000
1805754326112
1805779625000
1805895000000
1806203919520
1806234508260
1806520320000
1806554192256
1806653809296
1806819618240
1807147531728
1807157289600
1807273534464
1807364358144
1807535308800
1807752567168
1807789052160
1807806000000
1808230514688
1808467706016
1808487040000
1808789062500
1808865117072
1808886792510
1809210028032
1809417560675
1809874568320
1810025118720
1810053375000
1810246501440
1810461872128
1810733756832
1810857984000
1811049881472
1811224396800
1811333244420
1811431207278
1811494947474
1811521884375
1811792721375
1811809306125
1812633636192
1812637908032
1812954631488
1813036024800
1813207205920
1813315037184
1813662793728
1813667572080
1814118638346
1814180659200
1814493468060
1814577070080
1814577246000
1814612066875
1814800642200
1815151170560
1815243108750
1815441408000
1815544550400
1815859539000
1815976565760
1816151862525
1816253391456
1816274687500
1816560000000
1816650763200
1816847889025
1816971156000
1817235218304
1817354073600
1817665434975
1818856166400
1818919851840
1819369848960
1819466995500
1819514514720
1819697840640
1820094626592
1820575456128
1820699797680
1820710633050
1820790244224
1821351825000
1821443700384
1821545349120
1821935960064
1821943549440
1822001725440
1822148213760
1822198316032
1822356057060
1822486835520
1822522320000
1822578359238
1822667974400
1822701116250
1822853960928
1822916378880
1822980556800
1823347584000
1823703336000
1823719513616
1823769043200
1823999205600
1824656090400
1825230115800
1825407487500
1825757297118
1825988935680
1826124836445
1826863828992
1826982421875
1827009062500
1827086284800
1827549298952
1827598468250
1827945054208
1828050751800
1828242000000
1828506637100
1828772524800
1828980228096
1829106711795
1829413350000
1829585553408
1829677248000
1829758226184
1829764485000
1830094676256
1830386415312
1830428303652
1830551486400
1830804885000
1830813696000
1831059375000
1831093128000
1831159075200
1831707046197
1832195991600
1832487300000
1832723018460
1832814734400
1833165999000
1833270304320
1833343750000
1833445940832
1833717207360
1833767424000
1834120904704
1834590062500
1834677135676
1834916654592
1835324400000
1835370283110
1835662122450
1836030294000
1836054514944
1836110940300
1836484116480
1836505472184
1836660096000
1836907567950
1837017738864
1837022690880
1837145318400
1837454018400
1837526777856
1837582205184
1838265625000
1838655000000
1838669414400
1838692220274
1838755809072
1838937655296
1839100723200
1839198160800
1839333047076
1839530743578
1839656000000
1839842121600
1840445530560
1840568184000
1840573659600
1840582932480
1840908255232
1841180625000
1841281572546
1841311170560
1841825322000
1841904230400
1842033821628
1842258446154
1842567813632
1842876959616
1843127395200
1843200000000
1843625000000
1844084736000
1844184384000
1844587752480
1844588522672
1844613388800
1844714938500
1844806399800
1845000000000
1845281250000
1845451324080
1845590400000
1845802849500
1845803093904
1845822455568
1845827813376
1845830799360
1845929489922
1846189800000
1846385049600
1846396918828
1847780206272
1848015000000
1848130619400
1848181321350
1848227991930
1848360466656
1848437563392
1848497452200
1848860160000
1848887580800
1849038912000
1849347612000
1849600000000
1849688064000
1849746254000
1849787607240
1849998810528
1850396836946
1850435046720
1850831648640
1850951607372
1851406250000
1851632880000
1851807744000
1852008151446
1852039687500
1852265856000
1852278162840
1852548213600
1852875000000
1854026658162
1854725687360
1855110944960
1855275746688
1855432949760
1855459186000
1855506332304
1855906252200
1856110592000
1856419584138
1856465000000
1856489390080
1856638672452
1857455308800
1857477157900
1857700090080
1857889612800
1858162756480
1858217970752
1858265955000
1858585645800
1858690293750
1859049750528
1859081187600
1859169592192
1859189598000
1859440167936
1859720052736
1859760000000
1859765625000
1859795392000
1859865280000
1860122653200
1860140878848
1860455311260
1860487705944
1860696000000
1860712197120
1860977203200
1861018941600
1861467033600
1861704000000
1861928208000
1862048250000
1862282795544
1862312240250
1862369038725
1862405158523
1862616600000
1862840148120
1862890989696
1862999756800
1863072367695
1863134203392
1863680000000
1863689149296
1863909400320
1863911250000
1864050000000
1864150437615
1864246389525
1864285745400
1864373349888
1864982321829
1865404687500
1865722541760
1865908224000
1865972964384
1866240000000
1866318755328
1866330375000
1866429295056
1866708566016
1866752578125
1867107926016
1867156750000
1867506166944
1867988172800
1868168250000
1868519465631
1868573448000
1868589654750
1868847644672
1869308222600
1869885000000
1870130592540
1870577550000
1870782544800
1870923422592
1871083500000
1871280340992
1871336621250
1871357935720
1871460831488
1871500643712
1871589113856
1871985033216
1872618191808
1872624491280
1872966116736
1873146598400
1873147940000
1873281024000
1873337735808
1873460736000
1873678832640
1874023818876
1874229885927
1874280925125
1874744202240
1874886000000
1874923848000
1875020162400
1875039363072
1875210432480
1875375467280
1875781152000
1876200603858
1876305752064
1876312235952
1876374343305
1876535500140
1876622400000
1876914892800
1878188191250
1878567000552
1879089828000
1879090345440
1879142013408
1879415522208
1879893588300
1879898135760
1879994188800
1880263044000
1880739938304
1880921341206
1881026251650
1881141640625
1881389790936
1881531147600
1881679403520
1881689059613
1881767718954
1882009958400
1882431059600
1882627591680
1882794129216
1882817352064
1882863576540
1883113596000
1883179531350
1883201205600
1883329110432
1883437500000
1883496888000
1883637504000
1883724609375
1883898226665
1884264430230
1884281678370
1884358275072
1884375000000
1884399335325
1884416901120
1884554084400
1884688000000
1884736000000
1884753319500
1884879942400
1885236620256
1885304012800
1885497036800
1885725000000
1885928272128
1886135860224
1886329674108
1886582388600
1886658065280
1886885270400
1887142440960
1887156496512
1887196549550
1887436800000
1887473600012
1888045000000
1888059801600
1888160037700
1888450200000
1888590412800
1888661758248
1889183646720
1889321363424
1889477591040
1889568000000
1889612762400
1890079758000
1890102117888
1890111455232
1890463340304
1890498355200
1890635837376
1890779787540
1890917968750
1891520353125
1891587607182
1891596968800
1891624512512
1891780116480
1892016918528
1892109128000
1892355696000
1892362752000
1892393696250
1893504600000
1893821139090
1894054780800
1894140164096
1894648437500
1894986547200
1895075000000
1895273077698
1895327619500
1895370548400
1895491027584
1895526694912
1896251129856
1896267609600
1896560930880
1896562289250
1897024298880
1897129009360
1897166476800
1897255519110
1897395192810
1897406023952
1897430649912
1897431040000
1897443072000
1897614252936
1898169062400
1898178504768
1898180099820
1898239320432
1898293710096
1898356824000
1898489802528
1898553733120
1898825609472
1899460500000
1899462656000
1899984486400
1900489500000
1900519096320
1900718379000
1900763988480
1900772000000
1900777881600
1901250000000
1901688450228
1902137036800
1902690000000
1902864337920
1903073670000
1903393280880
1903493592000
1903991702400
1904037080400
1904257812500
1904502046720
1904517360000
1904652288000
1904999419188
1905391360530
1905786792000
1905893038400
1906000350000
1906012231200
1906298025120
1906544587500
1906652515950
1906707930750
1907008303200
1907088421875
1907592781250
1907661326805
1907851562500
1908246600000
1908294287360
1908737376000
1908885555200
1909437235200
1909598566680
1910122091000
1910184512688
1910610898800
1910692342650
1910766812500
1910842961040
1910883811200
1911151656960
1911155796000
1911796250000
1911839031648
1911941507840
1911981500000
1912138164405
1912664752128
1912719360000
1912808636640
1913004288000
1913187600000
1913255624448
1913625000000
1913801373120
1913984761500
1914328166400
1914490412100
1914762240000
1914874380288
1914903007143
1915471411200
1915666857984
1915693416000
1916239764078
1916341918848
1916363651328
1916804736000
1917253423904
1917469851648
1917480000000
1917547673184
1917841968000
1917934483500
1918103490560
1918359543100
1918392000000
1918525772800
1918866554880
1919158634880
1919356852224
1919646664000
1920342475044
1920506265600
1920520000000
1920614400000
1920843121977
1921218499200
1921373208576
1921849786440
1922019006908
1922089634784
1922345129250
1922375000000
1922607421875
1922813238500
1923272294400
1923321516480
1923549990912
1923736104160
1923815627825
1924131033072
1924218181600
1924359169383
1924385281245
1924886600000
1925001720018
1925152768000
1925356777344
1925526240000
1925847705600
1925910885600
1925950582080
1926061290720
1926081764820
1926180000000
1927149444500
1927283200000
1927339834464
1927561216000
1928308322304
1928337356400
1928435072400
1928551917600
1928934000000
1928965827411
1929116250000
1929296639592
1929322962000
1929859888320
1929987399168
1930191435900
1930214707200
1930370727285
1930501947780
1930913362560
1931270352000
1931491215360
1932066406400
1932430500000
1932735283200
1932960153600
1933292552100
1933329958560
1933773004800
1934092116450
1934493750000
1934623180800
1934653593600
1934882352000
1934917632000
1935068800000
1935104260500
1935398389275
1935441672192
1935655467200
1935975019500
1936406250000
1936916841600
1936999146368
1937004300000
1937102445000
1937200860000
1937266822400
1937625000000
1937723890284
1937754000000
1937909302560
1938521151405
1938610827648
1938696768000
1938768750000
1939101696000
1939208947200
1939262334464
1939275000000
1939446169600
1939639583700
1939665000000
1939680000000
1939972226400
1940458487625
1940625000000
1940815482368
1940860521600
1941061443552
1941146542368
1941196775085
1941415257600
1941556944096
1941636096000
1941885414000
1941957397248
1942230742400
1942420500000
1942507125000
1942507344960
1943081156250
1943333240940
1943460981000
1943642247300
1943753011200
1943764992000
1944276898500
1944296010384
1944685750000
1944777600000
1944796591584
1945020540320
1945059248000
1945450675980
1945503149400
1945519521792
1945620337500
1945777002624
1946008593750
1946218659840
1946223706122
1946583040000
1947037974336
1947055219200
1947101320000
1947757582848
1947782805462
1948073857600
1948236338475
1948261597920
1948283904000
1948331070000
1948354560000
1949122207500
1949291879040
1949461668000
1949482264680
1949638891200
1949674726125
1949869421500
1950366600000
1951047159248
1951086776832
1951120000000
1951161392250
1951491811500
1951586980992
1951600000000
1952004096000
1952105738625
1952342828800
1952585091072
1952632332000
1952858544000
1952859414771
1953125000000
1953492187500
1953516111750
1953561645000
1953672235060
1953815827600
1954044518400
1954125878040
1954170965529
1954375200000
1954878607906
1954904553024
1954931097600
1954979712000
1955125512000
1955726622720
1955965021184
1955971929600
1956345032928
1956605418950
1956754050615
1956894474240
1957023244800
1957552048128
1957679360000
1957728301984
1958016153600
1958122629288
1958126400000
1958400000000
1958482644480
1958818640625
1958916390912
1958938581600
1959173348184
1959257160000
1959368072480
1959522642000
1959963033600
1960068738474
1960374312000
1960634652480
1960716533760
1960788114432
1961077682304
1961128302120
1961128808100
1961315840000
1961318400000
1961576662500
1961670765600
1961768473632
1961956152000
1962310885920
1962328848480
1962498263040
1962631296000
1962742399488
1962822772224
1963154448288
1963504872000
1963934231868
1964371500000
1964390400000
1964508000000
1964925450000
1965200000000
1965364611840
1965384531968
1965701257065
1965774031375
1966517108736
1966805337000
1967099904000
1967359935000
1967526450000
1967921802000
1968324105600
1968481412352
1968570296000
1968814522368
1969020900000
1969198788960
1969338072000
1969746647040
1970176000000
1970740800000
1971140724280
1971440086500
1971636030000
1971778764800
1971802672066
1972032538000
1972137692925
1972519976960
1972705078125
1972902484800
1973585250000
1973806345710
1973907941850
1974124152000
1974334500000
1974344321250
1974360738480
1975066031250
1975134375000
1975228416000
1975460203008
1975767440000
1976283877568
1976804766720
1976991744000
1977010475454
1977060966400
1977167593401
1977269275800
1977325977600
1977564375000
1977992187500
1978060500000
1978896657920
1979714973600
1979890890000
1979914978125
1980011250000
1980570009600
1981053665280
1981355655168
1981546762752
1982101795840
1982150352000
1982300800000
1982365314336
1982390931488
1982438419968
1982596274658
1982918616588
1982931833916
1983097443600
1983291156000
1983592903680
1983693680640
1983860173386
1983957434368
1984116943872
1984485665344
1984492942848
1984500000000
1984524304000
1984873086000
1984905000000
1984924800000
1985018757120
1985086871040
1985108967072
1985153751000
1985326875000
1985516064000
1986550335666
1987029491328
1987134761115
1987470950400
1987706453850
1987856136504
1988427133456
1988477223050
1988643520512
1988657748000
1988969094000
1989038592000
1989165173625
1989171347760
1989180000000
1989227812500
1989443587950
1989456469380
1989509382144
1989524459520
1989911000000
1990176998400
1990426510800
1990625000000
1990659888000
1990783759680
1990935450000
1990939544064
1990981012500
1991053548000
1991115000000
1991593125000
1991611514880
1991719134720
1991985459828
1992466568862
1992506755200
1992578043456
1992670848000
1992712800000
1993017474000
1993041288000
1993162298400
1993305611250
1993344976350
1993543097000
1993552691200
1993661552790
1993838022656
1993884984000
1993954797900
1994069012031
1994744518740
1995524685792
1995788160000
1995856200000
1995921000000
1995994915200
1996201600200
1996258656600
1996356468750
1996371056250
1996466919552
1996666287616
1996768972800
1996801179648
1996902864320
1996991001600
1997295420960
1997484462720
1997520000000
1997725954320
1997989265664
1998253670400
1998375624000
1998920700000
1999727149056
2000128000000
2000447124480
2000850755904
2001037500000
2001414246174
2001465966192
2001553772400
2001926860875
2002048524288
2002148437500
2002338714675
2002400686125
2002833361800
2003275193082
2003710972500
2003895920880
2003906657808
2004235422280
2004480000000
2004599439360
2004663664640
2004735519072
2004944088960
2004982200000
2005108851200
2005139395350
2005219827520
2005372823520
2006313844500
2006405120000
2006878068288
2006927231400
2006940090960
2007672014250
2008540800000
2008579023360
2008654502400
2009318740000
2009408562240
2009491441776
2009742704640
2009900456928
2010384396288
2010565106550
2011007900000
2011238464500
2011338060480
2011625928000
2012092500000
2012158611216
2012237365248
2012241722400
2012251732218
2012655093750
2012774400000
2012850344736
2012987299050
2013731280000
2014204745088
2014637062500
2014787174400
2015180881920
2015350017408
2015469799200
2015995320306
2016000000000
2016285696000
2016379008000
2016615623904
2017088928096
2017391346432
2017427226624
2017621710000
2018076827130
2018415899136
2018712280000
2018754648576
2018998159200
2019270093750
2019922909368
2019988419840
2020078125000
2020598324745
2021608125000
2021615877120
2021718528000
2021728584960
2021857906250
2021924050272
2022589071360
2022633897984
2022674311450
2022980937120
2022998326272
2022999775200
2023143505920
2023216678080
2023293888000
2024367798528
2024395243520
2025072000000
2025160704000
2025222062500
2025375311232
2025441651690
2025668717100
2025974808585
2026084500000
2026153633592
2026752000000
2026970316800
2027068084224
2027286847040
2027432937600
2028033462000
2028123073152
2028132309528
2028619219020
2028876595200
2029027596050
2029207847940
2029973400000
2030445789184
2030737625280
2031160435200
2031704110800
2031911976960
2031946260019
2032031250000
2032576719264
2032797967200
2032816500000
2032834100976
2033025544368
2033304000000
2033477222400
2033762683680
2034112500000
2034176639040
2034227650000
2035507603500
2035744980480
2036225210607
2036775518208
2037204124375
2037266805024
2037367080000
2038042748742
2038431744000
2038433633600
2038476911625
2038680576000
2038764556800
2038783219200
2039217646536
2039455154176
2039914044000
2040066966672
2040213225600
2040390625000
2040537907200
2040733585800
2040781783392
2040841106010
2040875907200
2040975014400
2041144945920
2041388131328
2041428249900
2041576243200
2041615576000
2041862141952
2042045066880
2042156313384
2042277907998
2042841981375
2042924726304
2042946360000
2043193359375
2043477858240
2043677545472
2043756748800
2043841722832
2043923048420
2044042090000
2044269024000
2044384272000
2044389620592
2044591718400
2044906509375
2045186718750
2045579163264
2046280315950
2046322493460
2046336638976
2046566250000
2046585470976
2046953829060
2047000192272
2047015643400
2047898052000
2048238364509
2048287272390
2048352583680
2048385024000
2048584921875
2048644912500
2048656532760
2048939794944
2049267851019
2049449990940
2049973105536
2050000000000
2050501471200
2050699465100
2050968600000
2051136929016
2051247369600
2051355846813
2051419668480
2051681653125
2051937009792
2052167270400
2052294795936
2052305715200
2052385776000
2052390000000
2052833760000
2052846626472
2053307880000
2053318094100
2054330687500
2055319563600
2055419517184
2055610727415
2055773079360
2055892608000
2056231406250
2056360046832
2056386528000
2056392000000
2056625769250
2056716926976
2056873500000
2057005104000
2057748875000
2057974144200
2058000000000
2058148904960
2058364481472
2058386904000
2058448392000
2058726562500
2058850998522
2059184717226
2059508187648
2059655495625
2059938349056
2059941796875
2060158464000
2060319442176
2060346600000
2060812037088
2060992320000
2061172750000
2061181715040
2061220490550
2061304599200
2061423659988
2062178722240
2062192214016
2062270070784
2062319616000
2062931858280
2062988281250
2063429795840
2063459770704
2063532250000
2063953382400
2064189050154
2064557501820
2064739950000
2064919910400
2064985322400
2065040020800
2065101322050
2065443437500
2065736908800
2065790213928
2065803496960
2065925045184
2066044631040
2066593813440
2066692838400
2067135770700
2067187500000
2067299191440
2067553495800
2067570630216
2067798824000
2068016311972
2068048828125
2068600135680
2070151506000
2070239772672
2070317146464
2070620253000
2070940636512
2071328203125
2071556046000
2071621533696
2071846576800
2072202579810
2072235774000
2072304000000
2072577384720
2073218397120
2073273485536
2073461144832
2073645398880
2074078125000
2074161600000
2074364255600
2074374899168
2074498228656
2074720003200
2074853999232
2075519143125
2075625000000
2075742500000
2076132739590
2076165000000
2076172300800
2076180480000
2076320000000
2076523650000
2076638297580
2077134077952
2077320856500
2078192003888
2078220175200
2078615002464
2078746312500
2078780030976
2079164989440
2079168000000
2079337197600
2079507955200
2079852187500
2080000000000
2080086320858
2080168776000
2080516063500
2080563843072
2080728000000
2080800000000
2080834333200
2080899072000
2080964535750
2081310916608
2081321400060
2081766113280
2081915136000
2082168281250
2082170930112
2082496713570
2082931200000
2083049113600
2083360000000
2083668787200
2084178996900
2084860381450
2085690421008
2085741900000
2085771980160
2085977275200
2086217023968
2086335014400
2086981071021
2087144718750
2087258700800
2087296667280
2087354105856
2088025000000
2088049840128
2088192506400
2088239698944
2088601600000
2089393035264
2089672940160
2089678500000
2089711042560
2089733670720
2089874304000
2089912601340
2089962700800
2090263117824
2090433101040
2090507904576
2090658460000
2090853021060
2090908851525
2090960156250
2091073940865
2091737415680
2091852398592
2091870188928
2091930750000
2091964644000
2092236328125
2092348440000
2092845481578
2093094713578
2093220251850
2093331480576
2093745438720
2093792509440
2093842951200
2093984265600
2094271200000
2094417000000
2094826364442
2094952251392
2095046856000
2095227052919
2095374848000
2095587921920
2095695166635
2095701562500
2095874726400
2095998973740
2096239859654
2096267264000
2096355060000
2096357179392
2096365471200
2096622079200
2096684128000
2097023385600
2097561966750
2097758284635
2098513064720
2098591108200
2098910361600
2099266191360
2099513414700
2099600760037
2100627276800
2100663987840
2100875000000
2100922012800
2101269964500
2101555132209
2101636578600
2101689281250
2101804057600
2102066521632
2102094910944
2102145129000
2102216556160
2102597656250
2102765346162
2103054387200
2103115218750
2103152069200
2103246648000
2103515013600
2104020172800
2104086363925
2104222924800
2105158359375
2105181510432
2105277677685
2105352000000
2105393435424
2105603500000
2105610002496
2105668685824
2105858975220
2105984787712
2106201447000
2106320677916
2106395928000
2106465031125
2107125301248
2107314885312
2107596157974
2108531250000
2108624918400
2108632780800
2108871772800
2108926181376
2109087227520
2109107000000
2109289329000
2109375000000
2109610818000
2109771562500
2110167907232
2110700574528
2110784252850
2111111540736
2111246256600
2111611330400
2111984325360
2112092236800
2112289358400
2112500072448
2112690125000
2112703829297
2112972275232
2113340349120
2113349434560
2113387875621
2113844428800
2113929216000
2113962770432
2114293708800
2114739242224
2115207744660
2115373265568
2115431061471
2115477000000
2115513493632
2115801296700
2116027368000
2116768251024
2116889328960
2116952832434
2117239800000
2117425995776
2117739479040
2117775724750
2118173290416
2118221107200
2118223872000
2118480975072
2118502795500
2118545640288
2118813440625
2118867187500
2118912644160
2118998593152
2119215874048
2119545225000
2120123344950
2120184768000
2120186880000
2120315139072
2120328000000
2120524750386
2120677977600
2120752025856
2121440625000
2121510605760
2121541632000
2121783520032
2122151724000
2122312500000
2122437793866
2122526802600
2122673276925
2122831037600
2122848000000
2122863594768
2123035953885
2123770000000
2124050625000
2124251136000
2124556208775
2124583500000
2124834930000
2125065124224
2125331602560
2125560320000
2125700571411
2125790034048
2126039784960
2126041251840
2126055919680
2126885117760
2127176557056
2127690250000
2128076608320
2128400064000
2128463038312
2128680000000
2129155293420
2129446900000
2129786381430
2129795141040
2129813974080
2131717500000
2131935000000
2132362371456
2132921548800
2133460326400
2133748919250
2133764820000
2133828835200
2133871342407
2133924099408
2133942841296
2134195408800
2134270135530
2134515891200
2134561968000
2134959095808
2135329938000
2135440195200
2135441817600
2135450817864
2135512055808
2135939032500
2136006993834
2136231419400
2136346173500
2136352254400
2136735166419
2137023907200
2137417318400
2137577922900
2137657069296
2137988345600
2138198197248
2138308176375
2138576976900
2138761433088
2138890800020
2139352004608
2140008000000
2140081886592
2140276096000
2140448625000
2140526250000
2140722380160
2141211800000
2141580168000
2141977012488
2142020127728
2142402696000
2142564802560
2142770112000
2143139714163
2143217664000
2143286248320
2143369133056
2143710985808
2143718784000
2143846390400
2144129668200
2144229261552
2144250393750
2144430491148
2144444151150
2144533708800
2145170227200
2145507886080
2145774758400
2146846501712
2147329548000
2147483648000
2147555400894
2147884204032
2148096983040
2148887352375
2149335000000
2149678763232
2149814562500
2149875000000
2149960872064
2150115845000
2150210286000
2150480658816
2150596791200
2150638063200
2150770781250
2151020922336
2151094312224
2151456440320
2151589175424
2152086896640
2152129824000
2152274133100
2152615282272
2152812574458
2152983092148
2153026544760
2153093529600
2153395782720
2153445063120
2153724567552
2153811175425
2153912390450
2154248922672
2154785553375
2155255163424
2155304879728
2155524696000
2155635424800
2155682160000
2156064986250
2156094158400
2156405328000
2156480560800
2156510490624
2156698117728
2156750281728
2156800902354
2156873222856
2157147324416
2157866426880
2158151767200
2158341494400
2158468215750
2158539908850
2158708377600
2159259156600
2160091152000
2160114204408
2160529531776
2160638771200
2160691200000
2160713318400
2160885760000
2160891185760
2161197339840
2161244531250
2161296277504
2161362560000
2161370811600
2161464868864
2161508253696
2161769718240
2161814408208
2161941902208
2162054531250
2162081009745
2162130213600
2162394008544
2162905883776
2162912906880
2163860500288
2164203117180
2165109857001
2165274931200
2165312500000
2165313252375
2165359018640
2165380776000
2165835735700
2165931900000
2166154120000
2166271879200
2166371078144
2167040327004
2167282828125
2167466317425
2167481409912
2167597432832
2167603200000
2168071526400
2168254796708
2168506368000
2168722238511
2168760835584
2168798792160
2169009273600
2169224064000
2169346862592
2169400983552
2169600000000
2169664963200
2170064239200
2170108864000
2171022594048
2171301072810
2171328266240
2171477311488
2171491545600
2171832914592
2171988000000
2172035838000
2172556002240
2172778809264
2173465548800
2173520666070
2173583868183
2173796352000
2174259548160
2174393548800
2174828544000
2174861472000
2175233163264
2175350784000
2175468750000
2176078668750
2176409088000
2176573767680
2176871180000
2177253508059
2177385437500
2177496649728
2177534480250
2177599184475
2177612400600
2178181404672
2178264646656
2178963527328
2179031446800
2179277156250
2179529625000
2180071735296
2180366991360
2180427724800
2180553625600
2181096153600
2181114843750
2181295534848
2182140000000
2182349003328
2182380032000
2182431794400
2183648391600
2183733500000
2183738465664
2184112507850
2184839757216
2185120546875
2185300759320
2185320515625
2185447824000
2186577856512
2186867030400
2186984202624
2187077760000
2187201569280
2187261273600
2187324945355
2187606896640
2187771468750
2188283040000
2188379592000
2188410880000
2189516603392
2189687500000
2189862135648
2190488985000
2191152600000
2191349803734
2191583089800
2191661500644
2191819392000
2191961687552
2192289792000
2192575469760
2192618160000
2192866665600
2193118161900
2193209186350
2193329664000
2193743098368
2193901142400
2194314922800
2194474443525
2194593750000
2194773504000
2194928054154
2195010000000
2195019606528
2195243268750
2195262311040
2195678284800
2196128922624
2196248485392
2196385682400
2196866422400
2196965862000
2197174353920
2197176384375
2197265625000
2197407685200
2197845000000
2197974417408
2198106110880
2198110208000
2198300083200
2198646431800
2199267622152
2199509640000
2199901003650
2200460648832
2200638132000
2201472000000
2201506283520
2201508324288
2201718625280
2202374766592
2202444339732
2202614013600
2202709355520
2202768172800
2202801464864
2202892200000
2203052466384
2203166374656
2203257593240
2203306942200
2203430283648
2203438036800
2203780939776
2204289081540
2204944822080
2205078400000
2205705600000
2205933069600
2206269339885
2206298250000
2206399370175
2206464000000
2206546790400
2206568273320
2206843654752
2206907265024
2206907942400
2207281189698
2207418531840
2207810545920
2208108936150
2208259389600
2208611059200
2208894658425
2209152450414
2209190477824
2209295772450
2209477202400
2209503318750
2209595281250
2210349418464
2210835924544
2210850000000
2211256700928
2211327081600
2212336006166
2212465213440
2212471866528
2212656004125
2212747113600
2212788520800
2213279926875
2213465149440
2213505410688
2213683584000
2213718707200
2214000000000
2214541588896
2214624776000
2214641583000
2214799884288
2214827751500
2214974361600
2215588871925
2215932919200
2216464699680
2216490172416
2216581200000
2216730952800
2217060460800
2217178735200
2217280770432
2217533314815
2217618000000
2217807160960
2218526562500
2218754457600
2218846694400
2219098876020
2219164374240
2219297616000
2219344178688
2219598692352
2219695504800
2219745128688
2220177682296
2220283406250
2220488437500
2220742524000
2221065266816
2221119277650
2221155830790
2221310840625
2221554271950
2221679687500
2222129052000
2222131968000
2222272102400
2222498000000
2222618605375
2222981120000
2223124263360
2223372201120
2223560183936
2223702000000
2223792994500
2224193587200
2224363178750
2224427935275
2224492585875
2224759921875
2224880698950
2225004642000
2225147779712
2225163150000
2225418596352
2226208967136
2226449778432
2226609243648
2227213216256
2227485031200
2227689226854
2227932618912
2227976956800
2228082278400
2228987363328
2229141066425
2229364446400
2229563284650
2229670131265
2229898734000
2229919146000
2229955000000
2230113503232
2230135221600
2230243222464
2230428368896
2230995861504
2231369728000
2231393052672
2231579808000
2231805932622
2231838336000
2231916481600
2232082759680
2232229638600
2232320000000
2232546373512
2232562500000
2232641880000
2232768268640
2232944406000
2233222729920
2233286717760
2233448616000
2234414160000
2234774688300
2235053907450
2235166419200
2235307872000
2236120478800
2236480000000
2236980525138
2237389730000
2237489479680
2237608836944
2238019971390
2238649875000
2238770664000
2239252503840
2239397084925
2239404194160
2239454448000
2239871090688
2239994800340
2240068886068
2240094528000
2240878372128
2240900702208
2241390191040
2241421582400
2241461494125
2241740225088
2241801900000
2242233778176
2242258200000
2242425600000
2242735984125
2243060720640
2243418473520
2243740262400
2243803213440
2244046225408
2244066629376
2244423057408
2244477768750
2244496264992
2244925216611
2244966796800
2244996000000
2245033042434
2245082096250
2245438098000
2245840322560
2245933806336
2246249573568
2246598144000
2247301079856
2247336000000
2247368211088
2247441698610
2247584094666
2247690240000
2247777528000
2248819200000
2249100000000
2249137110150
2249228288125
2249291444864
2249583336000
2249693042688
2249757556736
2249908617600
2250118962925
2250144000000
2251436005224
2251649211966
2251975171875
2252044418624
2252297871360
2252559909600
2252703264000
2252957461300
2253096000000
2253986935200
2254394990034
2254764850065
2255040000000
2255139250000
2255246622720
2255507977450
2255689728000
2255766631300
2256536937600
2256854716480
2256909375000
2257064248320
2257159716864
2257396395800
2257605912573
2257621637250
2258531520000
2258637522750
2259071942400
2259321815520
2259436291848
2259440543376
2259736315200
2259801992000
2259808714800
2260064041200
2260125091872
2260196265600
2260313748000
2260520430000
2260526694400
2260595916800
2260677871998
2260729856000
2260951004160
2261081396340
2261392136640
2261821685760
2261970360000
2262127570560
2262380687775
2262535655760
2262808126800
2263004835840
2263005809568
2263213219302
2263968645120
2263969923072
2264089414896
2264293231200
2264337275200
2264375622600
2264409378945
2264417280000
2264418858240
2264516526636
2264827801600
2264941785600
2265044943744
2265242112000
2265759748224
2266064424000
2266192704672
2266258312500
2266426800000
2266455513546
2266959052800
2267078492160
2267582621850
2267751383040
2267775770624
2267983617536
2268011250000
2268279603200
2268426384000
2268500802750
2268747144000
2268905207400
2268945000000
2269371561660
2269824423750
2270120486400
2270343359375
2270522332320
2271013252002
2271082043664
2271417242472
2271544022880
2271879364608
2272295475450
2272560758784
2272587890625
2272983625440
2273280000000
2273975908750
2274009609375
2274169625000
2274393143400
2274578706400
2274622300800
2274907602240
2275024463712
2275126374400
2275129344000
2275180544000
2275421645952
2275508604096
2276302864500
2276411912775
2276554811232
2276689781250
2276866765184
2277169518650
2277458519040
2277528780800
2277747895040
2277835560000
2278125000000
2278334968000
2278584375000
2278692864000
2279602128960
2280039233472
2280367617408
2280383594496
2280718320000
2281537644750
2282147419824
2282330682000
2282861196000
2283416303616
2283437205504
2283733495225
2283857856000
2284356096000
2284480800000
2284960223232
2285137723392
2285402456064
2286633369600
2287183444650
2287197782730
2287205606250
2287330567056
2287389675648
2287490025600
2287497805824
2287661875200
2287678795776
2287679723793
2287681781760
2287983019140
2288035379565
2288099923200
2288311651840
2288506106250
2288955801600
2289005650323
2289180809344
2289311019450
2289622500000
2289781956564
2289799549440
2290295290500
2290473556404
2290609125000
2290711500000
2290850043300
2290903773075
2291264962560
2291402131200
2292091401600
2292146509200
2292730151712
2293237837800
2293346419595
2293524979200
2293645818240
2294119852353
2294155500000
2294192955600
2294606226500
2294717189632
2295439453125
2295506242575
2295605145600
2295631840230
2296072396800
2296204790544
2296355443200
2296561647744
2296618942464
2296813050000
2297022000000
2297375437500
2297565000000
2297800000000
2297883451500
2298336985728
2298590867300
2298672069120
2298706384000
2298707037792
2298880000000
2299166308845
2299559116800
2299704825600
2299716265392
2299802652000
2299938323166
2300215736000
2300644531250
2300929687500
2300989278720
2301583284000
2301724188672
2301789970944
2301847269120
2301974528000
2301981826560
2301989835600
2302447310900
2302501593600
2302542277035
2303209767040
2303575996800
2304000000000
2304174600000
2304391134500
2304475802500
2304487785600
2304535142016
2305277162496
2305598871114
2305692864000
2305822262500
2306420977536
2306584901205
2306814155100
2307209767200
2307253561875
2307253867380
2307811187500
2307860000000
2308605318144
2309027413248
2309062719600
2309372830485
2309485122000
2310231657552
2310621815250
2311250000000
2311386355458
2311475944050
2311498183680
2312000000000
2312145948672
2312182817500
2312234509050
2312508744000
2313337705900
2313587136000
2313868781250
2314276039152
2314796737500
2314955843200
2314956996000
2315109232800
2315216286720
2315251250000
2315347703550
2315685267000
2315685583872
2315907839934
2316003840000
2316054477664
2316319948800
2316444872742
2316704457600
2316783845376
2316926976000
2317035520800
2317560704550
2318216602860
2318407109200
2318523750000
2318819343750
2319094683360
2319260720400
2319282339840
2319848294400
2320096296960
2320216843750
2320402225050
2320427865600
2320611737600
2320742400000
2320751953125
2320766156800
2320798340565
2321017307136
2321518824144
2321865000000
2322125112600
2322227108880
2322420806706
2322436536000
2322703445600
2322727174144
2322832443750
2323197075456
2323825368480
2323983036466
2324300209920
2324831600000
2325344487840
2325487109400
2325609632430
2325649289600
2326225381686
2326273677000
2326294404000
2326388882400
2326492168000
2327952322773
2327966671680
2328025050000
2328086258784
2328144000000
2328233285000
2328469176320
2328550185150
2328578261856
2328585750656
2329484034150
2329676627200
2330070157440
2330467200000
2330509610304
2330804528640
2331330336000
2331405047808
2331875000000
2331875810250
2331999889128
2332800000000
2332882944000
2333015007232
2333036618820
2333055816000
2333677500000
2334010140000
2334271564800
2334588820200
2335078125000
2335210312500
2336256000000
2336294548224
2336439168000
2336477819808
2337086668800
2337154391929
2337608000000
2337662801250
2337849683127
2338496925696
2338611238080
2338661511648
2338873200000
2339100426240
2339197419650
2339232500000
2339275680000
2339326039360
2339734425600
2339952000000
2340000000000
2340038610000
2340123721442
2340189873000
2340714563460
2341011456000
2341096020000
2341350000000
2341434925000
2341678248000
2342037864672
2342761344000
2342761989120
2342925812500
2343119117472
2343168000000
2343430252800
2343472863750
2343669378336
2343717573120
2343780000000
2343803886450
2344133106900
2344156490304
2344367702016
2344406682072
2344552566048
2344553376945
2345390294940
2345536116000
2345583744000
2345798705040
2347185750000
2347569527550
2347700060160
2347805875968
2348123580000
2348345032704
2348956709632
2349028125000
2349198316269
2349215232000
2349220664736
2349269402760
2349304476480
2349378846720
2349556645888
2349978750000
2350212590250
2350422041184
2350593566720
2350848500000
2350927800000
2351241686976
2351434050000
2351713000000
2351737238670
2352000000000
2352038808000
2352315330000
2353213838976
2353353962544
2353561600000
2353642078208
2353891995000
2354347382400
2354733217746
2354775658875
2354943375000
2355276637350
2355573320100
2355626000000
2355738184800
2356219125000
2356576727596
2356830000000
2356970434560
2357106172200
2357156250000
2357599395375
2357777362500
2358650613375
2358841508478
2359010787328
2359289463048
2359872000000
2360507928633
2360610378000
2360827197810
2361960000000
2362043980800
2362627647360
2362768617006
2362958838240
2363079175380
2363205686400
2363484375000
2363819314500
2363985000000
2364003532800
2364114611664
2364683349600
2364856208000
2365272000000
2365481762000
2365602889584
2365950964608
2366069400000
2366191690500
2366444808000
2366847522176
2367527063552
2367573591600
2367675205120
2367852380160
2367882122625
2367912557184
2368160901216
2368295998848
2368567614852
2368624394240
2368948982400
2369157514512
2369159524375
2369232886176
2369413233792
2370161250000
2370188567250
2371053546000
2371077165600
2371088824400
2371328232000
2371411261700
2371645785600
2371726393344
2371788312390
2372116718400
2372331110400
2372723130960
2372745375000
2372844364800
2372950495125
2373071053500
2373672600000
2373769800000
2373959024640
2374215013950
2374768560000
2375000000000
2375121188853
2375562746700
2375653785600
2375680000000
2375878008725
2376367187500
2377055040000
2377226588125
2377317073824
2377394070156
2377432622592
2377459389253
2378175012864
2379081647502
2379713079744
2380311484416
2380627558400
2381112115200
2381484672000
2381918853600
2382028786800
2382456706560
2382675372000
2382872531400
2383241358015
2383526722500
2383974028800
2384668820576
2384814534912
2384842824000
2384879078400
2384912109375
2385121224024
2385142643520
2385156658500
2385199117000
2385308250000
2386088733600
2386172667660
2386427904000
2386620703125
2386998208350
2387282264064
2387652613750
2388156825600
2388425919264
2388463946820
2388750000000
2388787200000
2388872134656
2388944390625
2389556953125
2389745312500
2389798789560
2390156437500
2390332538880
2390856445440
2391120000000
2391255360000
2391484500000
2391569530560
2391794758080
2392013971620
2392251716400
2393165736000
2393452800000
2393497218000
2393509499040
2393568905000
2393907696000
2394087273648
2394111671875
2394245259497
2394258266400
2394339264000
2394425297664
2394520918101
2394545203336
2395012677750
2395627762500
2396160000000
2396254814208
2396364170850
2396573156250
2397271145184
2397629363200
2397745152000
2398401925920
2398867042176
2399226211200
2399505732500
2399543704350
2399567625000
2399839288000
2400000000000
2400053870592
2400428093805
2400547240000
2400650588160
2400783221592
2400819609600
2401034809698
2401382910114
2401451388000
2401458532200
2401777449288
2401877753856
2402312233050
2402382170097
2402394183936
2402523758635
2402876070400
2403396286200
2403401000000
2403608178400
2403750585600
2403939610800
2404233216000
2404419452928
2404670130200
2405181542400
2405190860800
2405596397568
2406215113344
2406269531250
2406328860672
2406736463040
2407217551200
2407388607000
2407576613400
2408092031250
2408312677680
2409709500000
2409879306240
2410047078400
2410245886048
2410385402880
2410404783750
2410417216000
2410616376000
2410800000000
2410903354140
2410905600000
2411161084800
2411167500000
2411290274688
2411524224000
2411833016736
2411987259968
2412145876725
2412188433963
2412268516476
2412499335840
2412739294875
2412818408000
2413404500000
2413483784096
2413825308612
2414264326215
2414364019200
2414503000000
2414813388750
2415611583424
2415745741500
2415919104000
2416844848256
2417006042100
2417135385600
2417629500000
2417916721968
2418724905948
2418750000000
2419302090240
2419346180160
2419460604000
2420107138480
2420735308992
2420861495598
2421005912325
2421146052000
2421195840000
2421373500000
2421378056250
2421501075000
2421535816700
2421585839232
2421638856000
2421656911872
2421819648000
2422080000000
2422154862855
2422194388992
2422337400000
2422746353664
2422777856000
2422980291072
2423201746875
2423521280000
2423553913300
2424201436800
2424711293568
2424717989694
2425141555200
2425150842660
2425747500000
2426019352960
2426092614400
2426134036480
2426482375713
2426803031250
2426946180120
2426961139200
2427045120000
2427089148000
2427177664512
2427260850000
2427403410816
2427505459200
2427599730240
2427791958375
2427925500000
2428025625000
2428094880000
2428187673600
2429132156672
2430024758784
2430461250294
2430522329472
2430564302848
2430640742400
2430718617600
2430777600000
2430850500000
2431006032000
2431106168400
2431169770302
2431542163050
2431878936750
2432053245600
2432088658944
2432711736000
2432765316436
2433028752000
2433037824000
2433305804800
2433481408512
2433906562500
2434343062824
2434833115260
2435373164224
2435525212500
2435976562500
2436087253600
2436144906240
2436525000000
2436852830850
2436983066700
2437059892608
2437401002400
2437624627200
2437656000000
2437659025875
2438058355200
2438515497600
2438710105608
2438808949060
2439214041600
2439549340800
2439569664000
2440428536000
2440515220416
2440586151360
2441073180000
2441412500000
2441455700400
2441545433600
2441588244480
2441952056250
2441983047336
2442090293825
2442166272000
2442193813504
2442387937500
2442560000000
2442657347550
2442762649600
2442837196800
2442927988800
2443000864500
2443053481440
2443360337920
2443436377200
2444956276480
2444985156250
2445686198592
2446118092800
2446245365850
2446367040000
2446682112000
2447099200000
2447160377480
2447214294042
2447475297696
2447484928000
2447536000000
2447549496600
2447653286610
2448267907968
2448645488640
2448747543312
2448880128000
2448966685230
2449210090600
2449219248432
2449543759299
2449920000000
2449999872000
2450232301088
2450533800000
2450547727488
2450880975312
2451410377650
2451568363776
2451970828125
2452469906250
2452707658104
2453073591150
2453122828800
2453193854496
2454907500000
2454917789835
2455083417600
2455142400000
2455839814806
2456045095504
2456055447552
2456211600000
2456344594872
2456462661120
2456500305920
2456545002912
2456604440550
2456615389536
2456850614400
2456961822000
2457008640000
2457103685400
2457136484352
2457139691520
2457194987520
2457292169808
2458210510080
2458501611426
2458848178176
2459189721219
2459649827250
2459741866400
2459803559850
2460062404800
2460375000000
2460601765440
2460837550500
2461024871424
2461286250000
2461380763392
2461498486200
2461536720000
2461640616400
2461696000000
2461967480817
2462131091016
2462230135872
2462467667400
2462734080000
2463034392000
2463138201600
2463205576832
2463889124088
2463896123136
2463925905350
2463994280374
2464107609600
2464241761800
2464290205650
2465744388096
2465796816000
2466250752000
2466256906368
2466504000000
2467744524288
2467918125000
2468128873392
2468447654400
2468843840000
2469240000000
2469386250000
2469584378976
2470645037952
2471586594750
2471625000000
2471687065600
2471687804250
2472011718750
2472053309440
2472427617912
2472553509888
2472555280800
2472914752000
2473242187500
2473397649450
2473477235775
2473506112500
2473905881088
2473955979264
2474176074921
2474411265144
2474643717000
2474854200000
2475014062500
2475196416000
2475458713728
2475518229936
2475893952000
2476166460948
2476617516576
2476694568960
2476775820384
2476933453440
2477038482000
2477260800000
2477371093750
2477522829600
2477687940000
2477826093600
2478114194400
2478130200000
2478174724620
2478253725000
2478292992000
2478600000000
2478664792395
2479253557248
2479287816192
2479687500000
2480558094000
2480607081680
2480744683008
2481133032000
2481358588800
2481442188750
2481658593750
2481731698688
2482272000000
2482389307485
2482602894720
2483158718300
2483386788960
2483441015625
2483523846144
2483786864160
2484095849352
2484232994880
2484553500000
2484568960000
2484820170630
2484837347328
2485040259375
2485060853625
2485248887680
2485294202880
2485533916820
2485661852700
2485709946720
2485949162400
2486132490240
2486383411200
2486643095772
2486820586725
2486898176000
2487868141500
2488289723496
2488440500000
2488726265625
2488742425260
2489281785900
2489981824785
2489992761696
2490114615625
2490266250000
2490771628800
2490891000000
2491359287508
2491371746304
2491391404656
2491452873000
2491508782080
2491572522033
2491787812500
2491928871250
2493041906250
2493130752000
2493337287168
2493742513248
2493855000000
2495252000250
2495345025024
2495390625000
2495583649440
2495621858400
2496105331200
2496150000000
2496162842496
2496250120000
2496619276200
2496960000000
2497280625000
2497486582080
2497509443520
2497605394500
2498070593280
2498454422500
2498698425168
2498794641360
2498946121728
2499041233500
2499658936320
2499898464000
2499974708000
2500152310656
2500452760608
2500498400400
2500558905600
2500856935408
2501176983552
2501382242304
2501832457740
2502281134080
2502414616464
2502560655360
2503405923200
2503541702250
2503619539200
2504263437312
2504454936256
2504756000736
2505294277850
2505581891904
2505755023200
2505829580800
2505937500000
2506168464800
2506752000000
2507080118400
2507518707200
2507614200000
2507653251072
2507844864000
2507895121608
2508035002200
2508519721248
2508659039250
2508799868928
2508849450000
2509023625272
2509080537600
2509200000000
2509608960000
2509652532114
2509940680000
2510244874368
2510484768720
2510498940480
2510818128000
2510906041800
2510913536000
2511250000000
2511302746320
2511632812500
2511864302220
2511912166400
2512375571160
2512499992992
2512611541440
2512673915625
2512738779200
2512757632000
2513806078140
2513875000000
2513956534992
2514300000000
2514443369984
2514834199962
2514847813632
2515392921600
2515617977600
2515635538650
2515881368000
2516736000000
2517008293800
2517063446250
2517309941562
2517721920000
2518215677664
2518817763600
2519695360000
2519700281280
2519897651712
2519962203600
2520129816750
2520357120000
2520769529880
2520831796875
2520945475488
2521013289984
2521032618720
2521502524800
2521599280200
2522027137500
2522130412500
2522609689600
2523191595000
2523937803200
2523960000000
2524336246944
2524451038200
2524745657616
2524903636710
2525146650000
2525183311896
2525763474000
2526271420400
2526333213222
2526371100000
2526548377600
2526778445058
2527030770264
2527091526393
2527148160000
2527160731200
2527241698800
2528292372480
2528749719000
2528749903815
2529128448000
2530621440000
2530904673024
2530944000000
2531399270400
2531881856000
2531901834000
2532256927200
2532441509514
2532614000000
2532972405600
2533406803200
2533720961376
2533783455456
2533933596480
2534262348800
2534291172000
2534390015625
2534960610000
2535000000000
2535165386910
2535470406000
2535584600304
2536243200000
2536509809925
2536920000000
2537152450560
2537193484800
2537979254118
2538422031600
2539023046875
2539095000000
2539356480000
2539579392000
2539630138500
2540138909792
2540407898112
2540456893625
2540664045504
2540689937500
2540996801280
2541218400000
2541333800000
2541663165600
2541762370560
2541846528000
2542115047680
2542115635488
2542203354600
2542277241000
2542428504000
2542630338560
2542640625000
2542784562500
2543092531200
2543132812500
2543311068480
2544200096256
2544262410240
2544264260928
2544295703040
2544681225600
2544983168000
2545250845504
2545537500000
2545728750000
2545969397760
2547178494224
2547211443040
2547379434600
2547397245120
2547569138400
2547589790200
2548455696000
2549022058170
2549177181232
2549500200000
2550038263146
2550646454720
2550672384000
2550720969216
2551007499264
2551225614336
2551500000000
2551531248000
2551735164160
2551871096775
2552126054400
2552282957664
2552543820432
2552556333600
2553204009524
2553774080000
2553854095360
2553984997200
2554044704640
2554051500000
2554142310720
2554290816000
2554630406250
2554720302960
2554881638400
2554986352104
2555138048256
2555487025740
2555529621450
2555760392640
2556161499008
2556845676000
2557005004800
2557152000000
2557547923968
2557737110160
2557903116825
2558040922368
2558170595673
2558457000000
2558954289276
2559375000000
2559774150000
2559872565000
2559958425648
2560000000000
2560089780864
2560675020800
2560775930352
2560820665950
2561029373952
2561124162636
2561185972224
2561624665600
2561670279000
2561886055872
2562005376000
2562211740000
2562466381920
2562482941564
2562786534735
2563028582400
2563095164175
2563126839000
2563463590569
2563476562500
2563566408000
2564242281250
2565000000000
2565057331200
2565482220000
2565706088448
2565940628160
2566058283090
2566361397600
2566561171875
2566647617625
2566668960024
2567205062500
2567219443200
2567274393600
2567446539840
2567478207360
2567796940800
2568240000000
2569584344092
2569737830400
2569763312500
2569812480000
2570524765900
2570696013600
2570706560000
2570774107545
2570937245352
2571033394944
2571077763072
2572003445760
2572343592000
2572649164800
2572932805632
2573166477780
2573258643296
2573426278800
2573619609600
2573755170816
2573827636380
2574291283200
2574385234560
2575215281296
2575375368192
2575543370400
2575846072800
2576015046360
2576477143800
2577208233600
2577424711680
2577648282300
2577702641150
2577723402800
2577835638784
2578139778240
2578664822850
2579199084000
2579325000000
2579929324434
2580023070720
2580139014000
2580291313600
2580335011800
2580780234375
2580845690880
2581170883200
2581300026000
2581858137600
2582409600000
2582555788800
2583631853712
2583672000000
2583984375000
2584123989300
2584463287770
2584694868540
2584748530000
2585020389965
2585025000000
2585193202800
2585420311680
2585750169600
2586240000000
2586529393488
2586629635200
2587241948544
2587277983500
2587500000000
2587519188702
2587789711125
2587799715840
2587812364800
2587852800000
2587896433080
2588018887584
2588275316250
2589023118656
2589284106240
2589307649280
2590009500000
2590721730900
2591110987920
2591164308096
2591522996400
2591670681600
2591826431040
2591981277184
2592000000000
2592259740000
2592487296000
2592792259200
2592855957888
2592885178368
2593172198400
2593189427976
2593327104000
2593419379200
2593427287500
2593726012800
2593903995150
2594000781250
2594050784325
2594497211694
2594678125000
2595106156032
2595263409375
2595323494400
2595567031200
2595673080000
2596073625600
2596183647200
2596651070625
2597043740616
2597155322944
2597711872000
2598486328125
2598829610000
2598868125000
2599051000000
2599387092918
2599531593750
2599566301500
2599694000000
2600581261824
2600780126112
2600841859200
2601488988000
2601989082000
2602207641600
2602405314432
2602621125000
2602807651500
2602818764800
2603250593280
2603607460272
2603664000000
2603683370340
2603706960456
2603713548800
2603778048000
2603811392000
2604053971584
2604545562528
2604688149000
2604708193680
2604791386512
2604997075968
2605041119232
2605145925375
2605432500000
2605561287372
2605824000000
2605833600000
2605843880640
2606220676224
2606539404032
2606656000000
2607102443520
2607934780000
2608207997850
2608236312500
2608375413600
2608749766350
2608999047774
2609120834100
2609152000000
2609618632704
2609973618525
2610688204800
2610835200000
2611256419954
2611758187500
2611888521216
2612231130912
2612272988160
2612696856000
2612934107136
2613262848000
2613566276325
2613597386400
2613710293920
2614041751552
2614248000000
2614439193600
2614551210000
2614610003850
2614837736160
2615369964480
2615380488000
2615435550000
2615504315424
2615515559712
2615565219840
2615960939904
2616213017600
2616600084480
2616636211200
2616664350720
2616724763653
2617057886625
2617077399552
2617179144192
2617402982400
2617480332000
2618114335200
2618829813600
2618957577600
2619238804416
2620935009420
2621309506560
2621674287792
2621705895936
2622319252560
2622407116000
2623141330900
2623146580000
2623238885250
2623359375000
2623435705800
2624368359375
2624513892000
2624641883136
2624789934426
2625294605472
2625486514560
2626152516000
2626617505248
2627053793280
2627149700196
2627310341502
2627917824000
2628153808000
2628178578315
2628234086400
2628247160448
2628955141750
2629030424576
2629207900800
2629339315200
2629720103296
2629750375296
2630273437500
2630726483616
2630893087680
2630974233888
2631072793492
2631574272600
2631741794280
2631780270080
2631857390064
2631877255800
2632368006450
2632448000000
2632480984640
2632687203328
2632751808750
2632900847395
2632913911296
2633060937500
2633188147200
2633512500000
2633598430848
2633633601313
2633637888000
2633891910125
2633946937344
2634114290625
2634333062400
2634351164928
2634459325200
2634665519200
2634809028768
2635077109875
2635495753248
2635662818880
2635678628352
2636223457868
2636359034400
2636752500000
2637042128460
2637059814025
2637414000000
2637457517331
2637741048800
2637970202322
2638362227904
2638459671750
2638507755744
2639146594304
2639150039040
2640625000000
2640625090560
2640710646000
2641215344040
2641686793200
2641807540224
2641977841536
2642062350336
2642867136000
2643251226624
2643283722240
2643424052780
2643891488784
2643909111888
2643925536000
2643968031250
2645146897848
2645211492000
2645653624668
2645677125000
2645884283184
2646000000000
2646497448000
2646576504000
2646782494720
2647127895808
2647286087680
2647503591120
2647523207862
2648128494375
2648235756320
2648497500000
2648609511660
2648915680320
2649372655104
2649608124800
2649896664192
2650393923840
2650426069824
2650746515625
2651372642880
2651490091008
2651553792000
2652027977340
2652043758000
2652078743808
2652137178624
2652220231500
2652274907136
2652300736800
2652353520000
2652494708736
2652591450600
2652782879439
2652981166080
2653158503250
2653654348800
2654794082304
2655566954496
2655855820800
2655980613104
2656033067520
2656142118000
2656157726754
2656538145792
2656664503200
2656703795200
2656843837200
2656867397184
2656950400000
2657160493871
2657205000000
2657549731200
2657839579920
2658009995334
2658598488000
2658606397200
2658970696320
2659110747426
2660511744000
2660578797890
2660726734848
2660838040000
2660850000000
2661039977778
2661069583872
2661654937500
2661678208800
2661808625000
2661933386112
2661955892736
2662116256800
2662127208000
2662443929600
2662900531200
2663634605760
2663677952000
2663821888000
2664303138000
2664441561600
2664750593232
2664813503016
2665000926000
2665317916800
2665339314678
2665367120689
2665588383360
2665651912560
2666151936000
2666302865408
2666377728000
2666652612806
2666779200000
2667405124260
2667416637600
2667547904742
2668621288256
2669162422500
2669235814500
2669313522330
2669355000000
2669784952900
2669923790625
2670216192000
2670359703264
2670725857527
2670747932160
2671033590776
2671102896000
2671233159168
2671367962624
2671545240000
2671614630000
2671674292359
2672258848875
2672640000000
2672660390400
2672766222336
2672770608000
2674035895392
2674521600000
2674603722240
2675085126000
2675180145456
2675441664000
2675560781250
2675604157518
2675902975200
2676718110976
2676993430167
2677471265610
2677807104000
2678206003200
2678585000000
2679002741520
2679321922368
2679658710300
2679859000000
2679867275904
2679988642578
2680069816320
2680286576940
2680339984000
2680538113935
2680667136000
2681041464864
2681920000000
2681940461200
2682080959488
2682192030498
2682806469120
2683349006625
2683540125000
2683618329600
2684161935000
2684417968750
2684471389600
2684644766496
2684804500224
2684879317440
2684978755200
2685199859712
2685350115360
2685428301824
2685690000000
2685850030080
2685904950456
2686253375520
2686402768896
2686729500000
2686853283840
2687084650575
2687265900000
2687644806250
2687993760408
2688728000000
2688785715200
2688995520000
2689881929280
2690162280000
2690374500000
2690589701016
2690769102840
2691283180950
2691325000000
2691672864768
2691684843750
2691806328900
2692226562500
2692232033553
2692811153340
2692983727616
2693081457792
2693230545824
2693437500000
2693510037504
2693863353753
2694053376000
2694131099660
2694299400000
2694399309000
2694473437500
2694602700000
2694932560320
2695200768000
2695505920000
2695600701000
2695736736000
2695842000000
2695937852160
2696137627365
2696716800000
2697333033600
2698554424320
2698629120000
2699050536000
2699073945750
2699500003200
2699809101360
2699819199000
2699889967104
2699972684640
2700044550000
2700113940000
2700142755510
2700517113450
2701113982200
2701125000000
2701299744780
2701507788000
2701632811500
2702268010260
2702647078912
2702662767000
2702849857920
2703278707584
2703339843750
2703654606250
2703826125000
2704044616000
2704087701504
2704670882550
2704750957125
2704825625360
2705168793600
2705395501952
2705548547520
2705717820078
2706144215040
2706164940800
2706418149021
2706661941984
2707204500000
2707217141040
2707218022400
2707767018450
2707919372160
2708223336000
2708291250000
2708362456800
2708366400000
2708786934000
2708789062500
2709043544064
2709351762390
2709372758400
2709504000000
2709548706816
2710013386752
2710318495885
2710342265625
2710365027300
2710454906250
2710968750000
2711099289600
2711302963200
2711683578240
2711689359183
2711786618880
2711943423000
2712081204000
2712626841600
2713073023584
2713757881536
2713778242560
2713994030475
2714509430100
2714834176272
2714892526080
2714985000000
2715547161600
2716315875000
2716653771936
2716684272000
2716834307328
2716867415808
2717021794464
2717129838150
2717151877440
2717390331656
2717858000000
2717969215500
2718074880000
2718162496000
2718846518400
2718956862048
2719450118000
2719728783360
2720035151834
2720563200000
2720606616000
2720689574720
2720717209600
2720737333248
2720922070944
2721074094700
2721093709824
2721559179888
2721875000000
2721935523840
2722179545280
2722389427296
2722688640000
2722875084512
2722890381246
2723028756448
2723037210664
2723082947200
2723560912800
2723704409160
2723789308500
2723825000000
2723853372048
2724257812500
2724412031250
2724498716625
2724541747200
2724710400000
2725008998400
2725216256000
2725692032000
2725720826400
2725852827456
2725941848000
2725976735744
2726585971200
2727197491200
2727303400640
2727663498000
2727696384000
2727963929600
2728461238272
2728480788000
2728531153152
2728687500000
2729181434112
2729200493250
2729245409280
2729271772080
2729275170552
2729320012800
2729354191200
2729421034704
2729794211262
2730084588000
2730139582464
2730806120448
2731049696520
2731050000000
2731180032000
2731198616640
2731625949150
2731650953850
2733071155200
2733208500000
2733222320640
2733297474048
2734001961600
2734301250000
2734432404480
2734529657104
2734796192274
2735141129084
2735474490000
2735507320000
2735776229256
2736099741312
2736243265536
2736514368000
2736971596800
2737469030400
2737616667786
2737757458800
2737988281250
2738061881100
2738111231250
2738241643104
2738831115475
2738851343712
2739201753600
2739689682048
2739980100000
2740056035328
2740095978534
2740351577600
2740513593750
2741397702375
2741731852288
2741771356128
2741799756800
2741875702272
2742029690400
2742263048096
2742494063400
2743693445115
2743965525600
2744077888800
2744515872000
2744524036800
2745030207744
2745194250240
2745416145472
2745568051200
2745579622968
2745842176000
2746207327500
2746582031250
2746589062500
2746926000000
2747235240288
2747602166400
2747632638600
2747683814400
2748107980800
2748160000000
2748293987400
2748581821440
2748772866609
2749218750000
2749387050000
2749450199040
2749490744000
2749498923600
2749550637600
2749836128256
2750146560000
2750275782800
2750463036304
2750575811040
2751310909440
2751510456576
2751783552000
2751885093750
2752015703514
2752148281600
2752292983968
2752517376000
2752986600000
2753055424665
2753074036736
2753108442175
2753289453125
2753427600000
2753460216000
2754071991550
2754246260736
2754254752128
2754726174720
2755361351925
2755410048000
2755565568000
2755948794720
2756412538880
2756760840288
2756878304544
2756942697600
2757007859776
2757398437500
2757416337000
2757421250000
2757893386500
2758076006400
2758210341650
2758246400000
2758480000000
2758634081280
2758796527104
2759037120000
2759112751500
2759792000000
2760264258752
2760290442000
2761527967744
2761548834528
2761565405184
2761770937500
2761798189056
2762063478720
2762605692000
2762746807680
2762931083328
2763050732442
2763328883994
2764125000000
2764258099200
2764448727040
2764556082000
2764822586240
2764916674560
2765589833160
2765843047422
2766074416000
2767429800000
2767901881446
2768080829696
2768176986120
2768280970000
2768651720640
2768793945632
2768896000000
2769408000000
2769595378242
2769664980096
2769767921700
2770200000000
2770455321088
2770968735744
2771600963040
2772015750000
2772596998656
2772605700000
2772656345088
2772677273600
2772798013440
2772870721600
2773475131392
2773559771136
2774021418000
2774122020000
2774306640625
2774356886304
2774400000000
2774532096000
2774575980000
2774619381000
2775209472000
2775220224000
2775766942256
2775928919400
2776072253760
2776567191462
2776688995600
2776702021632
2778059531250
2778059980800
2778894720000
2779026259968
2779215251400
2779876804320
2780145569124
2780220868128
2780558040026
2781607500000
2781746481150
2783062223040
2783138807808
2783245090500
2784000000000
2784958008678
2785334243328
2785380696000
2785686103200
2785961246189
2786215736850
2786238000000
2786247797760
2786550135120
2786875000000
2787093241250
2787097263552
2787244134720
2787373417500
2787474967200
2787840000000
2787878468700
2787892272000
2787912421875
2788035440625
2788079616000
2788087910400
2788406788608
2788410949632
2788425000000
2789002368000
2789160251904
2789474760000
2789648437500
2789797920000
2789886685824
2790103449600
2790147514027
2790287048250
2790337638400
2790512395636
2790627855750
2790682966890
2790837768384
2790960335800
2791108640768
2791126173906
2791707770880
2791810066144
2792000988000
2792023328000
2792064286720
2792556000000
2792818558989
2792864367216
2793000000000
2793839040000
2794260222180
2794455705600
2794499635200
2794881024000
2795140080000
2795362929450
2795664010048
2796083970560
2796250464000
2796626888352
2797011046180
2797318041840
2797660527984
2798107031250
2798240256000
2798848000000
2798938800000
2799360000000
2799478582056
2799508837500
2800086107585
2800625974272
2801125877760
2801175000000
2802252375000
2802386808000
2802563200000
2802884482125
2803125000000
2803326926400
2803327183008
2803489920000
2803861352250
2804266483200
2805148411632
2805220720575
2805528821760
2805529324500
2805620331240
2805664158720
2805996178125
2806008680475
2806245000000
2806497562050
2806529130496
2806574300640
2806643530125
2806672781250
2806792217775
2807036903580
2807191247232
2807307758528
2807521952928
2807531605620
2807660544000
2807669520000
2807778221248
2807811966960
2807903312500
2808144652950
2809024230528
2809358454784
2809568099520
2810422312960
2810869908000
2811035728314
2811044265984
2811871863450
2811957120000
2812080291840
2812116303360
2812385772000
2812500000000
2812849031250
2813046236000
2813142560000
2813464052334
2814413784000
2814995008800
2815312500000
2815372339200
2816043544080
2816122982400
2817100160000
2817560976384
2817850500828
2817907719552
2818236455424
2818572288000
2819058278400
2819223792000
2819448382725
2819840382450
2819923048800
2820491887500
2820564452160
2821539889152
2822058803200
2822651578431
2823009800000
2823014937600
2823594329088
2823789363200
2824082827776
2824300679220
2824670394000
2824938455040
2825156250000
2825156364840
2825238452400
2825358228000
2825967108096
2826141696000
2826351745425
2826422517555
2826795220992
2826831126600
2826852336000
2826985254282
2827104000000
2827153125000
2827378262016
2827631984640
2827898588736
2827983787776
2828164248000
2828587500000
2828757261960
2829404703125
2829888000000
2829917058488
2830257936000
2830420018944
2831210400018
2831587426304
2831676570000
2832067500000
2832129868032
2832173311968
2832199685280
2832246731300
2832334848000
2832741611700
2832778000000
2833848115200
2833855581375
2834153340928
2834700042240
2834719713280
2835100800000
2835580608000
2835775008000
2836173704000
2836376953125
2837132513280
2837214843750
2838321158400
2838406112640
2838533544000
2838590544375
2838873724560
2839027414608
2839271553090
2839430028600
2839455528000
2839794480720
2840123768832
2840405760000
2840700948480
2840890987116
2840908218750
2840985600000
2841120866304
2841962760000
2841972656250
2841999851520
2842909616547
2842991429250
2843032675392
2843134819200
2843277876000
2843932000000
2844284625000
2844450000000
2844603262935
2844843433875
2844893469600
2845216071216
2845693514040
2846164608000
2846759484906
2846856678750
2847184868800
2847267757152
2847635680500
2847838500000
2847918710000
2848761090560
2848980600000
2849365209600
2849520437280
2850130022400
2850348110688
2850872128650
2851009074144
2851077568500
2851512664000
2851857421875
2852229832704
2852369203200
2852604781488
2853442515456
2853733810688
2854035000000
2854083907152
2854256838048
2854270379520
2854296506880
2854822320000
2854851706880
2855424000000
2855503115024
2855503134720
2855938424832
2855952067500
2856137523200
2856213888498
2856221680000
2856386718750
2856404675736
2856422154240
2856753070080
2857206988800
2857240313856
2857253937408
2857271101713
2857365020160
2858302624320
2858622800000
2858728204800
2858839557600
2858863093632
2859000525000
2859163208820
2859871304745
2859978773925
2860061896125
2860124904000
2860511601024
2860560898650
2860911253120
2861083012500
2861241812352
2861521960960
2861658926000
2861777343750
2863106064000
2863261406250
2863374976000
2863407201192
2863523483208
2863678095360
2864207258640
2864433967920
2864484795744
2864541801600
2864851490844
2864965334400
2865183136500
2865903120000
2866038513975
2866150218750
2866489806336
2867057272800
2867085000000
2867156996096
2867694375000
2868218753400
2868548407956
2868807091500
2868899765625
2868903936000
2869488745200
2869506432000
2869781400000
2869980854400
2870000000000
2870153709696
2870199484416
2870416765944
2870702059680
2870791372800
2870977142250
2871136430208
2871286367040
2872485085184
2873047404500
2873340086400
2873451220992
2873967264000
2874002974848
2874111787008
2874631032000
2874645331740
2874753315000
2875439443968
2875830963808
2876055000000
2876401125000
2876772188160
2876927639040
2876977989600
2877155235840
2877292544000
2878788464640
2879012208800
2879344661112
2879488000000
2879622900000
2880000000000
2880121536000
2880152272544
2880333414400
2880879462720
2880942899200
2880949500000
2880950625000
2881386394432
2881827748800
2882065536000
2882774679660
2882903400000
2883028510362
2883251953125
2883389780943
2883517693875
2884160115200
2884221849600
2884828538826
2884887223164
2885086900800
2885190462000
2885604156240
2885654401056
2886013255680
2886385881600
2886504076800
2886534123750
2887050211136
2887156572300
2887542079488
2887979802624
2888104601592
2888483328000
2888801714176
2889282908160
2889387102672
2889473414256
2889476997120
2889534735360
2889975213216
2890228521875
2890380502548
2890724166750
2890762035200
2891341824000
2891629651348
2892124895744
2892255419592
2892462483456
2893369973760
2893449600000
2894218868016
2894416000000
2894418879264
2894583998592
2894606583750
2894767182720
2894918353600
2895068097080
2895117187500
2895322060800
2895343641600
2895729083104
2895949507968
2896040189952
2896085400000
2896473600000
2897117191458
2897983202400
2898133191072
2898868354200
2899755273744
2899938828150
2900773306368
2900946006144
2901053750400
2901077370000
2901462220800
2901804056576
2901868115328
2902470635988
2902505755968
2902598749232
2902636128000
2902656390750
2902827727800
2902952520000
2903189548896
2903379307000
2903465579300
2903681027520
2903826240000
2903996344320
2904241872896
2904521068800
2904694318080
2905375262400
2905459704000
2905726800375
2905875000000
2905966627200
2906039500000
2906437500000
2906585835426
2906652672000
2907168468750
2907842096250
2908153125000
2908538208576
2909520000000
2910124546875
2910248140800
2910304687500
2910401863200
2910474731520
2910623625000
2910703488000
2910816829440
2910830985216
2911010130000
2911010816000
2911509360000
2911531188800
2912454144000
2913119676288
2913137012880
2913168066480
2913566760000
2913623065584
2913760687500
2914061549568
2914472558592
2914776983872
2914974578880
2914999861410
2915191471500
2915463370950
2915769691296
2915843646976
2915860480000
2915978936832
2916000000000
2916048114000
2916268759040
2916295773525
2916529296875
2917028625000
2917892348800
2918728704672
2919012890625
2919254083200
2919413760000
2920368185280
2920524595200
2920987754496
2921397552450
2921517547520
2921625162288
2921695312500
2921799738312
2921828605776
2922083575840
2922110786400
2922425856000
2922658136064
2922777421875
2923338055680
2923683311250
2923795464192
2923932375000
2924026146816
2924157549200
2924458336800
2924881202880
2924954550000
2925031453344
2925104000000
2925232128000
2925760173914
2925965924700
2926103863696
2926570738872
2926680000000
2926730880000
2926793656250
2926890713088
2927623176000
2927674523648
2927832708096
2928339928800
2928481754373
2928514243200
2929251616200
2929287816000
2929511105664
2929571026200
2929672674936
2929747968000
2929998066336
2930118934400
2930274167625
2930508352590
2930599526400
2931243614208
2931380131680
2931628026600
2932317911859
2932356829536
2933947531776
2934391890625
2934774169600
2935296000000
2935520870400
2935615495680
2936173832055
2936228779575
2936586753450
2936592452976
2936733415200
2937006127440
2937024230400
2937189600000
2937600000000
2937742589600
2938027551480
2938374586368
2938507264000
2938719042000
2939052108720
2939666329600
2940150142256
2940239250000
2940847201008
2940929582976
2941068607488
2941642635360
2941692453180
2941865826900
2941952000000
2942058360150
2942364993750
2943103178624
2943233556480
2943747394560
2943816441984
2944017195840
2945536600552
2945720909495
2945883751200
2945969603200
2946584466000
2946662400000
2946759251040
2946763396304
2947132557952
2947421306880
2947620773760
2947665613824
2947795909344
2947940352000
2948291923968
2948943462400
2949120000000
2949371287200
2949463125000
2950208005500
2950350672384
2951039902500
2951690239680
2951716847616
2951865180000
2952450000000
2952722118528
2953045350000
2953249621875
2953284559200
2953299148800
2953367249184
2953444000000
2953497816544
2954118495900
2954725458048
2954880500000
2955053056000
2955300862500
2955546682368
2956711086420
2956778055504
2956824000000
2957008991040
2957420232000
2957455641725
2957595923520
2957704008099
2958689208384
2958731509760
2959178508000
2959193723850
2959594006400
2959660171584
2959681536000
2959701217200
2959802892288
2960021065950
2960709518565
2961319234482
2961541107720
2961562500000
2961667800000
2962092268674
2962510200000
2962659481600
2962842624000
2963161743360
2963376454500
2963544209626
2964077141760
2964264077125
2964307249152
2965057326000
2965509550080
2965591449600
2965697446320
2965903913700
2965918745600
2965990114500
2966346562500
2966988281250
2967441885000
2968012800000
2968258675200
2968295907528
2968599704576
2968794925200
2968955589600
2969017958400
2969338014000
2969450003520
2969767610797
2970135000000
2970232724448
2970297845424
2971340063055
2971582031250
2971742587695
2971884865950
2972759076864
2973060410368
2973130272000
2973225528000
2973657629952
2973701808000
2973737033280
2974397750874
2975035392000
2975784448000
2975790260079
2976056200000
2976371798400
2976728498016
2976750000000
2977259208000
2977383877650
2977630306560
2978590664250
2978722086912
2978867168982
2978906112000
2979045669600
2979065019600
2979720905850
2979849100800
2980322294400
2980402140625
2980915788312
2981018168640
2981265996800
2981700934002
2981713197456
2982622003200
2982640700184
2982835585600
2982857192640
2982988094450
2983842201600
2984102830080
2985156066816
2985255000000
2985529600000
2985720568560
2986481687500
2986483500000
2987181640625
2987248486950
2987360369280
2987389687500
2987978189742
2988117275616
2988281250000
2988538675200
2989069200000
2989355625000
2989681311744
2989718035416
2989967845032
2989968258375
2990120515200
2990290037760
2990314645500
2990389248000
2990722656250
2990893156160
2990932196850
2991816000000
2992130668800
2992208948064
2992578412500
2992609092060
2992924080000
2993328000000
2993442795000
2993457600000
2993490192528
2993746083840
2993785940250
2994172697152
2994447120028
2994604032000
2994837913600
2994999431424
2995596516000
2996588931480
2996817782400
2997036704000
2997429276672
2997696520000
2997886132224
2998125000000
2998212235200
2999278125000
2999590723584
3000068974656
3000442500000
3000504729600
3000600747648
3001206297600
3001335190875
3002198949288
3002347192320
3002443892448
3002456800224
3002633562500
3002992729920
3003028153164
3003166814208
3003238318080
3003450503202
3003604352000
3003711040512
3003981926400
3004076970000
3004284864000
3004318478304
3004677659520
3004688232000
3005496000000
3005566458750
3005649592400
3005837662750
3006261367200
3006353133420
3006720000000
3006995496960
3007943859375
3008259440640
3008420578800
3009212500000
3009235758750
3009297784500
3009470766750
3009590543520
3010162183000
3010763527200
3011079093750
3011394443904
3012122557440
3012337988471
3012581722464
3012981753600
3013406323200
3013595020800
3013717524480
3013959375000
3014112843360
3014237162664
3014297600000
3014823088368
3014841375000
3015335645595
3015385194240
3016088970624
3016869175584
3017955024000
3018096640000
3018471505920
3018531821760
3019070620800
3019269767168
3019898880000
3020201674425
3021006929850
3021564575744
3021591052480
3021677750000
3022191728640
3022395902460
3022485379036
3022519500000
3022538382594
3023261718750
3023308800000
3023406132435
3023992980459
3024015000000
3024127612800
3024295116800
3024491986944
3025240064000
3025247660064
3025560650112
3025907584000
3026432565000
3026627609600
3026817937728
3026876343750
3027115240695
3027593080512
3027636250000
3028191272500
3028285260000
3028494867606
3028662000000
3028752563200
3028806237600
3028895110962
3028923456000
3029321071980
3030113822544
3030117187500
3030210000000
3030729436800
3030889116960
3031250137200
3031759411200
3031778698784
3032206067124
3032273387520
3032283081600
3032524191200
3032615768000
3033120240000
3033682725150
3033806400000
3034011467175
3034292426880
3034497489408
3034515374800
3035032031250
3035070486000
3035406414976
3035608830576
3035739500640
3036318309024
3036329027550
3036676500000
3036913689600
3037088159712
3037370918400
3037412458496
3037530948480
3037537200000
3037742239744
3038089934880
3038112500000
3038193964800
3038743675058
3039433113600
3039859572736
3040956645545
3040957760000
3041333694000
3042050193000
3042246834900
3042345812500
3042571896000
3042928828530
3042928932498
3043963367424
3044172780000
3044340450000
3044582940672
3045132176625
3045589747200
3045715344000
3046241820672
3046875000000
3047203274752
3047303889920
3047602986064
3047725929600
3048387632010
3048511186325
3048549696000
3048850584000
3049258867200
3050215833600
3050644025520
3050799897600
3050919144000
3051341475000
3051438562620
3051675648000
3051757812500
3051789253902
3052258122888
3052744313157
3053330841600
3053964741872
3054538364100
3054883612500
3055357706688
3055741713024
3056111229600
3056164711600
3056195345600
3056254031250
3056483976000
3057240144000
3057244962816
3057647616000
3057649575552
3058705400832
3058819261074
3058826469804
3058874000000
3058950471850
3059421063048
3059652710400
3060089487360
3060090858240
3060585937500
3060806860800
3060847321875
3061339312500
3061512613250
3061908864000
3062082196992
3062696000000
3062809509504
3063067600320
3063416861997
3063491644500
3063596256000
3063619584000
3063719101248
3063731428800
3063775232000
3063918765600
3064209033600
3064460454720
3064754257920
3065445000000
3065583206400
3065968548192
3066273100800
3066403536000
3066539249438
3066584430888
3066611970240
3066684579000
3066848064000
3067013085318
3067792000000
3067906250000
3068264448000
3068362752000
3068422236000
3068965584896
3069360000000
3069665424000
3070056369380
3070430743590
3070487347200
3070969661760
3071160000000
3071415941568
3071434662400
3071503654767
3071859695856
3072050688000
3072430908585
3072965108850
3073640640000
3074312920800
3075446534940
3075569917056
3075586848000
3075752206800
3076044095488
3076081309017
3076211250000
3076279689600
3076370759280
3076378250400
3076452900000
3076873107750
3077663863770
3077977766656
3078067548168
3079016449992
3079064282976
3079313496000
3079633677120
3079770472448
3079861405110
3080558739456
3081209625000
3081245137425
3081433600000
3081457416960
3081520931328
3081530385000
3081730823712
3082197206400
3082485030912
3082625488800
3083631392160
3084719414400
3084860260352
3084897656250
3084938653875
3084992369550
3085158375000
3085783547904
3086065132416
3086294400000
3086869500000
3087000000000
3087109760000
3087135028125
3087437472000
3087580356000
3087943558700
3088089843750
3088306297440
3088593163656
3088757448000
3088777075839
3088803116448
3089165506560
3089322070016
3089833492500
3090080939400
3090591640080
3091163029416
3091563145440
3091759125000
3091830735825
3092039627184
3092301979650
3092376453120
3092444974080
3092448546000
3092512500000
3092886272000
3093014081430
3093144797184
3093174675024
3093266383632
3093304646250
3093705145728
3093886586880
3094323200000
3094335937500
3094397787420
3094546686000
3094980688800
3095208076185
3095724507183
3095756496000
3095868211200
3096166816800
3096561075608
3097109925000
3097466988000
3097718750000
3097845959040
3098165156250
3098416250880
3098908274000
3098945804288
3099047844816
3099066946560
3099363912000
3099521376000
3099574940462
3099600000000
3100192243200
3100758852100
3101633842248
3101698236000
3101707463400
3102024467958
3102445056000
3102891196860
3102950323200
3103000677216
3103050579552
3103119255600
3104501743200
3104733580200
3105119811690
3105375000000
3105914840136
3106139400000
3106410400000
3106917396025
3107136228768
3107288916480
3107412616000
3107475947520
3107851031168
3107872800000
3109256430336
3109333185504
3109618163106
3110351400000
3110362154370
3110531258880
3110599624500
3110980672800
3111027200000
3111117187500
3111180943360
3112173568000
3112373968704
3112510278240
3112721081568
3112805039040
3113403192900
3113516481075
3113535672000
3113613750000
3113761996800
3114108450250
3114199109385
3114316091250
3114959597568
3115008000000
3115228410000
3116600388000
3117178141560
3118134323200
3118152364032
3118752979200
3119167739520
3119249250000
3119315189760
3119479561800
3119561994240
3120159522816
3120203553120
3120763950000
3120774095250
3121030319680
3121331714640
3121348608000
3121446803625
3121610194560
3121618500000
3121858227600
3122461912500
3122736626688
3123373031460
3123618379875
3124573670400
3124630485000
3125033604000
3125040000000
3125698632000
3125824000000
3125875576096
3126071169260
3126329306100
3126733123500
3126971132928
3126983234375
3127003000000
3127290572175
3127772232000
3128179824000
3128191488000
3128200819200
3129524424000
3129837248208
3130001485650
3130069077072
3130092703400
3130218000000
3130463416500
3130806480984
3130988515200
3131078934528
3131903355680
3132286976000
3132590489600
3132654540288
3132675000000
3133227959946
3134278929600
3134566563840
3134868902010
3134988915968
3135234375000
3135649651560
3135746981700
3135843892125
3136000000000
3136132339200
3136229523648
3136589568000
3136978125000
3137015443968
3137146454016
3137712652800
3137805283392
3137990215360
3138522660000
3139129843200
3139395840000
3139590132000
3139642070367
3139700878500
3139830377775
3139928064000
3140469463950
3140545668750
3141161100000
3141625500000
3141793469184
3141997290000
3142715719500
3143261749248
3143552343750
3143559767040
3143891681280
3144430108800
3144453683904
3145122011304
3145417411136
3145450475520
3146112000000
3146137394400
3146766336000
3147489867600
3147681005568
3147743970000
3147769597080
3148256311200
3148477200000
3148503244128
3148548556608
3148639411200
3149331963120
3149921174400
3150029599600
3150185758720
3150446400000
3150718062336
3150940915200
3150961912350
3151059728960
3152533921875
3152966860800
3153217693500
3153825158848
3154578663600
3154759200000
3155200000000
3155420308680
3156479139870
3156757968000
3157785575424
3157965619200
3158090153136
3158807932800
3158935200000
3158950914000
3158977181568
3159250698240
3159481016874
3160114343750
3160365465600
3160664064000
3160937148750
3161707164800
3161795075978
3161943213219
3161944128000
3162094135200
3162292493184
3162525256800
3162887626752
3163050541728
3163066094340
3163536752640
3163630841280
3163732200720
3163880412000
3163933993500
3164089657680
3164528449152
3164737372160
3164818485528
3164987202048
3164998200000
3165513954876
3165620018600
3166094131200
3166342358400
3166358080000
3166758504000
3166978598784
3167331804180
3167416995600
3167543957760
3167863965000
3167866444032
3168080725051
3168818954240
3168967408992
3169120000000
3170109571200
3170186401536
3170310192000
3170362540032
3170881728000
3171789450000
3172108863336
3172116339056
3172490193600
3172782016512
3173395134000
3173512832000
3173587845120
3173701945050
3173748645888
3173909889024
3174480000384
3174537673125
3174816153600
3174851936256
3175387329024
3175417625778
3175429248651
3176663587125
3177754193250
3178300781250
3178480703125
3179138835600
3179415617784
3179882812500
3180185017425
3180638683753
3180851532000
3181563556880
3181955400000
3182160937500
3182186895888
3182395392000
3182461747200
3182732631936
3183130351008
3183544166400
3184351498000
3184417500000
3185000000000
3185049600000
3185252761600
3185254015488
3185380826496
3185569620000
3185839820800
3186075937500
3186604800000
3186875250000
3187024330752
3187755916800
3187865600000
3188014394400
3188294189460
3188340480000
3189059677440
3189288978000
3189351962160
3189393206046
3189435264000
3189668955200
3190130802688
3190695417000
3191457300480
3191505011905
3191591229984
3192103687500
3192694557468
3193922560320
3193939418880
3194013850560
3194049130272
3194152702650
3194170350000
3194674560000
3194678250000
3195783086080
3195912788640
3196361526912
3196766476800
3196934904960
3197285593216
3197440512000
3197544775425
3198110924800
3198211273166
3198774509568
3199423500000
3199561228864
3199672125000
3199840706250
3200070060000
3200232423698
3200715399168
3201286717440
3201405203295
3201985987200
3202288680960
3202420665600
3202591506400
3202592251136
3203082977400
3203103676955
3203176226796
3203192245248
3203226000000
3203249531391
3203482724640
3203902274832
3203908548750
3204014486400
3204398727649
3204528381600
3204533378880
3204867031250
3205000780800
3205339593750
3205453824000
3205579212000
3205719369216
3205825340625
3205863601759
3205916651520
3205966537800
3206288685600
3206385000000
3206517350400
3206776675648
3206852775000
3206885055120
3207383402436
3207461863424
3207762534600
3207770947584
3208040498250
3208293562500
3208359375000
3208927962240
3210046930944
3210532609375
3210789375000
3211083570240
3211104145536
3211580487717
3211597952640
3211963662336
3211980430115
3212405003808
3212804649600
3213194145525
3213847203840
3213873045000
3214253196000
3215053699584
3215635174752
3216194502300
3216375590625
3216928049991
3217218600960
3217390221168
3217544651552
3217761075375
3217981543200
3218140896768
3218188937600
3218426265600
3218601484800
3218664758400
3218715325440
3218737500000
3218783920000
3218832832383
3219019101620
3219628500000
3220018807950
3220385493600
3220596429750
3220664062500
3220994322000
3221296848000
3221462432448
3222216597600
3222586176768
3222674722800
3222697500000
3222774557184
3224075400000
3224371968000
3224803920000
3225571827777
3225960691200
3226043842560
3226156171875
3226463380926
3226625032500
3226743378000
3226906169694
3228007883100
3228194736000
3228251142375
3228750000000
3229194276000
3229242187500
3229440000000
3229539817140
3229601356800
3229848837600
3229980468750
3230154986625
3230640388096
3230935662500
3231018046080
3231161280000
3232125000000
3232187712000
3232957319592
3233161741860
3233279170800
3234228583950
3234365971200
3234607992000
3234704616000
3234749644800
3234765735936
3234870541350
3235244237280
3235309834284
3235365152838
3235750000000
3235948185600
3236097457152
3236799640320
3236954112000
3237055944500
3238047140625
3238402163625
3238418915424
3238658899200
3239165312901
3239976596480
3240493350640
3240615000392
3240706642704
3240710111232
3240854323200
3241302801408
3241486784970
3241559693736
3242056217400
3242405376000
3243118834879
3243164062500
3243347656250
3243827600325
3243892700160
3245063290560
3245074876800
3245790750432
3246101559792
3246262638080
3246304675770
3246444153680
3246732556704
3246887012850
3247257600000
3247968750000
3248063254800
3248168140800
3248753603550
3249000000000
3249398152000
3249791015625
3249868003200
3250208000000
3250585026325
3250726577280
3250975157640
3251167055136
3252382195062
3252394600000
3252695250316
3252759552000
3253162255200
3253355515872
3253392078300
3253550490000
3254020293888
3254580000000
3254670000000
3254764240000
3254789396664
3255095808000
3255276672000
3255550350192
3255681953160
3255853485402
3256016072400
3256218000000
3256783147800
3256951609215
3257237318400
3257774222976
3258174255040
3258337305600
3258994892202
3259235070000
3259442243200
3259607040000
3259650390625
3259856846848
3259890522000
3260249574400
3260575054880
3261401042625
3261844687500
3262023290880
3262457250000
3262500054450
3263037128000
3263399328800
3263772970656
3264840527872
3264860651520
3265173504000
3265173737280
3265208860500
3265452687672
3265831913472
3266036121600
3266078156250
3266238726144
3266301720375
3266418600900
3267259269120
3267980190720
3268223896608
3268547170200
3268548013500
3268757818368
3268810976508
3268864000000
3268920746250
3269294437500
3269742187500
3269757743226
3269882523600
3269959875000
3269990642688
3270276877472
3270351377072
3270548080800
3270830438400
3271077915456
3271237332480
3271289389550
3271672265625
3271850415000
3272298750000
3272424406272
3272920268800
3273210000000
3273703132050
3273869453400
3274048505520
3274115989536
3274304194224
3274701115392
3274804687500
3274865728128
3275126126496
3275225029440
3275472587400
3277365000000
3277528514560
3278499840000
3278561311872
3278568024693
3278919628292
3278926663625
3279119985504
3279541683033
3279759867904
3279866784768
3280402314000
3280451840848
3280540176000
3280554128250
3280802353920
3281116734000
3281249481984
3281357537280
3281445367200
3281603526656
3282230120000
3282617016000
3282690645000
3283130875707
3283173781536
3283467632640
3283937125245
3285308950560
3285655682400
3286322887500
3286327611906
3286720155264
3287047209264
3287373012000
3287718400000
3287729088000
3288017665536
3288334336000
3288977163864
3289677242850
3289813779525
3290015628900
3290324637600
3290601230800
3290625000000
3290682672000
3290730541056
3290830993408
3291294892032
3291544003968
3292007670000
3292067823616
3292309800000
3292392081231
3292499654587
3292515000000
3292679508300
3292758630720
3293241462000
3293404441600
3293517427200
3294006912000
3294275567616
3294288597600
3294369691560
3294600000000
3295448793000
3295543296000
3295825943256
3295898437500
3297930854400
3297969647700
3298134694680
3298288000000
3298538029056
3298901433228
3299144814000
3299459380672
3299710608000
3299977968750
3300690973248
3301002694080
3301076929689
3301519180050
3301756108800
3302114850000
3302577937920
3303292002912
3303583920000
3303666509598
3303833600000
3304064033280
3304152259200
3304338300000
3304886389860
3304953251600
3305157055200
3305300295680
3305523592800
3305671409664
3305806774272
3306150825984
3306250000000
3306433622310
3306861573120
3307181108400
3307466538684
3307488238080
3307639576500
3307678706304
3307733920000
3308085593280
3308142373536
3308208000000
3308364595200
3308372121600
3308478118400
3308864628195
3308877250560
3309696000000
3309852409980
3310321542714
3311144600400
3311715818880
3312370830240
3312992404800
3313049278464
3313414471500
3313725603840
3313728675621
3313831772160
3314063095200
3314215803600
3314360107008
3314405867520
3315524127696
3315634765625
3316095012384
3316123815552
3316275000000
3317766480000
3317868403200
3319142400000
3319531891200
3319536844800
3319589988000
3319975766380
3320257954464
3320302254500
3320525376000
3320798083200
3320824942638
3320830629000
3320963405760
3321188000000
3321263554560
3321812383344
3321908352000
3321937164000
3321962374500
3322621276128
3322688967936
3323221676192
3323461632000
3323713370400
3324378347136
3324635492706
3325856625000
3326062500000
3326720606208
3327260781250
3327877056000
3327948288000
3328252200000
3328318336000
3329041532256
3329140771200
3329143149024
3329177791104
3329293789584
3330114240096
3330566553600
3331436565600
3331496967552
3331597900224
3331626188800
3331733746185
3332054978000
3332098934528
3332636330400
3332689920000
3332878581760
3333197952000
3333748983579
3334078540800
3334571997120
3335062500000
3335776610320
3335877344800
3336064380000
3336453028125
3336844492800
3337050997665
3337804069600
3337828560000
3337977093750
3338159385600
3338791988470
3339388052352
3339660484512
3339674667648
3340290408000
3340300345200
3340317173760
3340536643584
3340728925218
3340934683200
3341680902144
3342288039200
3342544869240
3342713659250
3343537668096
3343573873152
3343841921875
3343860162144
3344046669600
3344297324544
3344692961664
3344878719000
3345116421114
3345364833696
3345536250000
3345579507712
3345718305384
3346755468750
3346820935920
3346836290712
3347199023616
3347313024960
3347484975648
3347568000000
3347631705600
3347716132800
3347757504000
3347874722400
3348197342784
3348843750000
3349014270400
3349152402960
3349404800000
3349834094880
3350000000000
3350172924000
3350374824960
3350640660480
3350833920000
3351301831080
3351931650000
3352356072000
3352400000000
3353112266616
3353338750608
3353440528935
3353598357984
3353735642400
3354180718200
3354630552000
3355036920576
3355202418750
3355216736256
3355443200000
3355545600000
3355690033800
3356005625280
3356084595000
3356337488592
3356368650000
3356385346125
3356413255416
3356726649345
3357129200425
3357381188070
3357620903552
3357745773120
3357974812500
3358916695680
3359341013875
3359347200000
3359909376000
3360103329102
3360173089000
3360910823424
3361147453440
3361176000000
3361475220480
3361814880160
3362000000000
3362378711040
3362618525760
3362702850000
3362791262688
3363237126270
3363461378550
3364026498560
3364233523200
3364255460000
3364454400000
3364757911125
3365515455120
3366311363712
3366538182280
3366795286400
3367267205120
3367663874575
3368253375000
3368444284296
3369037926744
3369192652800
3369359795200
3369374360352
3369431048256
3369500876250
3369922315200
3369969512000
3369981542400
3370233484800
3370815000000
3370906500192
3371162547915
3371369682816
3371663877120
3371666292000
3371725593600
3372248918500
3373831028736
3374539564032
3375120000000
3375142425000
3375383738580
3375625518720
3376108781568
3376114528500
3376133913600
3376269119286
3376273688880
3376392477750
3376518068000
3376870843500
3377025433600
3377062006318
3377376179008
3377473817949
3377835012825
3377994010560
3378328458750
3378339140625
3378378408615
3378446807040
3379054896000
3379272750000
3379326749568
3380000000000
3380109626880
3380205121920
3380304200000
3381032031700
3382361690400
3382560000000
3382585806600
3382869934080
3383261966175
3383816644368
3384332391456
3384368573184
3384576000000
3384615812500
3384788381442
3385364062500
3385808640000
3386105856000
3386277888000
3386432455875
3386519961600
3386877624000
3386880000000
3386925574218
3387022926336
3387808530432
3388375907280
3388678618500
3388729665024
3389097042144
3389166562500
3389513977856
3389604472800
3389702988000
3390101505000
3390724800000
3390876948780
3391016807997
3391069500000
3391213971600
3391707021066
3391795555200
3391922688000
3392001308160
3392446660608
3392845312500
3392929792000
3393439799360
3394369271475
3394440000000
3394755100672
3394951396200
3394959242184
3395117835648
3395402215632
3395444675040
3395817214920
3395984517504
3396042884160
3396277243080
3396427094144
3396587651072
3396857526216
3397863168000
3398299474500
3398688067860
3399289057008
3399332832000
3399387468750
3400040448000
3400530564096
3400896512000
3401614098432
3401689471488
3402000000000
3402639576000
3403200062500
3404538682965
3404630511450
3404736635625
3404874543840
3405204209664
3406173875000
3406628126720
3406639017600
3406648469472
3407115040000
3407346633600
3407372828600
3407652864000
3408945134400
3409129250800
3409298605440
3409300303200
3409782143040
3409920317700
3410275205025
3410674864128
3410963863125
3411476792640
3411593963190
3411666987120
3411776293380
3411841305600
3412674478080
3413272576000
3413547165600
3413812120650
3414643737984
3414645000000
3414832216848
3414899658240
3415049269522
3415653727200
3416007168000
3416527900800
3416621842560
3417106581000
3417279528960
3417396719616
3417502452000
3417641684275
3417655800000
3417970271040
3418037980560
3418198056000
3418223542272
3418453248000
3418611328125
3418926411355
3419343112500
3419577907200
3419746307496
3419867709440
3420180823646
3420650000000
3421389600000
3421469646000
3422081562500
3422225280032
3422306467125
3422485782144
3423142195200
3423609820032
3423729254400
3424085542944
3424229785600
3424717800000
3424913856000
3425532606000
3425899171500
3426189698425
3426528268800
3426714601254
3427214195160
3427266744720
3427393858560
3427685683200
3427704472500
3427861544960
3428103684096
3428553359322
3429000806400
3429051924480
3430097361000
3430397952000
3430607469120
3430747320000
3431110641840
3431253934080
3431379200256
3431492812800
3431974528710
3432759159375
3432779916800
3432812617728
3432923839800
3433579947252
3434540798250
3434548000000
3434824522752
3435628310400
3435710334606
3435720769536
3436733812500
3436884905769
3436987023360
3437206073280
3437360388000
3437650125000
3437724218750
3438071193600
3438194947200
3438219763800
3438268495200
3438696240000
3439047725568
3439099617840
3439746550800
3439812096000
3439853568000
3439856756700
3440185352000
3440549455200
3441494714112
3441733368000
3441909339750
3442476866400
3442894848000
3443055545952
3443208408640
3443407718400
3443895000000
3444323022400
3444432096240
3444842471616
3444896000000
3444897081600
3445512100992
3445743974400
3446097880680
3446151408000
3446214211584
3446259824720
3446462296225
3446572615200
3446700000000
3446770421250
3447886300950
3448170000000
3448320000000
3448787224064
3448839513600
3449091456000
3449106054225
3449703978000
3449907484749
3450000000000
3450134014250
3450251036250
3450368897280
3450966796875
3451266000000
3451394531250
3452702556160
3453346000000
3454335007200
3454348102400
3454431132100
3454814650560
3455363995200
3456586701750
3456661905216
3456713703750
3456936000000
3456987291450
3457162500000
3457915743744
3457991250000
3458145636000
3458373565140
3458538660200
3459060186912
3459105000000
3459329615592
3459408341760
3460221232650
3460351212500
3460765370400
3460874633216
3460886403975
3460950900000
3461009512500
3461120000000
3461230468750
3461250592800
3461431500800
3461890129920
3462081225120
3462724987488
3463421939712
3463527663616
3464360409600
3464501203800
3464609241600
3465130703125
3465997516800
3466947960000
3467361786850
3467652525000
3467850547200
3467946107880
3467984400000
3468057222000
3468274226250
3469019938800
3469267234944
3469318776000
3470006558850
3470090317200
3470107579029
3470988609792
3471281920512
3471463941120
3472849914352
3472875000000
3472917532000
3473124241536
3473469076000
3473527900500
3473887150080
3474019064250
3474081716496
3474653112000
3475644052608
3476286633600
3476628792000
3476741504544
3477610663800
3478074163200
3478676537115
3478748238882
3479536569600
3479993925408
3480325265625
3480328827360
3480528016000
3480585486336
3480712645293
3480817536000
3480917606400
3481113600000
3481426688400
3482001432000
3482321725440
3482344250000
3482419200000
3482518028288
3482788233600
3482801881776
3482974841216
3483123840000
3483271168000
3483434354400
3483654804000
3484144202112
3484179840960
3484216771875
3484218476544
3484248665625
3484520732000
3484755035100
3485974554699
3486450314880
3486843450000
3487247400000
3487358357280
3487629312000
3487795200000
3487822254000
3488112294912
3488140494545
3488236744608
3488502937500
3488700419750
3488850643608
3488885800960
3489410515500
3489510496500
3489654182400
3490675328000
3490695000000
3490733294048
3491003105280
3491347548128
3491417779200
3493480985280
3493870601760
3494166003328
3494175300000
3494580012560
3494610000000
3494780352000
3495750827625
3495839193000
3495856000000
3496020420060
3496263807725
3496481214912
3496523203125
3497922792000
3498111225000
3499348227570
3499522510848
3499719912568
3501036972576
3501106646400
3501363894000
3501407347200
3501768443904
3502617187500
3502719101700
3502815468750
3503849472000
3504008915568
3504465541485
3504693313536
3504782376000
3505032000000
3505610534400
3506396774400
3506404798464
3506458816000
3506532943680
3506911027200
3507025414050
3507031250000
3507038208000
3507382195200
3507690780000
3507840000000
3508021592064
3508120751616
3508182335488
3508312500000
3508635850720
3508989059040
3509169674400
3509350004160
3509764958700
3510284809500
3510306560384
3510478061568
3510732743232
3511050043392
3511350000000
3511517184000
3512145159180
3512152387500
3512295784448
3512965799200
3513314816352
3513436146500
3513916952000
3513980920905
3514218750000
3515145379200
3515482215000
3515670000000
3515698805760
3516552000000
3516610023108
3516620230656
3516969777408
3517834290880
3517878375000
3518091137925
3518375616000
3518438047744
3518632812500
3518819404100
3519215424000
3519667312875
3519841605840
3521360700414
3521423014200
3521639846400
3522199075200
3522233915200
3522410053632
3522488103288
3522749800448
3523309171200
3523822848000
3524080098240
3524334968832
3524986716768
3525212149184
3525291107520
3525519816000
3526332468750
3526343898000
3526344869040
3526387384320
3526862530464
3527538166224
3527573504000
3527605858005
3528000000000
3528058212000
3528499968000
3528762250000
3529077341832
3529218097152
3529445666208
3529492911360
3530030943816
3530103534720
3530368512000
3530509237312
3530837992500
3531445456050
3531473125488
3531578617424
3531762000000
3531869650944
3532191927264
3532496873472
3532631356800
3532735944000
3533544000000
3533641280000
3534328687500
3534865091394
3534873235920
3535038712359
3535211962125
3535503593472
3535946577450
3536068863600
3536293642000
3536405000000
3536788600800
3536919540000
3537396323110
3537599163750
3537824887168
3538007424000
3538025023680
3539318328000
3539493843072
3539554200000
3539609321472
3540249606600
3540524632407
3541081161728
3541240796715
3541979469600
3542222028800
3542310144000
3542870016000
3542983390080
3543399641600
3543622110720
3544808529600
3544917412500
3545226562500
3546316800000
3547097049600
3547960641225
3548053303704
3548304000000
3548566937500
3548662824960
3548904278400
3549231541674
3549274523648
3549287535750
3549970195200
3550535958528
3550558201632
3550869840384
3550876185600
3551113733895
3551401082880
3551512807680
3552698973824
3552851422278
3553875000000
3554097345000
3554880032704
3555482193900
3556381392000
3556428253056
3557009258712
3557116892550
3557812500000
3558175077600
3558467318784
3558528936000
3558585139200
3558961066752
3558981086000
3559084696440
3559118062500
3559186759680
3559375000000
3559570312500
3559682473984
3559898387500
3559989782016
3560635495872
3562013984256
3562152840000
3562561302300
3562728000000
3562935138360
3563011798500
3563344120050
3563520000000
3563676446750
3564519868416
3564602388480
3564843872256
3564964184064
3565287290880
3565896597504
3566096020256
3566780168000
3567472210024
3567783232512
3567837974400
3567870633600
3568140288000
3568527900000
3569849577000
3570125000000
3570407500000
3570505844670
3570527692800
3570941337600
3571567421760
3572429229824
3572464500000
3572499437325
3572864640000
3573033762816
3573156367872
3573258748416
3574458538560
3574521426250
3575283712000
3575662586496
3576765366720
3577389490350
3577672476000
3577734987750
3577798675500
3578053500000
3579259001490
3581089118208
3581108747744
3581144027136
3581478920625
3581499905984
3581596418400
3582277375950
3582357228288
3582797938720
3583821591000
3583991680544
3584000000000
3584025506880
3584617968750
3584673792000
3585094442496
3585099792384
3585217903020
3585234656250
3585261402450
3585430451200
3585926434860
3585981959040
3586811494400
3586846576950
3586883040000
3587353308000
3587584000000
3587692137120
3588377574600
3588394844160
3588897153024
3589338562560
3589489625778
3589783142400
3589945312500
3590106300000
3590214658560
3590358220800
3591000000000
3591250000000
3591675108000
3591817805004
3592091939040
3592316879424
3592503718560
3592631250000
3592725708000
3593441643750
3594184151040
3594469490304
3594583802880
3594639409152
3594850169820
3595078703125
3595179168000
3595472032896
3595853165922
3596444044800
3596514485200
3597737472000
3597847296000
3598361501832
3598619376240
3598765261000
3598836264960
3599258598750
3599571830400
3599689500000
3599780401836
3599853788160
3600000000000
3600190340680
3600804824064
3601292591104
3601388044800
3601487192576
3601652936832
3601857916800
3602513756160
3602975784254
3603676594176
3604024179389
3605485478400
3606227843400
3606421064904
3606542189658
3606891724800
3607623760104
3608791552000
3608895937500
3609395689536
3609610578000
3609671082336
3610130751990
3611559250000
3611834233280
3612138046875
3612469016520
3612537992448
3613354436592
3613585862016
3614598890448
3614601392640
3614664653600
3615070617600
3615132874374
3615373440000
3615442242048
3615578104320
3615668305920
3616000000000
3616328576000
3616773732000
3616776562500
3617521606656
3617536868352
3617730234144
3617753455872
3617773585020
3617990806608
3618218617650
3618450000000
3618532008000
3618736736256
3618835121350
3619028545951
3619128852480
3619423922400
3620050237440
3620057049216
3620059730000
3620635350000
3620994904800
3621337948800
3621438136800
3621985920000
3622862414556
3622989894948
3623000996160
3623043768750
3623055006312
3623194532538
3623585442750
3623618612250
3623647500000
3623878656000
3625275816064
3625584640000
3627158636250
3627335144160
3628088294985
3628237276692
3628702126080
3628807087500
3628848750336
3628986936120
3629224133750
3629995430400
3630151090125
3630248331840
3630441077760
3630780269952
3630960000000
3630994498656
3631719078000
3632303725050
3632449438800
3632538288834
3632549375000
3632603436000
3633301526400
3633345331200
3633372205056
3633452892160
3633610752000
3633695778050
3634470436608
3634524432000
3635193168000
3635311498875
3635330869950
3635492558080
3636719490096
3637076984541
3637712332800
3637806046875
3638671400000
3638908578816
3639029029440
3639138921600
3639395681280
3639567072960
3639945405200
3640630468608
3641055818400
3641178640320
3641355000000
3641365686816
3641399595360
3641421266100
3642028831980
3642703650000
3643102850400
3643368518400
3643933630464
3644291645280
3644396632064
3644550830592
3644973671040
3645000000000
3645129600000
3645335948800
3645444538368
3645840400272
3646166400000
3646639513440
3647188121850
3647313244575
3649147974654
3649201943040
3649270060800
3650460231600
3650728536000
3651086275200
3651725579040
3652249672890
3652812800000
3653082131400
3653679656250
3653964843750
3654018125000
3654777776000
3654844416000
3654920192000
3655098597904
3655196936500
3657441558528
3657704450400
3657960456192
3658213423590
3658405338000
3658620700800
3658710235312
3659194411488
3659297318586
3659354496000
3659807812500
3660214871040
3660371694000
3660772830624
3660856607304
3661102972800
3661609770000
3661791307776
3662118750000
3662511089328
3662744516100
3663240118272
3663414092394
3664364175360
3664391983200
3664522620000
3664974600000
3665446036920
3666016953360
3666331998000
3666370314240
3667207500000
3667434414720
3667477734375
3667580311168
3667780771200
3668621355000
3669180125000
3669180540480
3669354271352
3670083108864
3670648800000
3670740566220
3671182259200
3671217318600
3671246953584
3671943957760
3672249364224
3672396728000
3672534439350
3672968232960
3673010944368
3673515015792
3673815135900
3674698002000
3674908036800
3675039518304
3675291648000
3675621363120
3675681120384
3676531250000
3677115566475
3677222437875
3677384440548
3677864012550
3678179904000
3678201446400
3678666094152
3679275762000
3682035302400
3682044327456
3682361250000
3682518480720
3682563145092
3682622361600
3683674051200
3684067643256
3684906660825
3685050281250
3685135627264
3685954355200
3686334382080
3686917090302
3687442022400
3690000000000
3690535841928
3690562500000
3690902648160
3691605699000
3691606187808
3691653900480
3691818931500
3692298240000
3692388903552
3692793837656
3693451673600
3693520350432
3693664000000
3694150287360
3694302000000
3694985132319
3694996528776
3695100768000
3695549000000
3695647044397
3695991420561
3696455983860
3696601317376
3696830556048
3696875126784
3697907461248
3697924096000
3698077824000
3698695224000
3699200000000
3699376128000
3699492508000
3699575214480
3699744906240
3699827712000
3700175405056
3700597211136
3700793673892
3701237540000
3701362392000
3701874290400
3701903214744
3701926384650
3701955312000
3702609187200
3703376953125
3703590000000
3704079375000
3704191094736
3704556325680
3705000000000
3705207105600
3706400839050
3706581411135
3706914546720
3707146960000
3707379892125
3707530058848
3707773315200
3708205862400
3709015312500
3709146564576
3710096363520
3710348278560
3710551493376
3710574000000
3710851743744
3711182333040
3711269016000
3711493500000
3711525850000
3711843532800
3711921700032
3712251398625
3713116889088
3713221031520
3713227575200
3713277344904
3713294928000
3714173632512
3714926274864
3714954315800
3714984000000
3715041853440
3715356781440
3715400180160
3716048793600
3716056640625
3716254199808
3716325512960
3716345655360
3717072037440
3717171291600
3717380587500
3717922944384
3718162375200
3718301687100
3718326435840
3718446294528
3718880335872
3719531250000
3719730560000
3720399671296
3720779375040
3720910622520
3720927600000
3722634115200
3723408000000
3723503684976
3724338794085
3724580095600
3724624480500
3724738077450
3724810317046
3725361414144
3725680296240
3725999513600
3726144735390
3726268406784
3726853440000
3727822500000
3728300875230
3728492779050
3728901176000
3729149132800
3729449218950
3729964643658
3730024393200
3730128537600
3731424827904
3731452340850
3731793114816
3731823736704
3731912677584
3731945928768
3732480000000
3732561717984
3732858590112
3732889305600
3733490880000
3733505156250
3733925000000
3734167959600
3734324903936
3734841965400
3735342112320
3735591048000
3735602161200
3735647172576
3735783973152
3736336500000
3736694531250
3736780388496
3736827391500
3737038931262
3737179309500
3737376000000
3737893306875
3738009600000
3738404983950
3738616445200
3739030789200
3739770000000
3740021250000
3740163336000
3740761365075
3741155100000
3741846845184
3742230375000
3742560681984
3742715871440
3742728192000
3742921662976
3743022318480
3743437500000
3743749289280
3744176164663
3745143301536
3745144374400
3745501799760
3745736164350
3745850726800
3746150400000
3746295880000
3746685196800
3747060000000
3747357665280
3747681633750
3748047637752
3748459771854
3748561850250
3749265000000
3749309890625
3749488404480
3749516201600
3749847696000
3750000000000
3750215760000
3750465375000
3750689498544
3750750934560
3751285403112
3751346602080
3751562304000
3752309587968
3752401207716
3752624471904
3752748686610
3752753359509
3752933990400
3753240730272
3753326678400
3753785191455
3754389564288
3755555684352
3755795309568
3755929056768
3756376382500
3756941622000
3757134001104
3758696188650
3758744371200
3758970257280
3759482880000
3759690816000
3760135344000
3760561546560
3760754725728
3760848000000
3760894896000
3761012736000
3761411292288
3761708062464
3761773747200
3761932861440
3762283281250
3762988558875
3763062295200
3763282390560
3763378119226
3763535437908
3763846828800
3763968000000
3763996716480
3764019916800
3764152958976
3764219200000
3764582348800
3765232598400
3766129868800
3766227192000
3766818816000
3766875000000
3767056740864
3767189580000
3767449218750
3767641054200
3767796453330
3767855000000
3768528860460
3768563356740
3768730093700
3768750000000
3768798670650
3768826516992
3768840000000
3768944539500
3769017993216
3769108168800
3769296793920
3769472000000
3769929354240
3769950600000
3770212617600
3771369875520
3771450000000
3772443780000
3772659348216
3773164777200
3773482358160
3773709324000
3774393099100
3774873600000
3774947200024
3775595169375
3775964912343
3776090000000
3776446464000
3777065510400
3777097615200
3777735750000
3777994878075
3778080768000
3778290432000
3778610246528
3778929268479
3779159544336
3779570995200
3779585638400
3779732741904
3779961758496
3780159516000
3780194725125
3780204235776
3780693196800
3780926680608
3781195178112
3781559575080
3781835937500
3782187302400
3782398920300
3782754175200
3783040706250
3783175214364
3783600243500
3783681720000
3783989801088
3784157429760
3784165257600
3784203887200
3784338309120
3784711392000
3784787392500
3785164966080
3786465607680
3786975521280
3787355455065
3787601264640
3787642278180
3787725143664
3788190515200
3788280328192
3788553932800
3788601901056
3788611396200
3788800000000
3789173630160
3789296875000
3790382169600
3790546155396
3790655239000
3791607750000
3791699683200
3791882240000
3792258000000
3792320572257
3793124578500
3794043240000
3794258018720
3794501953125
3794511038220
3794790385620
3794886144000
3795030308160
3795679313208
3796357009536
3796392600000
3796575118875
3796913685600
3798729639180
3799153612800
3800082048000
3800296115616
3800612695680
3800849536512
3800979000000
3801436758000
3801571785648
3802476562500
3802686020595
3803376900456
3803493990400
3805015500000
3805089366016
3805270569100
3805304832000
3805380000000
3805383387420
3805728675840
3805910128800
3805925035392
3806658035712
3808515625000
3808788480000
3808965404608
3809004093440
3809133619200
3809503732580
3809779384320
3809998838376
3810424515625
3810782721060
3811764096000
3811786076800
3812000700000
3812148021792
3812316126080
3812596050240
3812797992960
3813186172824
3813305031900
3813343992576
3813415861500
3814081198200
3814176843750
3815185562500
3815311500000
3815322653610
3815703125000
3816332582400
3817191899520
3817455927340
3817474752000
3817876268256
3818224760896
3818728897200
3818954372688
3819197133360
3819485516000
3820244182000
3820824000000
3821271007488
3821384685300
3821533625000
3821542314912
3821966208000
3822059520000
3822718536000
3822830223360
3823386513408
3823592500000
3823805841664
3824042213376
3824276328810
3825969714450
3826008576000
3826375200000
3826443514064
3826511248896
3826778009600
3826871612928
3826874253312
3827014972352
3827222354592
3827602746240
3827721830400
3828086271625
3828124800000
3828393211968
3829043087595
3829806014286
3830022144000
3830059235520
3830201575200
3830297529825
3831760235520
3832598528000
3833004420000
3833056281600
3833294432175
3833676047520
3833856000000
3834506847808
3834982131200
3835270407150
3835407626127
3835972140000
3836206981120
3836236185600
3836636377600
3836941664256
3837570461725
3838185000000
3838563669824
3838744166400
3839748780032
3839764500000
3840197816000
3840209240400
3840649261056
3840684950088
3840891903360
3841228800000
3841347656250
3841686243954
3842128604160
3842333651520
3842436998400
3842688470400
3842795520000
3843093196800
3843699572880
3843724412346
3844038013816
3844184064000
3844335937500
3844690258500
3845214843750
3845351562500
3845434057920
3845759765625
3846181218750
3846363421875
3846757340160
3847165673472
3847234587300
3847472208320
3847631255650
3848379022080
3848637811200
3848712165000
3848718338766
3848731200000
3848770562490
3849903657600
3850205184000
3850332170832
3850807593750
3851312388000
3851630182400
3851901164160
3852122581440
3852360000000
3853300284288
3853591511040
3854298889000
3854376516138
3854574523800
3854644968750
3854674427904
3855122432000
3855245121728
3855260613600
3855735000000
3856310681600
3856351842000
3856616644608
3857445366624
3857931654822
3858232500000
3858447896576
3858693811200
3858723396000
3859974798336
3860382871800
3860395612128
3860429414400
3860741454570
3861306408960
3861517495500
3861544960000
3862651968000
3862683259424
3862822921944
3862982430720
3864406618800
3865069353600
3866585104200
3866888870208
3866964948000
3867187500000
3867756993408
3867845530752
3867997234275
3868379520000
3868987500000
3869535790800
3869835264000
3869842822272
3870204616231
3870208521000
3870485353800
3870720000000
3870751620736
3870796778550
3871387406250
3871447695360
3872621592576
3873369556602
3873756413952
3873833683200
3874578364800
3874588001856
3874863400200
3875447780568
3875881018496
3875948565125
3876224625000
3876337587200
3877042302810
3877122795000
3877537500000
3877806845952
3878065187500
3878302646400
3879279167400
3879360000000
3879703828125
3880143764640
3880241348256
3880822050000
3880916975250
3881630964736
3881917218816
3882393550170
3883113888192
3883272192000
3883770828000
3884159568384
3884674214400
3885014250000
3885310944018
3885675079680
3886501155264
3886571416000
3886582984704
3886666481880
3886921962000
3887284494600
3887506022400
3887939453125
3887971915776
3889371500000
3889543168000
3889594368000
3889921908600
3890006550144
3890347956000
3890452608000
3890801304000
3890901351960
3891001171875
3891135955421
3891185492832
3891213034800
3891827526048
3892017187500
3893067776000
3893243232384
3893250160800
3893416482150
3893994000000
3894366475503
3895000000000
3895669687500
3895732984416
3896105401125
3896147715200
3896472676950
3896567808000
3897494876160
3897873321984
3898244415000
3898628552000
3898964529360
3899077416000
3899349452250
3899920000000
3900064350000
3900254441400
3900746916864
3901625000000
3902094318496
3902233482000
3902240000000
3902322784500
3902464954080
3903526592000
3903837825888
3904211477250
3904216289325
3904603315200
3904685657600
3904937842176
3905170182144
3905264664000
3905280000000
3905634862080
3905717088000
3905718829542
3905988817500
3906115630560
3906956153646
3906984375000
3907032223500
3907046112256
3907123290000
3907344470120
3907363274752
3907588961575
3908089036800
3908251756080
3908341931058
3908750400000
3909613289472
3909664508400
3909757215812
3909809106048
3909878674128
3910251024000
3910286178000
3910406500000
3911374656000
3911878152000
3911930042368
3911976250000
3912087119850
3912350357376
3912508828125
3913210837900
3913508101230
3913667186688
3913728000000
3913788948480
3914046489600
3914971706100
3915012744192
3915358720000
3915456603968
3916032307200
3916079194560
3916252800000
3916645714800
3916800000000
3916816223040
3916884629931
3917025116160
3917637281250
3917832781824
3918208204800
3918736144960
3919045284000
3919111654500
3919562064450
3920027898150
3920120550619
3920137476948
3920475686400
3921294540800
3921433067520
3921436800000
3921576228864
3921782312500
3922023064960
3922256604240
3922322450000
3922391020662
3922457011200
3922632451125
3922654594500
3923153325000
3923475480576
3923982714624
3924299612160
3924660584448
3924791807040
3924996526080
3925405090464
3926545459200
3927009744000
3927868463736
3928136000000
3928363155456
3928593750000
3928724163936
3928743000000
3929765112000
3930264000000
3930737328000
3931365896640
3931402514130
3931548062750
3932100000000
3932112155648
3932838000000
3933610674000
3934012500000
3934711996350
3934719870000
3935039062500
3935899294208
3935925000000
3936739968000
3936962824704
3937024000000
3937184901639
3937342972992
3937692413952
3937752000000
3938058000000
3938264730400
3938397577920
3938399584000
3938852500000
3939139584000
3939948267840
3940006261248
3941015224320
3941474548704
3942243368960
3942281448560
3942351129600
3942432000000
3942460961712
3942786818880
3943432712625
3943605344132
3943652817500
3943800785925
3944275385850
3945037824000
3945410156250
3945541640625
3946121625600
3946420633600
3946558581504
3946609190238
3947159998080
3947313807360
3947612691420
3947769446400
3948595857520
3948669000000
3948688642500
3948721476960
3950456832000
3951034368000
3951424750000
3951819916200
3953409768000
3953527864000
3954020950908
3954121932800
3954335186802
3954538551600
3954899727360
3955128750000
3955984375000
3956107900032
3956470185984
3956892443595
3957782844600
3959422976000
3959829956250
3960134926336
3960867913728
3961044172800
3961607208975
3961758400000
3961843200000
3962361110400
3962513154600
3962903921613
3962940000000
3963195039744
3964300704000
3964876839936
3965079559392
3965760000000
3965820518400
3965837233176
3965863667832
3965952046875
3966188466240
3967178342400
3967185807360
3967387361280
3967720346772
3968900679744
3968971330688
3969000000000
3969065488500
3969141120000
3969746172000
3969787571100
3969857531250
3969934557264
3970173742080
3970307502000
3970653750000
3971032128000
3971284811793
3971822891976
3971985518592
3972961207800
3973100671332
3973617822960
3973768557696
3974269522230
3974344704000
3975412907700
3975912345600
3976064415000
3976074086400
3976087200800
3976470724608
3976568064000
3976854266912
3976954446100
3977458903125
3977913139200
3978077184000
3978330347250
3978455625000
3978747864000
3978812109312
3978912938760
3979261624320
3979575199600
3980385208800
3981962025000
3981987880416
3982398050106
3982437384192
3982705459200
3982781250000
3983186250000
3983530012875
3983887564800
3983970919656
3984933137724
3985200000000
3985425600000
3985784288304
3987086194000
3987323105580
3987663503360
3987909595800
3988138024062
3988369271250
3989055853024
3989182498400
3989489037480
3989507558400
3989636459424
3989846160000
3990182031360
3990708829440
3990868196835
3991257060000
3992052889728
3992069941200
3992403200400
3992625000000
3992742112500
3993332575232
3993758023680
3994590841920
3995393327104
3995451908640
3995978531328
3996168631200
3996464234625
3997336543200
3997841400000
3997927125000
3998080495422
3998710352000
3999454298112
4000000000000
4000089784320
4000311028224
4000894248960
4001366016000
4001623674048
4002828492348
4002931932384
4002946962300
4003107544800
4003448716800
4003853721750
4003970283495
4004022750000
4004174865600
4004296875000
4004677429350
4004801372250
4004948054016
4005012558624
4005275754368
4005894642048
4006130745344
4006231715178
4006401901632
4007118423987
4007365754880
4007421945000
4008016758375
4008470844560
4008565968750
4008960000000
4008987575775
4009327329280
4010358522240
4010439243600
4011871240000
4012558663680
4012627689000
4012753305600
4012810240000
4012856003520
4013406236277
4013509500000
4013668713600
4013756136576
4013880181920
4014798186672
4015344028500
4015560896375
4015801389600
4015874587296
4015891353600
4016775629952
4016798304768
4017309004800
4017449666880
4017855498624
4018000000000
4018126694400
4018982883552
4020207508800
4020407015625
4021255854000
4021296040125
4022089725024
4022476929000
4022676120960
4022998227072
4023260573696
4023554169600
4023773877025
4023892847232
4024128634722
4024374527664
4024483444800
4024503464436
4024620000000
4024843665408
4026433536000
4026626953125
4027213270080
4027319419392
4027698694656
4027725000000
4028160161025
4028187024000
4028299928037
4028485280000
4029146244522
4029173085600
4029377788800
4031015625000
4031467209375
4031472060000
4031990640612
4032000000000
4032170150400
4032430287489
4032571392000
4033281290625
4034558848320
4035160645776
4035243420000
4036153654260
4036366080000
4036436019200
4036924771425
4037050368000
4037910589440
4038153252336
4038550363260
4038635700000
4038669578125
4038856704000
4039121661120
4039572172064
4040156250000
4040234640000
4041196649490
4042512580608
4043216250000
4043437056000
4043457169920
4043715812500
4043848100544
4044137292855
4044454733088
4045348622900
4045395057498
4045672351360
4045842432000
4045999846104
4047099390000
4047282439200
4048340985325
4048610918625
4049728798500
4050000000000
4050214133265
4050607142400
4050717963264
4050883303380
4051676720000
4051949617170
4052073600000
4052307267184
4052674055808
4052885695040
4053422076000
4053481098240
4054082906250
4055063040000
4055268885625
4055481909375
4055739187500
4056066924000
4056232329216
4057238438040
4058055192100
4058415695880
4059443920896
4060176235500
4060241510400
4060827758592
4061508318000
4061766487680
4061893754880
4062338489664
4062715646976
4063004156250
4063408221600
4063718947050
4063892520038
4064027643585
4064112886912
4064133528000
4065356736000
4065523650000
4065594882048
4065869062895
4065949440000
4066114140000
4066572045312
4066954444800
4067525367360
4067915134500
4068164321280
4068225000000
4068455300000
4068948049920
4069052338536
4069283400000
4069602441450
4070692454400
4070785991168
4071489960960
4071546648000
4071755802400
4071829627008
4072450421214
4072620093750
4072757250915
4073542504200
4073551020000
4074408248750
4074614046720
4074734160000
4075606069920
4075807095360
4076113104000
4076143664320
4076187500000
4076464983552
4076953823250
4076956626336
4077529113600
4078425681432
4078435293072
4079828088000
4080466657280
4080781250000
4081075814400
4081190400000
4081244078912
4081474286208
4081632689592
4081682212020
4081952489472
4082204672000
4082289891840
4082395917600
4082589310800
4082776262656
4082856499800
4084090133760
4084223000000
4084555815996
4085064640800
4085530435350
4085683962750
4086288262980
4086386718750
4086618046875
4086940198176
4087179264000
4088054124000
4088448000000
4088515459392
4088538048000
4088734433280
4088768544000
4088779241184
4089494065536
4089813018750
4091370525792
4092379376256
4092560631900
4092644986920
4093366492800
4093659136000
4093907658120
4094241671520
4095000000000
4095227473920
4095232819200
4095796104000
4096250486055
4096476729018
4096574544780
4096770048000
4096918035000
4097017516800
4097169843750
4097204633600
4097313065520
4097423232000
4098080296960
4098535702038
4098984750000
4099010229600
4100104008000
4100458455576
4100600680704
4101002942400
4101679366144
4101706252800
4102273858032
4102711693626
4103363306250
4104589591872
4104738022860
4104771552000
4105728000000
4106636188200
4106750294400
4106982421875
4107015414000
4107779895296
4108683837440
4109218750000
4109573980160
4109658877350
4109861693952
4110449907200
4110770390625
4110994944000
4111221454830
4111785216000
4111985922642
4112462812500
4112907540480
4113049227264
4113114191550
4113238572072
4113251538500
4113544500000
4114139933475
4114179669600
4114499888128
4115303992800
4115400000000
4115497750000
4116773808000
4117066364448
4117701997044
4117727250000
4117962114450
4118124218208
4118299689504
4118369434452
4118507210000
4118960973312
4119310991250
4119447196800
4119883593750
4120107919200
4120367097600
4120922516480
4120925468000
4121150906250
4121639188992
4121940806016
4122345500000
4122363430080
4122371167200
4122440981100
4122495000000
4122668368350
4122847319976
4123168604160
4123176468480
4124009273293
4125044357280
4125462951456
4125863716560
4125976562500
4125976704000
4126110384375
4126669083264
4127076761600
4128222422400
4128378100308
4128536018880
4128756560334
4128776064000
4129127571762
4129353105408
4129479900000
4129691527808
4130080041600
4130748835200
4130886875000
4131107987325
4132089262080
4132611252000
4133822400000
4133998759968
4134333173355
4134375000000
4134574471680
4134598382880
4135152262500
4135405568000
4135511789664
4135597648000
4136032623944
4136097656250
4136423915520
4136578696800
4136683800375
4136719831200
4136843123424
4137200271360
4137671491200
4139206410240
4139294400000
4139644773600
4140463537800
4140479545344
4141240506000
4141290734100
4141345000000
4141780701696
4142656406250
4142849911200
4143567287808
4144405159620
4144576098663
4145154769440
4145239800000
4145452740000
4145777580672
4146075671400
4146226473312
4146334920000
4146698649600
4146922289664
4147413641280
4147532475840
4148156250000
4149969707975
4150814399550
4151038286250
4151355308100
4151485000000
4151602657800
4151713370112
4151812500000
4151882812500
4152265479180
4152286243840
4152344601600
4152421455000
4152874343625
4153344000000
4154641713000
4155217920000
4155337605120
4155562145280
4156440350400
4157335400400
4157385523200
4157492625000
4157528342528
4157578125000
4159704375000
4160172641716
4160250000000
4160439622773
4161032127000
4161371500000
4161756200960
4161798144000
4161929071500
4161948480000
4162642800120
4163450988800
4163532226560
4163681462688
4164193800000
4164336562500
4164456844800
4164909056000
4164993427140
4165560000000
4165730498125
4165862400000
4165893392544
4166098227200
4166173980000
4166720000000
4166920517760
4167089296875
4167389316096
4168357993800
4168970403840
4169720762900
4170766908000
4171954550400
4172434047936
4173559148304
4173772395520
4173962142042
4174289437500
4174593334560
4174740062208
4175969819840
4176081327600
4176323193600
4176818212864
4177437013017
4178181086550
4179467341440
4179811906935
4179825202680
4180526235648
4180827270048
4180866202080
4181098398750
4181650200000
4181706042120
4181817703050
4182147881730
4182304516992
4182386845824
4182773765625
4183265388032
4183325546400
4183740377856
4184472656250
4184557977600
4184696880000
4185147775488
4185280512000
4185506457600
4185768593454
4186024450335
4186189427156
4186198200320
4186406052864
4186440503700
4187250418624
4187292618600
4187685902400
4188004277600
4188542400000
4188781745280
4188834000000
4189127288850
4189608562500
4189652728884
4190022144000
4190093712000
4190454105838
4191000985600
4191287814000
4191390333270
4192479719308
4193226908640
4193496015072
4193855655264
4194095210496
4194560000000
4195123933500
4195448151552
4195516569270
4195624780800
4196775128000
4196825006400
4197026129440
4197261790800
4197497129280
4198247432192
4199026829400
4199135031875
4199201520074
4199243343750
4199728253760
4199937006000
4200085967742
4200326000000
4200706621440
4200761917440
4201137280512
4201218252000
4201254553600
4201370637786
4201688816640
4201721031200
4202539929000
4203017113344
4203110264418
4203110536254
4203286069248
4203378562500
4204189821888
4204290258000
4204513198080
4204533645312
4204542751200
4204775878656
4205085725304
4205116000800
4205195312500
4205530692324
4205943500850
4206108774400
4206345600000
4208172727850
4210239886848
4210316718750
4210518836160
4210555355370
4210618500000
4210696224000
4210786870848
4211003609280
4211913600000
4211969575424
4212069498000
4212402894000
4212477640800
4212641355832
4212930062250
4213065159072
4213755000000
4214582865000
4215808719360
4216491288000
4216553592471
4216971580416
4217702400000
4218174455040
4218578658000
4218727490208
4218824239875
4218928031250
4219204534272
4219221636000
4219267405536
4221469903833
4221490065408
4221506420736
4222003500000
4222148996736
4222437669072
4223109072240
4223222660800
4223375769600
4224194290071
4224578716800
4224934350000
4225000144896
4225137033600
4225335296000
4225380250000
4225407658594
4225783056768
4225788151904
4225944550464
4225974333840
4226290039625
4226775751242
4227858432000
4229478484448
4230746531136
4230862122942
4230954000000
4231068420096
4231664861184
4232219429152
4232640586860
4232768585409
4233088204800
4233127029606
4233600000000
4233669854400
4233778657920
4233843158400
4233905664868
4234013163520
4234851991552
4235151744000
4235551449500
4236157728000
4236270617600
4236410880000
4237003948320
4237005591000
4237278034176
4237334839584
4237403625000
4237626881250
4237734375000
4237775218656
4239090450000
4239670284288
4240196812800
4240246689900
4240278504000
4240333493760
4240492838400
4240630278144
4241269832800
4242492204048
4242881250000
4243244763744
4244013974655
4244146320960
4244771518650
4245053605200
4245226524000
4245346553850
4245662075200
4246071907770
4246815600027
4248009397632
4248101250000
4249112417550
4249167000000
4249212968000
4249225609200
4249488956058
4250663205120
4250880000000
4251120640000
4251337359360
4251401142822
4251586230775
4251679165440
4252079569920
4252469282880
4252543327872
4253325908832
4253471550720
4253693460480
4253757580800
4253804929440
4253988375000
4254178500000
4254270750720
4254353114112
4256459772480
4256713692000
4256741174400
4256926076624
4257151360000
4257360000000
4257386332160
4257927424608
4258893800000
4259145042900
4259403532800
4259520000000
4259572762860
4260640849920
4261409460000
4261617637888
4261675008000
4261815369216
4261841892000
4262169121875
4262958984375
4263610880000
4263795490816
4264134451200
4264487143875
4264720366725
4264967602176
4265451754200
4265843097600
4265898000000
4267117117440
4267497838500
4267742684814
4267848198816
4267936772736
4267959883920
4267969574400
4268419654653
4268527572400
4268540271060
4269810093120
4270659876000
4270777303200
4270880390400
4270901635728
4271878065000
4272704508800
4273325100000
4273470332838
4273786125000
4274178890625
4274834636800
4275000000000
4276176814080
4276396394496
4276613339248
4276616352750
4277812500000
4278040528608
4278102884352
4278699072000
4279045188704
4279130345600
4279181400000
4279763030400
4279881434400
4279975200000
4281052500000
4281444760320
4281448045680
4283954024976
4284017743950
4284070686000
4284125282304
4284127201536
4284580078125
4285129605120
4285164060000
4285476018054
4285540224000
4286279428326
4286672409600
4286738266112
4286800460800
4287581945856
4287621701250
4287680277504
4287691812096
4288005363200
4288259336400
4288442133888
4288458523104
4288500787500
4288860982296
4288985157600
4289205560640
4289224000320
4289591951360
4289712727300
4290195000000
4290228633600
4290348100500
4290430221168
4291266760704
4291462375200
4291974934065
4292439478272
4294185155064
4294659096000
4295806907904
4295917265625
4296899630400
4297592418000
4297774704750
4298670000000
4299931449450
4300231690000
4301541562500
4302598569984
4302864384000
4304016000000
4304097907200
4304259648000
4305328200000
4305821587200
4305966184296
4306053089520
4306377600000
4306890126240
4307361055104
4307622350850
4307824780900
4308231782400
4308289689600
4308294992400
4308317098272
4308497845344
4309033852800
4309571106750
4309994291200
4310365752000
4310432133120
4310609759456
4311435536496
4311805967154
4312188316800
4312423083150
4312810656000
4312912904300
4313500563456
4313746445712
4313820203784
4314894848000
4315473510400
4315732853760
4316244931152
4316558646400
4316598000000
4316936431500
4317079817700
4317083949024
4317123466656
4317396187500
4317687078912
4318480857600
4318511080000
4318607180160
4319209488384
4320182304000
4321139097600
4321171058688
4321475297280
4321512000000
4321530623520
4321782371520
4321953664000
4322079591648
4322489062500
4322741623200
4323628816416
4323696000000
4324102852608
4324109062500
4324162019490
4324299898880
4324542765543
4324831709184
4325176926720
4325439015625
4325539567104
4326121800000
4326184634850
4326329786625
4326862921472
4326993015660
4327171186176
4327601531400
4327721000576
4328173828125
4328188403616
4328406234360
4328736796800
4329086018400
4329343549440
4330219714002
4330625000000
4330626504750
4331274609375
4331671471400
4331845980000
4332237335712
4332610502500
4333054687500
4333157337600
4333475582800
4333511935104
4334062387200
4334080654008
4334565656250
4334932634850
4335075763200
4335206400000
4335664951800
4335732954864
4336086250125
4336509593416
4336805768085
4336984342656
4337012736000
4337444477022
4337793900000
4338693725184
4338750988800
4338852460800
4339345767120
4339440000000
4340105224000
4340385466560
4340429585011
4341062392940
4341272000000
4342045188096
4342498804512
4342602145620
4342983091200
4343535900000
4343976000000
4344316578000
4344499152000
4345527757025
4345534464000
4346105400000
4347041332140
4347167736366
4347825500672
4348534723500
4348831032000
4349657088000
4349908242225
4351625417601
4352157337500
4352610937500
4353147535360
4353769247625
4353785856000
4353984586125
4354507016118
4354743762432
4354770875000
4354839474300
4354890178560
4355068960500
4355198368950
4355224801200
4355372941920
4355653320704
4356192849264
4356914062500
4357398656000
4357816200000
4358062893600
4358152512000
4358451068928
4358554312500
4359059250000
4359197946600
4359275366400
4359536640000
4359835884032
4359878753139
4359946500000
4360014397440
4360684013100
4360855449600
4360945009680
4361000140800
4361060352000
4361107251200
4361319774000
4362229687500
4362299081253
4362338304000
4363388891136
4364280000000
4364937509400
4366834835328
4366933593750
4367041265664
4367296783200
4367467000000
4368008531250
4368225015700
4368385282500
4369509826560
4369917786624
4370241093750
4370601518640
4370641031250
4370809440375
4370989056000
4371408384000
4371696474453
4372499792115
4373155713024
4373176500000
4373195056425
4373444275200
4374000000000
4374403138560
4374649890710
4374822312000
4375810857600
4375978084800
4376196000000
4376759184000
4376851708032
4377695842080
4379208038400
4379433750000
4379950448640
4379964451200
4380317805600
4380453000000
4380592570560
4380874243200
4381447264740
4383323001288
4383343797120
4383638784000
4383850248000
4384821812800
4384896071400
4384957056480
4385060831232
4385201766400
4385524966875
4386236323800
4386418372700
4386653107200
4387153470700
4387206198375
4387587822576
4387990501440
4388502393600
4388640260871
4388948887050
4389856108308
4389909512184
4390020000000
4390292275200
4390486537500
4390524622080
4390585274880
4392648000000
4393186301504
4393931724000
4394049926112
4394352768750
4394531250000
4394826072000
4395154176000
4395762528885
4396212221760
4396835975168
4396972769280
4397270379840
4397292863600
4397344200000
4397496266592
4397730914304
4398048608256
4398535244304
4398583398400
4399019280000
4399476681600
4400921297664
4401838080000
4401937612800
4402172759040
4402282500000
4403296402560
4403437250560
4404611545434
4404778560000
4404888679464
4405536345600
4405784400000
4406485814640
4406515186480
4406710963200
4407561879552
4407685632000
4407909580800
4408140033414
4408571025936
4408578163080
4408781045760
4408925944500
4409064748368
4409820890496
4410366771200
4410876995712
4410960840000
4411411200000
4411483620544
4411866139200
4412538679770
4412575880640
4412629418400
4412798740350
4412928000000
4413136546640
4413293068288
4413294465216
4413547490625
4413814530048
4414299959808
4414706143232
4414837063680
4415513088000
4415621091840
4417789316850
4418160000000
4418304900828
4418591544900
4418954404800
4419006637500
4419190562500
4420072930000
4420131239680
4420228631040
4420501228000
4420589200000
4420698836928
4421151866880
4421433950208
4421700000000
4422851444736
4423866679296
4424062500000
4424624422400
4424672012332
4424778918144
4424943733056
4425312008250
4426559853750
4426721779200
4427865000000
4427887680000
4428112328640
4429083177792
4429152000000
4429249552000
4429283166000
4429725520752
4429948723200
4430208816000
4430632321024
4430953109520
4431177743850
4431521412500
4432406249472
4432701709800
4433461905600
4435066629630
4435740194625
4436056125000
4436346535936
4437178876125
4437342000000
4438197752040
4438223087168
4438595232000
4439251353600
4440566812500
4440788250624
4440795996672
4440809318400
4440973115392
4441486271040
4441795950240
4442130533632
4442196528000
4442238555300
4442248396800
4442311661580
4442621681250
4443022983168
4443269548032
4444052343750
4444188672000
4444263936000
4444632000000
4444996000000
4445237210750
4445316314439
4446744402240
4446907651584
4447132200000
4447554929664
4447910539800
4448329396224
4448726357500
4448855870550
4448985171750
4449036718080
4449519843750
4449695956992
4449716564400
4449836139840
4449872984375
4450179333600
4450411929600
4450482421875
4450599505440
4450636125000
4451532187500
4452899556864
4453668922950
4456609113600
4457536000000
4457642803200
4458050224128
4458282132850
4458480216192
4458728892800
4459340262530
4459353866240
4459590615552
4459797468000
4459838292000
4459925683200
4460116770000
4460218963200
4460486444928
4460659875000
4461081328125
4461596626311
4461723648000
4461824000000
4463159616000
4463676672000
4463832963200
4464165519360
4464459277200
4464903037725
4465125000000
4465255403520
4465536537280
4465888812000
4465964443500
4466238013440
4466445459840
4466483920896
4466783027200
4467657417696
4468040220672
4468685210496
4469951304000
4470134932480
4470816355488
4471254038580
4471515186432
4472240957600
4473447997824
4474096320512
4474277904096
4474779460000
4474964592000
4475047500000
4475217673888
4475708866944
4476039942780
4476248000000
4476402442512
4476858984000
4476971250000
4476986841600
4477299750000
4478088806400
4478499321856
4478701312800
4478794169850
4479776988750
4480098084000
4480137772136
4481450634240
4481801404416
4481967284613
4482142500000
4482922988250
4483603800000
4483818892800
4484033437500
4484615171400
4484875814496
4485174218525
4485471968250
4485657133056
4486083984375
4486121441280
4486398295275
4488085663776
4488469096320
4488614886600
4488955537500
4488992529984
4489062653952
4489183395840
4489593885000
4489850433222
4489992000000
4490066084868
4490629648200
4491259045728
4491554267200
4491581977350
4491670680042
4492050568992
4492499147136
4493070000000
4494883397220
4495555056000
4495885634682
4496123645325
4496237133696
4496527067904
4496772602161
4496836500000
4497085796875
4497329304000
4498101780480
4498200000000
4498456576250
4498582889728
4498626600000
4499109930240
4499192235447
4499386085376
4499725502295
4500000000000
4500237925850
4500276400224
4501374160500
4501753578000
4501933129728
4502166241300
4502872010448
4503041336115
4503298423932
4503950343750
4504595742720
4504749763200
4505375714400
4505406528000
4505464512640
4506297488000
4508349688125
4508756494125
4508789980068
4509529700130
4510080000000
4510429049088
4510493245440
4510634375808
4510884494025
4511015954900
4511103236640
4513818750000
4513937428000
4514120755200
4514206150125
4514411520000
4514725488000
4514792791600
4514807808000
4515072573440
4515211825146
4515243274500
4515586270650
4516329655440
4516461379584
4517275045500
4517440729200
4517893224000
4518410895360
4518872478720
4518881086752
4519472630400
4519603984000
4519872896000
4521015000000
4521125000000
4521355743996
4522028893200
4522162792680
4522216981275
4522276028088
4522700774592
4522929802560
4523625792000
4523907200000
4524513021600
4524570624000
4524761375550
4525062796800
4525071311520
4525121700000
4525616253600
4525885000000
4526011619136
4526426438604
4526590839120
4526610000000
4527017164800
4527344671344
4528112359680
4528818757890
4529033053272
4529968934400
4530124800000
4531193301888
4532251609600
4532385409344
4532516625000
4532517138240
4532742957600
4533728068554
4534156984320
4534168930200
4534588711242
4534599773088
4534870118240
4535165243700
4535451648000
4535551541248
4535863312500
4535931966480
4535967235072
4536022500000
4536233670150
4536454545000
4536559206400
4536697651200
4536852768000
4537001605500
4537494288000
4537810414800
4537858713696
4538081498958
4539545550848
4539648847500
4540429687500
4540686718750
4541175802800
4541176872960
4541954601600
4542026504004
4542088466432
4542197959296
4543088045760
4543120691200
4543671169152
4544590950900
4544826546078
4545121517568
4545175781250
4545424000000
4547467980000
4547674009008
4547812500000
4547951817500
4548019218750
4548339250000
4548368000000
4548866688000
4549035057840
4549152695841
4549833216000
4550855400000
4551365220696
4551749494200
4551776582625
4551868535040
4552535812608
4552605729000
4552823825550
4553109622464
4554285465600
4554333313200
4554339037300
4555118592000
4555210701312
4555347500000
4555495790080
4555522944000
4556217088800
4556250000000
4556445898095
4556669936000
4557134131200
4558148437500
4558845675582
4561080473664
4561505894400
4562722569600
4562929098000
4563075289500
4563192558600
4563362119680
4564393242795
4564972339200
4566633500000
4566832607232
4567466990450
4567597056000
4567715712000
4567755823488
4568805015552
4568873247380
4568961600000
4568996170625
4570275446784
4570477700096
4570804912128
4570985537664
4571404479096
4572450570240
4572550611072
4573963883520
4574395565460
4574411212500
4574661134112
4574980051200
4575049196256
4575172267008
4575323750400
4575359447586
4575794087592
4575807085824
4575966038280
4576070759130
4576199846400
4576662000000
4577012212500
4577897688000
4578011300646
4579563913128
4579732265472
4580590581000
4580824590000
4580947112808
4581700086600
4581807546150
4582055831936
4582311750000
4582361322000
4583175760800
4584229879808
4584259929600
4584293018400
4584980597472
4586475675600
4586692839190
4587291636480
4587841827360
4588128085248
4588239704706
4588425707775
4588632180000
4589100360000
4589150005440
4589212453000
4589689366080
4590193698000
4590259632000
4590424586880
4590878906250
4591012485150
4591210291200
4591263680460
4591817538000
4592268919875
4592631116061
4593123295488
4593237884928
4593247991200
4593900552192
4594750875000
4594851705114
4595028592941
4595122168000
4595577386400
4595600000000
4595688900000
4595766903000
4596157800000
4596730550685
4596793344000
4596937371648
4597165445760
4597181734600
4597280468352
4597344138240
4597511975343
4597723468800
4597760000000
4598332617690
4598452684800
4598615220043
4598826858945
4599409651200
4599432530784
4599605304000
4599876646332
4600026868500
4601113826400
4601289062500
4601822314496
4601859375000
4602241800000
4602325000000
4602609008640
4602996981760
4603264250000
4604377388611
4604909680800
4605084554070
4605646115385
4605785197650
4606167512500
4606419534080
4607151993600
4607818488000
4607856399888
4608000000000
4608782269000
4608810738000
4608866304000
4608951605000
4609407140352
4610538046800
4611197742228
4611615670272
4611793349504
4612311396000
4612439487456
4612568574240
4612608000000
4612980736000
4613169802410
4613203125000
4613628310200
4614073796475
4614507123750
4615474500000
4616413401600
4616966649984
4617000000000
4617388572552
4618163458944
4618281226240
4618745660970
4620994997760
4621243630500
4621460773248
4622373216000
4622458552320
4622951888100
4623163195392
4624365635000
4624469018100
4625718739200
4625992092365
4626675411800
4629441842256
4629606202368
4629934968750
4630441824450
4630483533312
4631370534000
4631445000000
4631491200000
4632108955328
4632696140800
4632779380775
4633701446880
4634299612800
4635216862497
4636433205720
4636814218400
4636848240000
4638189366720
4638437038400
4640000000000
4640035400000
4640433687500
4640444239536
4640651600832
4641048960345
4641223475200
4641484800000
4641503906250
4641596681130
4642035038550
4644524364480
4645406891200
4645664887500
4645889644032
4647247734375
4647341430576
4647425983200
4647966072932
4648337280000
4648588360000
4648600419840
4649348768064
4649565312000
4649663200000
4649768976384
4651055484075
4651130595904
4651138278150
4651219264860
4652033917986
4652070312500
4652398296000
4652547354000
4652588808000
4653223513536
4653756561024
4655706988860
4655904645546
4656466570000
4656839040000
4656997800000
4657840888500
4659026853888
4659929515296
4660075929600
4660086435840
4660753768704
4660783273926
4660880000000
4661019220608
4661044813920
4662660672000
4663158500000
4663220142240
4663423630278
4663598284800
4663751620500
4664396250000
4664533910400
4666030014464
4666073237640
4666654720000
4667709957120
4668881817600
4670156250000
4670292135600
4670420625000
4670490132000
4671162675375
4672123667575
4672197158400
4672211544000
4672589096448
4672696947840
4672878336000
4672959984000
4673064960000
4674213236736
4674308783858
4674712500000
4675325602500
4675699366254
4676416011648
4676443875000
4676444043264
4677155683200
4677290754048
4677308556480
4677323023296
4677340889088
4677716211168
4677782814720
4678291800000
4678326681600
4678394839300
4678652078720
4678892899200
4679203254880
4679434240000
4679449200000
4680247442884
4680379746000
4681161142875
4681800000000
4682022912000
4682105749728
4682790403200
4682869850000
4683900812500
4684197081600
4684783180000
4685073776640
4685137639325
4685522688000
4685851067904
4686137143424
4686595200000
4686802585920
4686860505600
4687313641920
4687560000000
4687607772900
4688266213800
4688312980608
4688438668200
4688736000000
4688813364144
4689106753890
4690501509645
4690604842560
4690764000000
4691167488000
4691822563512
4691918649600
4692176140500
4693045500000
4693177221120
4693298500800
4693793832000
4695613000000
4695934960640
4696195218750
4696417501380
4696473600000
4696546738176
4697848554624
4697878131288
4698284025600
4698396632538
4698430464000
4698538805520
4698760809600
4699113291776
4699957500000
4700333663298
4700425180500
4701776625000
4702091378688
4702303353015
4702483373952
4703474477340
4703836250000
4704000000000
4704552000000
4704884352000
4705467187500
4705606434816
4705990548480
4706707925088
4707783990000
4708017395712
4708531976778
4709466435492
4709551317750
4709637097984
4709880152064
4709945180160
4709995831296
4710427513344
4710661075575
4711325368320
4711721637168
4712438250000
4712695603200
4712719974400
4713153455192
4713787951488
4714174087168
4714212344400
4714950000000
4715198790750
4715554725000
4715718134400
4716007434000
4716798885000
4717301226750
4717900382208
4717900839600
4717974159360
4718146400352
4718261303712
4718592000000
4719374499840
4720147660800
4721015857266
4721125500000
4721654395620
4721806203264
4722808250000
4723275375000
4723920000000
4723966656000
4724125005600
4724438027400
4725168000000
4725199395000
4725255294720
4725374976000
4725875726208
4726411372800
4726587479040
4726949468850
4726968750000
4727638629000
4727812500000
4728969017955
4729088000000
4729403027700
4729825529856
4730252083200
4730614188300
4730737738272
4731403739040
4731872371200
4732153477632
4732191268992
4732335715968
4732425880000
4733092821600
4733204168704
4734552847725
4734976000000
4735350410240
4735595779200
4735764245250
4737112657920
4737135229704
4737897964800
4738319048750
4739212500000
4739221525311
4739600000000
4740322500000
4740377134500
4740750000000
4742523426816
4742822523400
4742864887500
4743138797775
4743175864320
4743199752192
4743576624780
4744035632340
4744257233760
4744376000000
4745257344000
4745446261920
4745490750000
4745900990250
4746142107000
4746412157760
4749537120000
4749695483904
4750242377706
4750304077350
4750815719104
4751125493400
4751360000000
4751756017450
4753125000000
4753552781250
4753948672000
4753960608672
4754144100888
4754452450176
4754453176250
4754634147648
4754788140312
4754918778506
4755855000000
4756340736000
4756686469920
4757160844800
4758408395136
4760300482560
4760542347264
4761255116800
4762011648000
4763837707200
4764137880240
4764208490496
4765050180000
4765114957824
4766231597400
4766461984375
4766482716030
4766631289875
4766824361376
4767451171875
4767664739136
4767795302400
4767948057600
4768765747200
4769279377408
4769337641152
4769629069824
4769824218750
4770242448048
4770398234000
4770616500000
4770738000000
4772024717850
4772345335320
4772470757184
4772523188160
4773241406250
4773996416700
4774141326240
4774236336000
4775305227500
4775322093750
4775366098944
4776231548466
4776272578125
4776333781968
4776369834600
4777574400000
4777744269312
4777888781250
4778416242688
4779113906250
4779337500000
4779489361920
4779490625000
4779597579120
4779744320336
4780312875000
4780826668800
4780859521536
4781055812400
4781506560000
4782510720000
4783589516160
4783665807360
4784503432800
4785196204032
4785253172784
4786043125500
4786190281872
4786496975897
4786905600000
4787061095700
4787080357500
4787137810000
4787608401198
4787814793216
4788174547296
4788219460500
4788223343750
4788490518994
4788678528000
4789041836202
4789085368320
4789090406672
4789660336128
4790025355500
4790175000000
4790570803200
4791255525000
4792399073280
4792476582400
4793215170816
4793425000000
4793495191552
4794879398400
4794963316000
4795258726400
4798099873224
4798173442608
4798977933312
4799011465000
4799087408700
4799838643200
4800202560000
4800856187610
4801265664000
4801302120177
4801581504000
4802000000000
4802069619396
4802710817664
4802765820228
4802902776000
4802917064400
4803046248000
4803695312500
4804410996000
4804764340194
4804788367872
4805047517270
4805862823125
4806778890375
4807036416000
4807288848384
4807300546875
4807475400000
4807501171200
4807985212800
4808237500000
4808303791200
4808467269450
4808598750000
4808982080000
4809188966400
4809340260400
4810165013472
4812079104000
4812114879781
4812504300045
4813216970000
4814174736000
4814739464976
4814777214000
4814876455200
4815625000000
4815645171120
4815736934400
4815891225600
4816102500000
4816184062500
4816625355360
4817541795840
4817559431808
4818651827616
4820052787200
4820094156800
4820406066000
4820682547200
4820770805760
4821423565725
4822052231360
4822335000000
4823241598980
4824031465440
4824062298432
4824193883600
4824291753450
4824306664320
4824376867926
4824537032952
4824649720800
4825478589750
4825572736000
4825887539200
4825890000000
4826183512500
4826582513280
4826809000000
4827456000000
4827650617224
4827701531250
4828336128000
4828528652430
4829294949440
4831491483000
4831838208000
4831911936000
4831945272000
4833038441088
4833099140625
4833572389200
4833689696512
4833783578624
4834308679200
4835007702720
4835216806000
4835256075936
4835376000000
4835833443936
4836335910912
4837082765625
4837294080000
4837449811896
4837760651250
4838604180480
4839710400000
4840177305600
4840185294000
4841013340800
4841058895200
4841276211200
4842011824650
4842292104000
4842756112500
4843002150000
4843071633400
4843125000000
4843384385112
4844160000000
4844309725710
4844385000000
4844460441600
4845577464000
4845960582144
4846403493750
4846464000000
4846526430000
4846646181888
4846913715168
4847107826600
4847563680960
4849435979388
4850301685320
4850408062500
4850712576000
4851172480000
4852038705920
4852185228800
4852224000000
4852515600000
4852964751426
4853052753120
4853823717600
4853833468704
4853892360240
4854648967168
4855032000000
4855199460480
4855431168000
4855583916750
4855917662208
4856051250000
4856769249280
4857115648320
4857135192000
4857237450000
4857365157216
4858333102350
4859700509304
4860256959918
4861555200000
4863084326100
4863442010112
4863626689950
4863757873500
4863778358400
4864106742784
4864597917696
4865021484375
4865129744256
4865530632872
4865559265305
4865689600000
4866801287040
4867008277950
4869457013655
4869666230520
4870678908375
4871050425000
4871096893440
4871926926960
4871953125000
4872460358304
4872992440320
4873997363760
4874613427968
4874924250000
4875052422240
4875318051750
4876833172302
4877269591392
4877420211216
4877617898120
4877903480625
4878160934400
4878218770880
4878573292593
4878787320225
4879042875474
4879139328000
4879324681920
4881030440832
4881171750000
4881172302720
4881462727680
4881884765625
4882146360000
4882301700192
4882531500000
4882825000000
4883090867200
4883330110560
4883407536128
4883449415922
4883571699840
4883863508160
4883904112500
4883966094672
4884180587650
4885515855360
4885633552800
4885819776000
4885855977600
4885892395200
4887735152976
4887813780000
4888682784000
4888683914400
4888832000000
4889673728000
4889912552960
4889970312500
4890625000000
4891418842464
4892454000000
4892534784000
4893054566400
4894041600000
4894198400000
4894320754960
4895306573220
4896920448000
4897290977280
4897457510400
4897760256000
4897933370460
4898287779840
4898420181200
4899087518598
4899260246400
4899365234375
4900184246664
4900358630700
4900908160512
4901095454976
4901549304960
4901781012480
4901791334400
4901867183616
4902737725600
4902820755300
4902963250500
4903136727552
4903606812672
4903941656250
4905089336000
4908201698400
4909815000000
4909835579670
4910084193456
4910294390400
4910767092000
4911104000000
4911265418400
4911679629612
4911812136000
4912090191008
4912701289600
4912776023040
4912993182240
4913208881100
4913400375000
4914714704900
4914923832000
4915711152000
4915889453736
4916081507328
4916997833088
4917011174784
4917600000000
4918379442438
4918679978256
4919299654500
4919483732800
4919528079360
4919607119700
4919775300000
4920124809600
4920143155200
4920714455904
4921203530880
4921855100928
4921889882112
4922572500000
4922996972400
4923934961634
4924968007232
4925911137280
4927466041344
4927851810700
4927963425840
4927988560748
4928215219200
4929935400000
4930331867136
4930679239200
4931020800000
4931058420288
4931061952050
4931127481280
4931593632000
4931964180000
4932265000000
4932303667200
4932501504000
4932535424336
4932924539400
4933351987200
4933722050400
4934515864275
4935836250000
4935860803125
4935901846200
4936110300000
4936882816656
4937397192000
4937687680000
4938071040000
4938602905600
4938772500000
4939986268800
4940226200000
4941290075904
4941349650432
4941556360000
4941803520000
4941867785400
4942144948608
4942522368000
4943173189500
4943375608500
4943590574208
4943646180000
4944023437500
4944129503040
4944855235824
4946688000000
4946814600000
4946954471550
4946961600000
4946998403646
4947012225000
4947097792000
4947402240000
4947747065019
4947802324992
4947911958528
4948248614400
4948352149842
4948822530288
4948896690000
4948939362744
4949010358272
4949287434000
4949668531500
4950028125000
4950263808000
4950496409040
4951036459872
4951687356000
4952095948800
4952332921896
4952359636992
4953235033152
4953312000000
4953389137920
4953866906880
4954598461440
4954619876544
4954742187500
4955499764397
4956228388800
4956349449240
4956507450000
4956585984000
4957200000000
4957329584790
4957365338112
4957440619950
4957948170000
4958507114496
4958982259200
4959234201600
4959375000000
4959650433465
4960707830496
4961045667456
4961214163360
4961542569984
4961565147136
4962731941440
4964536811520
4964544000000
4964625914976
4964778614970
4965080376256
4965541346304
4966266816000
4966317436600
4966375839165
4966882031250
4967573728320
4968191698704
4969005069600
4969137920000
4969640341260
4969682546400
4970080518750
4970121707250
4970438983680
4970507994144
4970588405760
4971036672000
4971067833640
4971193057625
4971258495000
4971323705400
4971559227453
4971961516032
4972596480000
4973286191544
4973641173450
4973773455360
4975290777600
4975736283000
4976007708672
4976579446992
4976640000000
4976680655232
4976881000000
4977452531250
4977484850520
4977498093750
4979392512000
4979805928416
4979963649570
4980229231250
4980488062464
4980644592000
4980906720000
4981700633679
4981721488128
4981782000000
4981993516577
4982019194880
4982697574400
4982718575016
4982905746000
4983145044066
4983264028125
4983362440875
4983692313600
4983717375000
4983857742500
4983973576704
4986138960000
4986360000000
4986389116800
4986861296850
4987274760864
4987485026496
4987572682752
4989620072448
4989640500000
4990443343872
4990504000500
4990891171875
4991167298880
4991402207232
4991679000000
4991684765625
4992163073280
4992660860000
4993352000000
4994314885800
4994561250000
4994973164160
4995149131104
4995210789000
4995495011520
4996908845000
4997020392000
4997396850336
4997892243456
4997916118125
4998082467000
4999314420100
4999317872640
4999796928000
5000164134000
5000563975968
5000620500000
5000841216000
5001117811200
5001713870816
5002010496000
5002988187600
5003664915480
5004073154080
5004435571200
5005121310720
5005278023680
5005397196800
5005895301792
5005935378432
5007083404500
5007239078400
5007813720000
5008148325440
5008187982705
5008850615925
5009512001472
5010174000000
5010588555700
5011200000000
5011238232000
5011659161600
5011845276416
5013490108977
5014070488875
5016375000000
5016739342896
5017157334000
5017318078500
5017350227400
5017698900000
5018047250544
5018693222400
5019220061856
5020204262400
5020374742656
5020488281250
5020489748736
5020583750640
5020681273344
5020969537440
5021302915200
5021636256000
5021746857456
5022500000000
5022545357520
5023229340402
5023265625000
5023728604440
5024124913500
5024751142320
5025347831250
5025477558400
5025583411200
5025715716096
5027400000000
5027612156280
5027665500000
5028096161250
5028345151200
5028600000000
5029557624000
5029583222048
5029683750000
5029695627264
5030694115200
5031857811456
5031953694720
5032951147008
5033535050700
5034016587600
5034126892500
5034619883124
5034879907200
5035687456800
5036986214400
5037137202175
5038129325632
5038853156946
5039804567168
5039988300765
5040259633500
5040611596800
5040819978240
5041357421875
5041539059760
5041612800000
5041663593750
5041664409600
5042241613824
5042601083520
5043159014400
5043198560400
5044054275000
5045120633088
5045362123109
5045586019936
5045988467520
5046281856000
5046383190000
5047142100000
5048205760000
5048253849600
5048672493888
5048902076400
5049012528000
5049807273420
5049895201848
5050293300000
5052555144000
5052998550600
5053805136000
5054061540528
5054183052786
5054296320000
5054321462400
5056584744960
5057154044800
5057499438000
5057499807630
5057526988800
5057901763200
5058041695200
5058165879459
5058760163328
5059335937500
5059565834400
5059848192000
5059863244800
5060441949696
5060905750944
5061115904000
5061522816000
5061809346048
5062100158500
5062176413184
5062463432000
5062562000000
5063483224800
5063604129225
5063656608000
5063659660800
5063823360000
5064063992064
5064795340800
5064883019028
5064992029760
5065228000000
5065384083980
5065538150400
5065593009477
5066218726400
5066813606400
5067610134048
5067730886688
5068070332416
5068582344000
5068600336800
5068780031250
5069056844800
5069297338560
5070330773820
5071548047550
5072191488000
5072568990125
5072974811136
5073019619850
5073840000000
5074146747648
5074304901120
5074676768000
5074691845248
5075818496000
5075958508236
5076093750000
5076844063200
5076923718750
5078046093750
5078125000000
5078214000000
5079141890550
5079260277000
5080825516032
5080913787250
5081993602560
5082436800000
5082617508864
5082667600000
5082947251200
5083731656658
5083734845304
5084406709200
5084420391072
5084554482000
5084857008000
5085281250000
5085441597600
5085569125000
5086265625000
5088944009952
5089224358400
5089232200000
5089270435200
5089689581312
5089966336000
5090501691008
5090897273500
5091938795520
5091990420000
5092261232640
5092902855040
5092905391200
5093033203125
5093591343750
5094068616000
5094139960000
5094753178752
5095179580400
5096911392000
5096973211200
5098044116340
5099081203125
5099378256000
5100076526292
5100326977536
5101016736816
5101270703136
5101344768000
5101833600000
5102008303392
5102356742144
5102460076032
5102495483904
5102841369600
5102862364800
5102963139456
5103000000000
5103025312500
5103181440000
5103470328320
5103629107200
5103742193550
5104655354880
5104682515840
5104800093750
5105390783460
5106052972800
5106369340800
5106408019048
5106838523904
5108694645600
5109360379200
5109947580320
5110276096512
5110672560000
5111012481575
5111059242900
5112415810656
5112966796875
5113693876200
5113937920000
5114459750400
5115474220320
5115700789875
5115806233650
5116181450000
5116341191346
5116596685200
5116601562500
5116881656250
5116914000000
5117384572650
5117908578552
5118282769600
5119475400000
5120718750000
5121350041600
5122058747904
5122248325272
5122382678784
5122457600000
5122573904283
5122734400000
5123249331200
5123340558000
5123584627200
5123619059328
5123850700800
5123854868000
5123991833712
5124300819456
5124520371600
5124579799248
5124932763840
5124965883128
5125328000000
5125573069470
5125987109568
5126190328350
5126253678000
5126814843750
5126927181138
5127253406208
5127284598800
5127769963008
5127842322540
5128484562500
5128549171200
5129136787104
5129366860800
5129532590688
5129546460480
5130109845504
5131616220000
5132116566180
5132420055360
5132722795200
5133122343750
5133295235250
5133375000000
5133828096000
5134264565760
5134410125000
5134546796544
5134822308000
5135795302544
5136768000000
5137733712384
5139168688184
5139184560000
5139526625000
5139586223200
5140721540864
5141199024000
5141548215090
5141564423125
5141874490704
5142155526144
5142972579840
5144132530225
5144577202800
5144944723776
5145039412128
5145331880000
5145865611264
5145869908368
5145948789107
5146332955560
5146406496000
5146406619552
5147127496305
5147239219200
5147829417600
5147961793065
5148029250000
5148247500000
5148583783200
5148770469120
5149218926592
5149301861088
5149482024960
5149640255616
5150430562592
5150739529728
5150970000000
5152030092720
5152511498832
5153399378640
5153565501909
5153980416000
5154933270784
5155241328640
5155291125040
5155296564600
5155405282300
5155446805600
5155525873008
5156175242880
5156178660864
5156557005600
5156586328125
5156830946304
5156865378432
5157329645700
5159763190400
5159858648868
5160278028000
5161399752600
5161560468750
5161691381760
5161849875000
5162467737600
5162600052000
5162864009625
5164027084800
5164475534820
5164845958272
5165111577600
5165261696000
5165323084800
5165871876000
5166000000000
5167263707424
5168247978600
5168299500000
5168926575540
5169389737080
5169497060000
5170040779930
5170050000000
5170510144800
5170741760000
5170865651712
5171750965920
5171776509375
5171829451425
5171868000000
5172022800000
5172034830336
5172480000000
5172763594752
5172849864000
5172938437500
5173058786976
5173935000000
5174555967000
5175000000000
5175201021375
5175527385600
5175579422250
5175599431680
5175715708800
5175792866160
5176037775168
5176550632500
5176739224800
5177091796875
5178469750272
5178560381280
5178814860800
5178879424512
5179730558976
5180019000000
5180506449525
5180944547322
5181443461800
5181646698150
5181668572560
5181819236352
5181845432400
5182221975840
5182562616000
5182734375000
5183045992800
5183078400000
5183962554368
5184218764800
5184880052625
5184974592000
5185334956032
5185366917120
5185697218560
5185711915776
5186160000000
5187134998080
5187289947840
5188001562500
5188100090625
5188101568650
5189356250000
5190228320256
5190331848975
5190480629851
5190526818750
5190552400033
5190882641280
5191221976200
5191599329280
5191718400000
5191845703125
5192968750000
5193302141250
5193497966800
5193594683118
5194310645888
5194517838174
5194807201500
5195423744000
5195655266256
5196972656250
5197659220000
5197736250000
5198062400432
5198509444128
5198612899200
5199105280000
5199381532800
5200215802145
5201042680275
5201083440000
5201162523648
5201499494016
5202683657600
5202977976000
5203303500150
5203558400000
5203978164000
5204561044480
5205621719100
5207328000000
5207366740680
5207413920912
5207622784000
5207923468800
5208218774528
5209274871528
5209298640000
5209376298000
5209561335888
5210291850750
5210853036480
5211122574744
5211618554880
5211657419500
5212150953625
5212890000000
5213078808064
5213652480000
5215718368000
5216395413680
5217998095548
5218241668200
5218304000000
5218656780480
5219128442880
5219237265408
5219947237050
5220210442500
5220808785920
5221376409600
5221670400000
5222034150480
5222305460736
5222400000000
5222512839908
5223516375000
5223777042432
5224023116928
5224334176800
5224745030400
5224781503350
5226082752600
5226887232000
5227132552650
5228437500000
5229521088000
5229643238127
5229675472320
5230176601500
5230673832960
5230871100000
5231510662752
5231558348100
5231935800000
5232006561978
5232113703945
5232397500000
5232443728806
5232600000000
5232743793225
5232834797500
5233050629625
5233328701440
5233449527306
5234115773250
5234154799104
5234491392000
5234960664000
5235279091200
5235678000000
5236155468544
5236228670400
5237422740000
5238056362500
5238191125440
5238477608832
5238524891250
5238748402767
5239266278400
5239818234000
5240231245872
5240282460049
5240377933824
5240599649135
5240716848000
5240756139840
5240812500000
5241404754432
5241870018840
5242062336000
5242092970400
5242342809600
5242619013120
5242880000000
5242994786304
5243702519664
5243758789500
5244814232000
5246282661800
5246293160000
5246477770500
5246718750000
5246871411600
5246999750538
5247505406880
5247572432256
5247732352000
5248165478400
5248548864000
5248736718750
5249283766272
5249579868852
5251885242912
5252305032000
5253341681664
5254107586560
5254223203125
5254299400392
5254608734375
5254620683004
5254944768000
5255299268037
5256357156630
5256468172800
5256494320896
5256576000000
5256913365405
5257152438720
5257910283500
5259750436512
5260546875000
5260564108800
5260957392600
5261263280000
5261265900000
5262145586984
5262168412800
5262558360192
5262975959040
5263276032000
5263427633152
5263483588560
5264736012900
5264918190000
5264961969280
5265503617500
5265801694790
5266289165625
5266706006016
5267267202626
5267275776000
5267783820250
5268228581250
5268595346784
5269532322384
5269618057536
5269906880000
5270154219750
5270478890625
5272446915736
5272561254400
5272718068800
5272887001200
5273505000000
5274119628050
5274214081920
5274915034662
5274997000000
5275039334400
5275410471408
5275842000000
5275940404644
5275972406250
5276484237024
5276615962464
5276685358080
5276748536784
5276919343500
5277150279700
5278297664640
5279953232529
5280847626240
5280941806371
5281421292000
5281431293952
5281689600000
5282430688080
5282564625000
5282593505280
5282596487168
5283350872800
5283373586400
5283937566720
5284864166400
5285552268997
5285564928000
5285734272000
5286315750000
5286502453248
5287482200000
5287818223776
5287936062500
5288827718656
5288991890000
5290009378560
5290293795696
5291105133600
5291307249336
5291419893760
5291859139920
5292000000000
5292223322400
5293143375000
5293564989440
5294183405112
5294956743648
5295046415724
5295763855968
5295878612640
5296256988750
5296947801600
5297281610400
5297496482880
5297659494400
5299104499200
5300039970225
5300569497600
5300787847680
5300793344000
5301051850752
5301493031250
5301639131120
5302705078125
5303278537500
5303776514400
5303992320000
5304055954680
5304166651872
5304346040304
5304440463000
5304554386560
5304568500000
5305565758878
5305717392768
5306094484665
5306317006500
5306360617467
5308117738560
5308250850000
5308390415328
5308481011712
5308635136000
5308950805632
5309603392896
5310370606464
5310915000000
5311660536000
5311961226208
5312315453508
5313329006400
5313357324000
5313900800000
5314320987742
5314904279496
5315399107200
5315679159840
5316247552000
5316950016000
5317212794400
5317941392640
5319095500800
5320191520800
5320862518400
5321157595780
5321250000000
5321370600000
5321676080000
5322813328800
5323232364800
5323309875000
5323617250000
5324534935200
5324893323264
5326521314400
5326630848000
5327269211520
5328823500000
5329277133417
5330000000000
5330001852000
5330214720000
5330432488500
5330678629356
5330734241378
5330761901568
5330773993896
5332303872000
5332365304992
5332605730816
5333305225612
5334270358032
5335185170304
5335675338825
5336203017600
5336214000000
5336406250000
5336469734400
5336644500000
5337242576512
5337494880256
5338324845000
5338471629000
5338600488000
5338627044660
5338653742080
5339281596264
5339569905800
5339847581250
5340432384000
5341451715054
5342067181552
5342423040000
5342559768000
5342865615360
5343229260000
5343348584718
5344517697750
5344808425200
5344993500000
5345016180075
5345280000000
5345514670125
5346220456080
5346604972800
5346826171875
5348213270400
5348642624325
5349703687328
5349988310400
5350170252000
5350204716480
5350603862016
5350752691200
5350883328000
5351121562500
5351187152896
5351208315036
5351724380160
5352726659904
5353118787456
5353272770560
5353690100850
5353986860334
5354600878080
5354808750000
5354942531220
5355700839936
5355720000000
5356297356800
5356412006400
5356632030192
5357502259200
5358643844736
5359082405888
5359183036416
5359391957920
5360293802501
5360542687500
5360599719936
5360863680000
5361076227870
5361110377875
5361334272000
5361551769600
5361782139375
5364037687500
5364255124224
5364464329728
5365504846296
5366004619248
5366689149120
5366698013250
5367626035200
5368835937500
5368888502235
5369104054080
5369247421200
5369609000448
5369758634880
5370360996000
5370399719424
5370634489500
5370762638952
5371089092096
5371290928640
5371380000000
5371494137856
5372393236992
5373953280000
5374169301150
5374673200000
5374687500000
5374771200000
5375289612500
5375344000000
5375392743424
5375987520816
5376407400000
5377138166400
5377708387500
5377743912960
5377851984375
5378360352768
5379267112128
5379913728000
5380085888640
5380324560000
5381074944000
5381538205680
5381632896288
5381804750000
5382393915600
5382400000000
5382566361900
5383081396000
5383369687500
5383489456800
5383612657800
5383661938200
5384464067106
5384780976125
5385268800000
5385460276224
5385530036250
5386461091648
5386875000000
5387171328000
5387726707506
5387813012400
5388152910624
5388262199320
5388798618000
5389205400000
5390162465625
5390287257600
5390540534288
5391201402000
5391875704320
5392002255885
5392073728800
5392116843750
5392183057140
5392275254730
5392661629824
5393860076664
5395853736000
5396097011712
5396625000000
5396795164800
5398147891500
5398432000000
5398887898125
5399000006400
5399027156250
5399347200000
5399638398000
5400285511020
5400613981728
5401034226900
5401183518720
5402171335680
5402212754400
5402250000000
5403015576000
5403967650000
5403974828032
5404071628800
5404536020520
5404562030592
5405325534000
5405405453784
5405828972544
5406162944000
5407309212500
5407447604400
5407641643950
5407652250000
5407712755200
5408089232000
5408419787136
5408438817600
5409169735680
5409501914250
5409651250720
5410169266320
5410507792950
5412096000000
5412137290560
5412591894528
5412836298042
5412979353600
5413784546250
5415468354000
5417106187500
5417262978336
5417338875000
5417350107120
5417573868000
5417578125000
5417685000000
5418611758560
5418703524780
5419097413632
5419662576768
5419685491200
5420636991770
5420684531250
5421354430464
5421820603392
5422605926400
5423257701504
5423367156480
5423378718366
5423418000000
5423886846000
5424162408000
5424691544064
5425403118048
5427630084096
5427639551488
5427988060950
5428252682025
5429345998221
5429351312000
5429623704960
5430160125000
5431922233920
5432336000000
5432573952000
5433149644416
5433150870000
5433668614656
5433673190400
5433752384775
5434043588928
5434053433344
5434780663312
5435350970238
5435427918375
5436515523600
5437068350544
5437179047872
5437900908576
5437913724096
5438517280768
5438553042960
5438863894464
5439108074400
5439621617760
5439945111552
5440070303668
5441434419200
5443731210240
5443738140672
5444032301568
5445453511680
5445750169024
5446074421328
5446633651200
5447261892744
5447408818320
5447578617000
5447929697280
5447974604800
5448192890625
5448455587575
5448824062500
5448997433250
5449083494400
5449420800000
5449680000000
5449878200000
5450913468000
5451378732800
5451384064000
5451705654912
5451796525760
5452062220800
5452996304925
5453061213600
5453661113550
5456024064000
5456492826624
5456759555520
5458109546880
5458279219200
5458362868224
5458400986500
5458543544160
5458842069408
5459346164160
5460279164928
5460281269625
5461726368384
5462099393040
5462275000000
5462397233280
5462549933022
5463251898300
5463450935712
5464331101152
5465577335400
5465807880192
5466005176320
5466444641280
5467392000000
5467460506560
5467547552896
5467566960000
5468003923200
5468561882784
5468749136640
5468909657575
5468941670400
5469401168000
5470282258168
5470568623440
5470948980000
5471150800896
5471158540848
5471307129600
5471782966125
5471956302560
5472199482624
5473968271200
5475233335572
5475976562500
5476123762200
5476222462500
5477271891354
5477662230950
5477866925440
5477881500000
5477966807040
5478310978875
5478374509335
5478634749952
5479548480000
5480650909440
5480947265625
5481027187500
5481875798352
5481883975680
5482647896856
5482795404750
5484152255400
5484726000000
5484988126800
5485519911300
5486317574400
5486660156250
5487320135385
5487386890230
5487504506496
5488240050000
5489031744000
5489777026944
5490006294528
5490284028768
5490368088480
5490832290944
5491159245936
5492414655000
5492572160000
5492678143680
5493178125000
5493477225600
5494708529856
5495265277200
5496324537600
5496587974800
5496842736000
5497163642880
5497545733218
5497554240000
5498169055380
5498774100000
5499101275200
5499529717248
5499752509125
5500031250000
5500240200000
5500337822496
5501151622080
5501953125000
5502362714112
5502446059149
5502926848000
5503032259200
5504296563200
5505034752000
5505973200000
5506110849330
5506216884350
5506578906250
5506986367350
5508090882000
5508143983100
5508163544832
5509228397400
5509452349440
5509818910512
5509980288000
5510722703850
5510786420736
5511435955200
5512549542552
5512746615552
5513062500000
5513570622560
5513680000000
5513756609088
5513940992000
5514015719552
5514796875000
5514832674000
5515786773000
5515965000000
5516008243200
5516194226176
5516267427216
5516420683300
5517594482400
5518202974245
5518225503000
5518546329600
5518592230734
5518864000000
5518968000000
5519140716544
5519526364800
5519573460000
5519899912500
5520137728000
5520590235648
5521113944500
5521704552000
5522724765696
5523239431125
5523335018496
5523541875000
5523933511680
5524009779200
5524914150000
5524982951488
5525475966000
5526023997312
5526101464884
5526657767988
5526775338462
5527703440896
5528164099500
5529364750000
5529427201350
5529691238400
5529833349120
5529925582848
5530456092672
5530875000000
5531179666320
5531543892864
5532254208000
5532553152000
5532877290969
5533099208000
5533397704224
5533661856320
5533763257440
5533765568016
5533840166400
5534419199400
5534568000000
5534859600000
5534939009600
5535053346816
5536353972240
5536561940000
5536636851200
5536771200000
5537467366704
5537792000000
5538432349674
5539102720000
5539535843400
5539649421033
5540287500000
5540591697920
5543201926080
5543340618816
5544045000000
5544543964050
5544852684800
5545081399968
5545211400000
5545354547200
5546580480000
5546662742400
5547305554560
5547747190050
5548042836000
5548244040000
5548441600000
5548567952000
5548613281250
5548713772608
5549064192000
5549238762000
5549861116800
5550444205740
5551134617600
5551190510838
5551857838800
5552494945920
5552663167040
5554218750000
5554342305792
5554500051100
5554898640000
5555928268800
5556119062500
5556797568000
5559575868000
5560201462500
5560291138248
5560452000000
5560698182688
5560907946875
5561116080052
5563215000000
5563492962300
5564177062080
5564717849600
5565284852400
5565332834880
5565882459384
5566298849280
5566377558000
5566490181000
5567812826112
5568331776000
5569223067135
5569395000000
5569468170240
5569834544640
5569916017356
5570247009600
5570493306624
5570761392000
5571202291200
5571713433600
5571922492378
5572365926400
5572884603392
5573100270240
5573668838400
5573828874240
5574186482500
5574194527104
5574488269440
5574653912256
5574746835000
5574797865000
5575440578400
5575632890625
5575756937400
5575824843750
5576070881250
5577149251584
5577508776576
5578320503808
5578482631680
5578949520000
5579280000000
5579296875000
5579386176000
5579595840000
5579735040000
5580295028054
5580574096500
5580675276800
5581024791272
5581255711500
5581365933780
5581675536768
5581920671600
5582217281536
5582601000000
5583056824800
5583457484800
5584001976000
5584401100800
5585112000000
5585637117978
5585784624000
5586181453125
5586254843904
5587066789200
5587107116175
5587215475569
5587849800000
5588520444360
5588672969088
5589729280000
5591040000000
5591261233152
5591328020096
5592095329275
5592150000000
5592451312845
5592739168575
5593120049664
5593632672096
5593786744832
5594022092360
5594636083680
5594946965487
5596093603100
5596214062500
5596326028800
5596480512000
5597356431744
5597724672000
5598194492800
5598956265984
5598957164112
5598991125000
5599017675000
5599030000000
5599426218750
5600125698048
5600172215170
5601251948544
5602251755520
5602518500832
5603964518400
5604504750000
5604652104480
5605558396893
5605645500000
5605720344000
5605768964250
5605844811840
5606542934016
5606653852800
5607144866376
5607424000000
5607651801600
5607722704500
5607924667800
5610441441150
5611057643520
5611058649000
5611240662480
5611422200384
5611992356250
5612017360950
5612582606085
5612995124100
5613250500000
5613287060250
5613584435550
5614073807160
5614382494464
5614501931136
5614513734375
5614767341568
5615623933920
5616236995200
5617854575424
5618302976000
5618898350208
5618960236665
5619113083584
5619432254688
5619439795200
5619443820000
5619843072000
5621341781250
5622056748000
5622071456628
5622369473448
5622533554176
5622842775375
5623228612160
5624232606720
5624658000000
5624771544000
5625000000000
5625200000000
5627122814800
5628340379025
5628590013060
5629123029915
5630744678400
5631030411408
5631746569344
5632245964800
5632552598400
5632975837440
5634276822720
5634564573750
5635701001656
5637006950400
5637269484000
5637426040224
5638896765450
5639317438464
5639680764900
5639982566400
5642219814912
5642283046400
5642764023618
5643078754950
5643079778304
5643424921875
5643810688824
5644060884000
5644117606400
5644169372808
5644199936000
5644531250000
5645038210560
5645067178839
5645303156862
5647188658176
5647283720000
5647293178800
5647882775040
5648382387648
5648452056192
5648495070240
5648590729620
5649303776886
5649340788000
5649538594050
5650312500000
5650312729680
5650490664000
5650912512000
5651153731782
5651173828125
5651694679995
5651958665600
5652703490850
5652845035110
5653074825216
5653125000000
5653250703360
5653662253200
5653704672000
5654064000000
5654077767680
5654306250000
5654554214400
5654770325568
5655797177472
5656328496000
5656339139400
5656491110400
5656509987840
5657175000000
5657514523920
5658407580672
5658663628800
5658809406250
5659834116976
5659974195840
5660655811200
5660840037888
5661589648650
5662253192400
5662310400000
5662420800036
5662909324800
5664135000000
5664399370560
5664669696000
5664847902875
5665556000000
5665771238400
5665985274744
5666138783865
5667550940160
5667711162750
5668079182848
5668432773120
5669439426560
5670334365696
5671161216000
5671867860000
5671907512128
5672753906250
5674039973056
5674188083200
5674429687500
5674561059375
5674790906400
5674873537536
5675340349440
5676050755584
5676327384000
5677088256000
5677155402611
5677181088750
5677747449120
5678543106180
5678860057200
5679588961440
5680247537664
5681401896960
5681781974232
5682164342400
5682328436736
5682420492288
5683945312500
5685225000000
5685819233094
5685982858500
5686111645200
5686555752000
5686580084736
5687044857923
5687864000000
5688802828800
5689206525870
5689617187500
5689686867750
5689786939200
5689868288000
5690568038400
5691072896640
5691387028080
5691499430400
5691724453125
5692218071856
5693713357500
5694369737600
5694507187200
5694535514304
5694717961296
5694984741600
5695271361000
5695312500000
5695460282880
5695469407584
5695515000000
5695661199360
5695837420000
5696476828416
5698381500000
5698387968000
5699370508650
5699953459200
5702155137000
5702316000000
5702333644800
5702436004608
5703714843750
5703750000000
5703844111875
5704142970240
5704437989376
5704882292304
5705154000000
5705848497888
5706016366720
5706558345600
5706601130048
5707091250000
5708070000000
5708228203125
5708410122240
5708540759040
5708593013760
5709221010000
5710480776000
5710694400000
5711772703104
5711876849664
5712111241200
5712427776996
5712773437500
5712809351472
5712844308480
5712890625000
5712894000000
5713506140160
5713552080000
5714115505875
5714507874816
5714542203426
5714844913008
5715086540800
5716688699392
5717662400000
5717679115200
5717912200000
5718001050000
5718725064000
5719742609490
5719957547850
5719984128000
5720123792250
5721023202048
5721024909600
5721265265625
5721659143200
5722778343750
5724228206592
5724707537920
5724856811520
5724882862080
5725625000000
5726201282560
5726212128000
5726522812500
5726656665600
5726912970384
5728311705600
5728665600000
5729271543450
5729702981688
5730366273000
5731832696400
5732077027950
5732651433600
5732856537408
5733325946880
5733454970880
5735388750000
5735824523520
5735944500000
5736222280000
5736263832000
5736348644832
5736392524800
5736437506800
5737069674496
5737096815912
5737312415744
5737482295776
5737614183000
5737799531250
5738158080000
5738425909920
5739012864000
5739079600575
5740875000000
5741404119360
5741547356160
5741954284500
5742984499200
5744623140864
5744709021429
5745842464320
5746094809000
5747000573952
5747080248000
5748719292234
5749090953984
5749845807915
5750162646624
5750414208000
5751661927616
5751760271712
5752157372416
5752409554944
5752440000000
5752643019552
5753161814400
5753525904000
5754310471680
5754322350000
5755176000000
5755439791521
5755710036762
5756599664640
5757791001984
5758024417600
5758068115800
5758070556672
5758456730400
5758939992000
5759766061056
5760304545088
5761223274359
5761518796800
5761560000000
5761901250000
5762189139525
5762363550944
5762529365931
5762616140421
5762772788864
5762847272000
5763655497600
5764119625728
5764131072000
5765549359320
5766057020724
5766268904352
5766503906250
5766779561886
5767035387750
5767125000000
5768439715500
5769423761202
5769774446328
5769816883200
5769964549440
5770173801600
5770649972736
5771208312480
5771446883475
5772376573272
5772393099216
5772654544800
5774659800000
5775005160054
5775062100192
5775305553360
5775458304000
5776070332032
5776209203184
5776367385600
5777085888000
5777535535200
5777543116800
5778808373975
5779216000000
5780095370000
5780457043750
5780586272625
5780761005096
5781448333500
5781524070400
5781849600000
5782500000000
5782683648000
5783097600000
5783259302696
5784510839184
5784924966912
5785012069200
5787950396800
5787968886000
5788369258875
5788437736032
5789651212800
5790136194160
5790644121600
5791694560704
5791761144000
5792740087680
5793811056000
5794250000000
5794888974336
5795541507150
5795610624000
5796199219200
5796266382144
5797736708400
5798952387018
5799877656300
5799989875680
5800019698746
5801561292800
5802107500800
5803633836000
5803869542400
5804032000000
5804647056000
5804752896000
5804868888000
5804941271976
5805206400000
5805312781500
5806758614000
5806931158600
5806966401600
5807030794240
5807362055040
5807925058500
5807992688640
5808483745792
5809305159504
5809957591165
5810750524800
5810752024000
5810919408000
5810997439104
5811453600750
5811800467200
5812079000000
5812875000000
5813171670852
5813200741376
5813262000000
5813727907680
5814211950288
5815563454215
5815832482944
5816090304000
5816306250000
5817121689600
5817305088000
5817787003392
5817825000000
5818995000000
5819040000000
5819916679200
5820249093750
5820609375000
5820803726400
5821375462875
5821875000000
5822294385600
5822446447104
5822581564800
5823033090048
5823062377600
5823436944384
5823439627104
5824245772800
5825872191744
5826274025760
5826692227200
5827246131168
5827521375000
5827522034880
5827614496704
5828325840000
5829999722820
5830926741900
5831165513700
5831294976000
5832000000000
5832113578200
5832537518080
5832591547050
5832888031152
5833058593750
5834389774752
5835061620960
5835177744000
5836558565376
5838025781250
5838655979520
5840736370560
5841113923008
5841165657600
5843272748544
5843348416386
5843390625000
5844661907040
5844851712000
5844931410240
5845063680000
5845554843750
5845939126272
5846357747776
5846676111360
5846761720800
5847366622500
5847993549125
5848315098400
5848916673600
5849608264500
5849853609600
5850309303605
5851099800000
5851221238720
5851520347828
5851638016000
5853125836800
5853141477744
5853260330496
5853360000000
5853587312500
5853757040208
5853781426176
5854475434500
5854800000000
5855007034422
5855246352000
5856963508746
5857438180000
5858503232400
5858575632000
5859142052400
5859345349872
5859375000000
5859899510400
5860476562500
5860548335250
5861016705180
5862512896587
5863699416960
5863959360000
5864294443392
5864635823718
5864713659072
5864793292800
5866925326336
5867179868160
5867895063552
5868531703125
5868783781250
5869035098784
5869816256850
5870517672096
5872015592541
5872347664110
5872457559150
5872460536800
5872656144384
5873038080000
5873184905952
5873261191200
5873947709760
5874048460800
5874379200000
5875485179200
5875555008960
5875645450752
5876055102960
5876427989376
5876455921875
5876495980992
5876749172736
5876815744800
5877520044552
5877897625600
5878104217440
5879230277040
5880095337600
5880989270016
5882030161920
5882364343296
5883384906360
5883904000000
5883947520000
5883955200000
5884729987500
5884790112000
5884992000000
5885225188128
5885538082704
5885868456000
5886915491275
5886986545440
5887273129920
5887494789120
5888227198464
5888622037500
5889463344864
5889526240500
5890514616000
5891073201104
5891441818990
5891767502400
5891939206400
5893524000000
5894265115904
5894443406250
5894776350000
5895600000000
5896153595904
5896679040000
5897103771195
5897322094125
5897908598400
5898223657620
5898240000000
5898926250000
5899551326208
5899727642211
5900416011000
5901299712000
5902079805000
5904114980400
5904504588213
5904972316800
5905444237056
5905614848000
5905710888000
5906443567104
5906499243750
5906569118400
5906953261440
5907770253792
5908014216000
5908870066176
5909688093303
5912161396064
5913422172840
5914320259500
5914329574176
5914347840000
5914911283450
5915191847040
5915336294400
5915408016198
5916097614000
5917559930880
5918115234375
5919188012800
5919320343168
5920755750000
5921419037130
5921723825550
5922372456000
5922638468964
5923077671875
5923082215440
5923113320448
5924387109375
5924555000000
5925165120000
5925403125000
5925685248000
5926380609024
5927088419252
5927290121088
5927302320000
5927618428928
5928125940000
5928154283520
5928192562500
5928509207376
5928528154250
5928851632704
5930114652000
5930530257816
5930778864640
5930975232000
5931041484375
5931502780203
5931807827400
5931836375040
5931977932800
5932677633750
5932693125000
5933976562500
5934059773200
5934181500000
5934371625000
5935439109600
5936689973760
5936984064000
5937199409152
5937479296875
5938030425600
5938554175488
5939325849600
5939535221594
5939672670000
5940250668000
5940270000000
5940688000000
5941003980800
5941164943350
5941406453760
5941786500000
5942680126110
5943160995840
5943164062500
5943485175390
5943926905280
5944066965504
5944640288256
5946120820736
5946260544000
5946305387520
5946451056000
5946545404800
5946902400000
5947024080375
5947172794464
5947315259904
5947650134608
5947704118755
5948795501748
5950070784000
5950778711040
5951232000000
5951508444700
5951568896000
5951580520158
5952350831616
5952947281920
5953478828544
5953500000000
5953572912000
5954715000000
5954774400000
5954860171008
5955056271360
5955260613120
5955600109375
5957181328500
5957422618752
5957469635040
5957910360576
5958942070536
5959121633280
5959360899261
5960340865024
5960620068480
5960804281250
5961088473984
5961716795520
5961748746240
5961831576624
5962700690947
5962803060060
5962856608800
5963776000000
5965431669150
5965930561536
5965976188900
5966578648800
5966907282000
5967495520875
5967514043280
5967683437500
5968205660160
5968330763850
5969131534375
5969733000000
5971875000000
5971968000000
5971979664000
5972763557376
5973313248000
5974363281250
5974377315840
5974834544640
5975157404160
5975429687500
5975747144640
5975938601360
5975956379484
5976636598400
5976705398400
5977520265600
5977734130368
5978012544000
5978138400000
5978711250000
5979486895200
5979710894300
5979936516750
5980629291000
5980778496000
5981445000000
5981445312500
5981514067968
5981654952000
5981864393700
5984261337600
5984467555500
5984556038118
5985133772800
5985218184120
5986188748800
5986363008340
5986647539712
5987364480000
5987568600000
5987571880500
5987876180000
5987984745600
5988345394304
5988462575616
5988775969800
5988894240056
5989069406250
5989400758656
5989998862848
5990178700800
5990306918400
5990403538944
5990708592960
5990782483840
5990973004800
5991416949700
5992453388160
5992560000000
5993177862960
5994073408000
5994801446400
5995489500000
5996250000000
5996412160000
5996424470400
5996868829056
5997755734100
5998060441600
5998556250000
5999181447168
6001341373440
6001533125712
6001958053980
6001981384000
6002587024245
6002670381750
6003457275285
6004397898576
6004443623220
6004661317200
6004694384640
6004913600448
6005267125000
6005280780576
6005780582625
6006056306328
6006424513050
6006445312500
6007016144025
6007061214000
6007208704000
6007422081024
6007616719650
6009209192448
6009825579246
6010474415688
6011132917500
6011675325500
6011719973424
6012706266840
6013440000000
6013573749287
6013990993920
6014206557216
6014946600000
6015326553600
6015659482560
6015887718750
6016118470560
6016841157600
6018425000000
6018595569000
6018888189600
6018941533500
6019215360000
6019653556224
6020324366000
6020738905088
6020781694200
6023011613346
6023820502700
6024675976942
6025622400000
6025737070080
6025963507200
6027956220000
6028150222080
6028225686720
6028474325328
6029232098175
6029646176736
6029701370784
6030671291190
6030874870272
6031153188864
6031210622400
6031881420800
6031886966784
6032647393920
6032869207200
6033023700000
6034392250000
6034877784000
6035263008768
6035910048000
6036277500000
6036971355360
6037381840896
6037427581056
6037563420000
6037965281250
6038141241600
6038323200000
6039240469353
6039349647625
6040403348850
6041662914560
6042013859700
6042112120640
6043355500000
6044791804920
6044842397520
6044970758072
6045542645760
6046050052224
6046617600000
6046812264870
6047262000000
6047985960918
6048000000000
6048365450400
6048601804800
6049137024000
6050735129600
6051266784288
6052281679872
6052865130000
6053964598080
6054019858432
6054043752900
6054230481390
6054339060000
6055247697408
6056263945728
6056339398200
6056989735212
6057509765625
6057540720000
6057758959974
6058049536000
6059768728104
6060227645088
6060234375000
6061778233920
6061794974235
6062877106650
6063066172800
6064107585536
6064412134248
6064847631360
6065048382400
6065495654400
6065573718750
6066497430000
6067365450300
6067612800000
6067767214080
6068022934350
6068100759552
6068994978816
6068999325600
6069430517760
6069881664000
6070812829952
6071217661152
6071664616992
6072658055100
6073103395584
6073185730560
6074071740000
6075061896960
6075216000000
6075482112000
6075711488000
6076125933696
6076225000000
6076539653184
6077487350116
6077967422688
6078382812720
6078460900776
6078587152176
6078673825875
6079394779744
6079776165000
6079837500000
6080043270600
6080256000000
6080256576000
6080656917419
6080910950400
6081181577856
6081204252672
6081230475392
6081587785728
6081787199488
6081860541120
6081913291090
6081915520000
6082004500000
6082247702336
6082609689728
6084100386000
6084297632952
6084369219456
6084493669800
6085857657060
6086629785600
6087082788150
6087369528320
6088613419872
6090044130000
6090264353250
6091002292608
6091430688000
6092132077125
6093481305600
6094102437500
6094406549504
6094964850975
6095205972128
6095735930880
6096093750000
6096288744000
6096775264020
6097022372650
6097252353696
6097522118688
6097613312000
6098393901600
6098449500000
6099076633104
6099679687500
6099912000000
6100153680384
6100358118400
6100431667200
6100690237200
6100942680000
6101288051040
6101465378400
6102529917120
6102682950000
6102843402656
6103068444000
6103351296000
6103688944500
6104516245776
6104880140625
6104957618340
6105125000000
6105460838400
6105488626314
6105847683600
6106643368875
6107256321552
6107929483744
6109179936768
6109602187500
6109767225000
6110552734650
6110715413376
6111800415072
6111869500000
6112352390625
6112390691200
6112508062500
6114128246226
6115295232000
6115300900800
6115697640000
6115728969504
6116322534400
6116805181440
6117652939608
6117748000000
6117900943700
6117964538400
6118035735105
6118365462528
6118842126096
6119667977377
6119986872320
6120000000000
6120025348500
6120200900016
6121171875000
6121613721600
6121694643750
6122136471264
6122200320000
6122345350176
6122627721600
6123025226500
6124164393984
6124728729600
6124846728000
6125392000000
6126369318720
6126468940152
6126833723994
6127239168000
6127307569152
6128094776832
6128525944125
6128774178912
6129508515840
6129758427975
6130121263200
6130890000000
6131032636416
6131270246400
6131769145260
6132444927840
6132807072000
6133078498876
6133168861776
6133248000000
6133369158000
6133806000000
6135812500000
6136681315968
6136737489792
6137931169792
6138720000000
6138750537920
6139211315328
6139756412928
6140112738760
6140861487180
6141000576816
6141046930200
6141096000000
6142869324800
6143007309534
6143186702016
6144861817170
6144924500000
6145057751040
6145736704000
6146254028565
6146819384832
6147627840000
6149919316608
6150000000000
6150252581200
6151504413600
6152098395300
6152162618034
6152422500000
6152905800000
6153215625000
6153215846400
6153742108800
6153746215500
6154067540439
6155327727540
6155811029376
6155955533312
6156287156250
6156917145600
6157170000000
6157665360000
6158032899984
6158501280000
6158626992000
6159722810220
6159814763375
6161907463424
6162490274850
6162573312000
6162914833920
6163396130304
6164739219600
6165233271648
6165958690800
6166258551552
6166469745072
6167319238080
6167677824000
6168060887040
6169080140496
6169795312500
6169877307750
6170150780928
6170790377088
6171015312000
6172163407872
6172588800000
6173246625000
6173922432600
6174000000000
6174270056250
6174446714880
6174463461408
6174874944000
6175093444416
6175160712000
6175179082800
6175345176000
6175885348206
6176179687500
6176612594880
6177554151678
6178966486875
6179062500000
6179666985000
6179825390625
6180487463241
6180771889152
6181039800000
6181069044780
6182326058832
6182495424000
6182976960000
6183661471650
6183913797600
6184752906240
6184984605184
6185075203125
6185551473376
6186028162860
6186536166720
6186576642048
6186958848000
6187248698400
6188646400000
6188701719200
6188795574840
6188824880000
6188837890625
6188964843750
6189612613632
6190289387520
6190379312112
6190416152370
6191449014366
6191512992000
6191860147200
6192776566080
6193122151216
6194152374800
6194219850000
6194316312576
6194955967200
6195120062400
6195436811550
6196330312500
6197210726400
6197410490880
6197775135552
6198133893120
6198727824000
6199042752000
6199149880924
6199781440320
6201407312100
6201517704200
6201720733696
6202711890648
6203396472000
6203414926800
6203605471875
6204146484375
6205782393720
6206846667840
6208722000000
6210239623380
6210582487200
6211177900928
6211578150000
6213235507200
6213834792050
6213984609375
6214668138000
6214864601088
6215539730400
6215745600000
6216707322000
6216912000000
6218080779456
6219147755520
6219655191360
6219820456608
6220724308740
6221856063150
6222484800000
6222695104512
6222723271776
6223092766800
6223124697504
6223875053760
6224160009600
6224766202746
6225282086400
6225338430675
6225610078080
6226567459200
6226806385800
6226875000000
6227032962150
6227227500000
6227523993600
6228216900500
6228398218770
6228495000000
6228960000000
6229822178125
6230724224000
6230839307616
6231402233856
6231683989440
6231717982000
6234137395200
6234356283120
6234576011664
6236238937500
6236340092928
6237504000000
6238130000625
6238172556000
6238343246976
6238523865600
6238705017600
6239436682500
6239582148800
6240258962574
6240319045632
6240407106240
6240506328000
6240699924480
6241548190500
6241691529216
6242184000000
6242400000000
6242502999600
6242697216000
6242893607250
6243095412736
6243584000000
6243716455200
6243773608800
6244013486250
6244163478000
6245745408000
6246746062920
6247236759750
6248216576000
6249147340800
6250000000000
6250080000000
6251006361600
6251397264000
6251648000000
6251751152192
6251850259200
6252142338520
6252536990700
6252619817600
6253202809728
6253942265856
6253966468750
6254581144350
6254891042400
6255211327200
6257071263024
6257315940480
6257790000000
6260002971300
6260085000000
6260185406800
6260926833000
6261776102400
6262062317568
6262656685648
6263090476326
6263235694625
6264573952000
6265804800000
6266905956864
6267084761600
6267274399232
6267759750000
6268024581120
6268158160000
6268179105792
6268602474000
6269018820480
6269035500000
6269133127680
6269513437440
6269622912000
6269737804020
6269888102400
6269962982400
6269977831936
6271198850000
6271299303120
6271523713728
6271687784250
6271975380000
6272000000000
6272559063180
6272726554575
6273179136000
6273197798400
6273327860800
6273956250000
6275212247040
6275557195776
6275610566784
6275612185920
6275824717824
6275893932000
6276211921800
6276708984375
6277045320000
6278124672000
6279180264000
6279284140734
6279660755550
6279994441728
6280673755136
6281091337500
6281377528320
6281389670400
6281574232500
6282838016000
6283251000000
6283687696000
6284515195350
6284856754176
6285431439000
6285681158757
6286124544000
6286763765760
6287085499905
6287104687500
6287624179200
6288719578962
6288750000000
6288801792000
6289065180000
6289137263600
6290052384000
6290597570400
6291070156800
6292713512800
6293274853905
6295539194160
6295910805184
6296500000000
6296731084800
6296900380551
6297132628206
6297798574080
6298802280111
6299222425600
6299743256576
6299775000000
6300892800000
6301226929536
6301436124672
6301583308800
6301881830400
6301991963520
6302184652800
6302625000000
6303809893500
6305067843750
6306649668480
6306943500000
6307230515200
6307526000160
6307650317696
6307792968750
6309163161600
6309518400000
6310431784800
6310776012800
6310840617360
6311236863582
6312668774400
6312866625000
6312875239440
6312958279740
6313957879680
6314360832000
6315544531296
6315702091776
6315833033055
6316180306272
6316810500000
6316830007488
6316946112645
6317576925660
6317870400000
6317901281250
6317901828000
6318512657100
6318962033748
6319187784000
6319769057280
6319995840000
6320130621440
6320228687500
6320426710752
6321375903744
6321950208000
6322885235550
6322911865920
6323027176224
6323590151956
6323886426438
6324417020880
6325006753125
6325593750000
6325874755200
6325898342400
6326132188680
6326421470208
6326595092480
6326615318400
6327261682560
6327321000000
6327802265625
6327867987000
6328125000000
6330503721696
6330662811648
6331027909752
6331103773785
6331240037200
6331365000000
6331426450000
6332101723584
6332452551360
6332716160000
6333334622208
6333738769800
6333826859360
6334663608360
6334833991200
6335087915520
6335170380000
6336000000000
6336161450102
6336276710400
6337075619875
6337227174768
6338070375000
6338111487891
6340021047360
6340163626863
6340346261046
6341533286400
6341888311296
6342174720000
6342881126400
6343515464211
6343704778093
6347403890100
6347485347840
6348082104000
6349075346250
6349229162496
6350858497302
6351719400000
6352277987328
6352492003200
6353046000000
6353327174250
6353580036320
6354240372648
6354663321600
6354671616000
6355508386500
6356601562500
6356737932480
6356961406250
6358277671200
6359963670000
6360015261600
6360370034850
6360554304000
6360984000000
6361277367506
6361703064000
6362033932800
6363127113760
6363460812800
6364321875000
6364436009184
6364624896000
6365712167424
6366260702016
6366455172000
6366584448000
6367313381598
6368493112800
6370000000000
6370508030976
6370937258400
6371139240000
6371146651597
6371310000000
6371383705600
6372151875000
6372328734720
6372555145425
6372615949056
6372753408000
6373750500000
6374504790000
6375095657865
6375429988200
6376276588752
6376680960000
6376883853312
6376943873300
6377166028800
6377370102144
6378064035840
6378119354880
6378577956000
6378703924320
6379337910400
6379716968928
6379987783680
6380261605376
6380516160000
6380655353280
6381390834000
6383010023810
6383826900000
6385200192000
6385389114936
6386802918912
6386900795392
6387465880260
6387845120640
6388100737200
6388305405300
6388340700000
6389400981600
6389786476800
6390312500000
6391345347072
6392893729950
6393286900000
6393869809920
6394342775400
6395089550850
6395152500000
6395805000000
6396422546332
6396594638875
6397087114368
6399681412500
6400265602640
6400380979200
6400464847396
6401294460000
6401430798336
6401486505600
6402051664875
6402810406590
6403547673600
6404663671875
6406207353910
6406325452800
6406352453592
6406499062782
6406536167424
6407817097500
6408797455298
6409038520500
6409066757760
6409580000000
6409734062500
6411071721600
6411132050400
6411650681250
6411727203518
6411933075600
6412251955200
6412638456000
6412869331920
6413154426000
6413421237300
6413553351296
6413705550000
6413965036800
6414483106304
6414766804872
6414923726848
6414924529125
6415525069200
6416080996500
6416284299264
6416587125000
6416672400060
6418056013824
6418616349600
6418673539200
6420024000000
6420087371250
6420093861888
6420828288000
6421065218750
6421578750000
6422167140480
6423160975434
6423635400000
6423960860230
6424085052000
6424630307550
6424740504000
6426060383184
6426271177200
6426388291050
6427338604544
6427343113380
6427694407680
6428926715625
6429578355200
6429652992000
6431132957424
6431156352000
6431319157032
6431539171200
6432389004600
6432404400000
6432751181250
6432916194450
6433856099982
6433929687500
6435510681600
6435522150750
6436852531200
6437324275200
6437578722498
6437665664766
6438038203240
6439204985850
6440300053200
6440539505136
6441192859500
6441328125000
6441988644000
6442450944000
6442500096000
6442593696000
6442666202682
6443561779200
6444195774464
6444259864560
6444485503911
6444943200000
6445349445600
6446261655680
6446662057125
6446666423808
6446838600000
6449036289696
6449443687500
6449625000000
6449775631650
6449882616192
6449885000000
6449935564800
6450347535000
6450630858000
6451143655554
6451790373600
6452114227200
6452312343750
6452335033200
6452926761852
6452927208000
6453250065000
6453282936672
6453812339388
6454369320960
6454753265520
6454767526272
6455082692608
6456260689920
6456389472000
6456502284750
6457500000000
6457845846816
6458437723374
6458484375000
6459079634280
6459280588800
6459960937500
6460309973250
6461280776192
6461413480368
6461680581216
6461737171350
6461871325000
6461996486400
6464356660125
6464375424000
6465139480800
6465765490272
6465914639184
6465935257600
6466574088000
6466906274400
6468060637584
6468194958750
6468797971755
6469499289600
6469531471872
6470250845184
6470619668568
6470688290625
6470786649600
6471441973248
6472145106000
6473599280640
6473816545536
6473908224000
6474111889000
6474455301600
6474457024000
6475488768000
6475513856000
6476094281250
6476125132800
6476388929311
6476804327250
6477001523200
6477777469800
6478330625802
6478648312500
6480342613224
6480710600000
6481230000784
6481413285408
6482073600000
6482139894720
6482139955200
6482790403232
6482870352288
6482973569940
6483560000000
6484087680000
6484112434800
6484394606592
6484524761088
6486237669758
6486243029235
6486641564544
6486695312500
6487182025632
6487655200650
6487785400320
6488038440000
6488717651328
6491587536000
6492609351540
6492888307360
6493465113408
6493504500000
6493990551552
6494770771200
6495824793600
6495937500000
6496000000000
6496077055920
6496102287675
6496142328000
6496283765664
6497226030240
6498815637600
6499113234432
6499582031250
6499934240800
6500107250000
6500416000000
6500912454400
6501170052650
6501222000000
6501453154560
6501618000000
6501950315280
6502444229736
6502792298496
6503549364576
6504214579200
6504764390124
6505390500632
6505416028125
6505519104000
6506166715533
6506282506752
6506396376480
6506941248000
6507027820800
6507100980000
6507672192000
6508011942936
6508040587776
6508202950656
6508800000000
6509160000000
6509208425850
6509267401140
6509528480000
6510192717600
6510326592000
6511363906320
6513006500000
6513226200000
6513858519534
6513903218430
6513984798720
6514383937536
6514431934464
6514474636800
6514609701600
6515360765056
6515378100000
6515498743776
6516107514000
6516411601464
6517000000000
6517020341250
6517668006720
6519300781250
6519382474752
6519428199900
6520396646400
6521389056000
6521551867904
6521565330000
6522497619435
6522683760000
6522802085250
6523689375000
6524046581760
6524584416000
6525021240320
6525049781250
6525845768000
6525905053536
6526052352000
6526798657600
6527462465168
6527890440000
6528141049885
6528375193600
6529721303040
6530417721000
6530613540000
6530691539232
6530905375344
6532489949184
6532556284800
6532570399680
6532603440750
6532714800000
6532790007744
6532797553425
6533169843200
6534544214016
6534793939968
6535973439450
6536075000000
6537094340400
6537096027000
6537621953016
6537975955456
6538061220768
6538588875000
6539515486452
6539981285376
6540215205888
6540553754944
6540625000000
6541076021760
6542341817440
6542578779100
6542693498880
6542701056000
6543288460800
6543344531250
6543886604544
6544597500000
6544850291200
6546420000000
6547140096000
6547271925760
6547295383200
6547393944000
6547656250000
6548097011040
6548231979072
6549609375000
6550276847400
6550884556832
6550945174800
6551200500000
6551207936000
6552337523550
6553273766400
6554000777688
6554519271648
6555663720000
6555700904832
6555961546875
6556343472000
6556679246160
6556709047680
6557136049386
6557251050000
6557273352000
6557839256584
6557853327250
6557888406384
6558239971008
6559083366066
6560000000000
6560601091200
6560952607872
6561108256500
6561233280000
6561523620288
6561604707840
6561768407040
6561974836065
6562233468000
6562238288320
6562296000000
6563314406250
6564513780000
6566261751414
6566552064000
6566702113503
6566965496000
6566985032400
6567580836576
6567634483200
6567874250490
6568213703184
6569046596700
6569062500000
6569124247840
6570617901120
6573019752000
6573797287200
6574049411202
6574360576000
6574527627264
6574749269400
6575458176000
6575733964800
6575885062656
6576668672000
6576869376000
6578412339200
6578482554000
6578599996800
6579354485700
6579627559050
6581202461600
6581879521875
6582892825600
6582944768400
6583781250000
6584320512000
6584784162462
6584867343360
6584999309174
6585030000000
6585057280000
6585359016600
6585422376960
6586372800000
6587034854400
6587578368000
6588267637500
6588386767872
6588739383120
6588745456176
6589157047200
6590599267200
6590897586000
6591430005966
6591523061760
6591651886512
6592223055600
6593535000000
6594330624000
6594900249600
6594925505805
6595781488128
6595939295400
6596269389360
6597069766656
6597802866456
6597869522816
6599955937500
6600972819600
6601381946496
6601776615000
6602153859378
6603038360100
6603350999040
6604416000000
6604518850560
6604524972864
6604900000000
6605155875840
6605163823104
6605187923425
6605325066240
6606226719360
6606584005824
6607333019196
6608128066560
6608303025408
6608304518400
6608370438144
6608404394592
6608676600000
6609499123968
6609772779720
6609920826600
6610290850944
6610314110400
6610541454900
6610838880256
6610869530496
6611342819328
6611613548544
6611797031552
6612500000000
6612867244620
6614834466240
6614933077368
6615000000000
6615109147500
6615235200000
6615279153000
6615357412608
6615808000000
6616956236800
6617222470656
6617729256390
6618808019655
6618894750000
6619392000000
6619520434176
6619704819960
6620530964256
6620556625137
6621554632000
6622289200800
6623431637760
6624032038272
6624405504000
6624741660480
6625396232000
6625435162500
6625984809600
6627051891200
6627214884834
6627457351242
6627571433472
6628431607200
6628622000000
6628785843750
6629428913184
6630069943350
6631048255392
6631269531250
6631957721088
6632247631104
6632896258125
6633721074240
6633770102784
6633981244800
6635181588480
6636985205760
6637008018498
6637395640320
6637968012375
6638894600000
6639812608000
6639839780625
6639951532760
6639962850000
6640516232064
6640770007872
6641050752000
6641156121600
6641661258000
6642000000000
6642209433600
6642376000000
6642438798114
6642564252480
6642973813840
6643360281600
6643604250000
6643624766688
6643816704000
6643874328000
6644483254500
6644598949800
6644636483584
6645400704000
6645820608000
6646323332704
6647426740800
6647776868565
6647798757600
6649270985412
6649470517248
6649743600000
6650718394500
6651181382400
6651446994725
6651536205600
6651713250000
6652125000000
6652599944445
6652854000000
6652963772091
6653421482880
6654521562500
6655579687500
6656000000000
6656047369920
6656263372800
6658032536064
6658840991232
6659086514400
6659223495925
6659235386064
6659361057888
6660342725400
6661651562496
6662033757540
6662227572000
6663195800448
6663348286695
6663467492370
6663989483424
6664000000000
6664109956000
6664773261575
6665178985920
6665379840000
6665757163520
6666395904000
6666436214784
6666631532015
6666740121600
6666816307200
6667494000000
6667497967158
6667855816125
6667956057312
6668045023500
6668943360000
6669372790080
6669793032336
6670560348144
6670680551808
6671070252000
6671106000000
6671378983500
6671553220640
6672580761600
6672906056250
6673075802442
6673089536250
6673283805825
6673907994336
6674101995330
6674279765625
6674913423360
6675013926000
6675020931040
6675443339136
6677583976940
6678626901408
6678942924800
6679349335296
6681457850436
6681532463424
6681593734400
6681639648768
6681915555840
6682704408576
6683274000000
6683797856736
6683930870400
6685089738480
6685427318500
6686962089984
6687423199275
6687504281250
6687683843750
6687699051096
6688292083200
6688476214784
6689010393795
6689757438000
6689865000000
6690340509696
6690405664800
6690729667392
6690931200000
6691236085760
6691416480000
6692987584512
6693672581424
6693678164025
6694109184000
6695432265600
6695515008000
6696394685568
6696960000000
6697180116000
6697639120536
6697687500000
6698304805920
6698513203200
6699604196250
6699668189760
6699971606445
6700345848000
6700749649920
6701912500500
6702603662160
6704800000000
6704997045120
6705480076245
6705499257600
6705917618400
6705923616000
6706881057870
6707290879440
6709248000000
6709440000000
6710347146272
6710404837500
6710941575414
6711380067600
6711841589040
6712169190000
6712198293600
6712468439040
6712770692250
6712826510832
6712831157760
6713453298690
6714258400850
6714762376140
6715241807104
6715491546240
6715527680000
6718363344000
6718442927040
6718682027750
6719112015625
6719548861350
6719984401020
6720283584000
6720346178000
6721053013909
6722635116384
6722950440960
6724264747200
6724704823200
6725405700000
6725631761280
6726474252540
6726774600000
6726824755200
6726942539525
6727075312500
6727276800000
6728207952375
6728510920000
6729178217976
6729182161920
6729515822250
6730255420560
6732199888128
6733076364560
6734946487500
6735246288750
6735327749150
6735727427584
6737520967680
6737753339163
6737801419008
6738748720704
6739006250592
6739794432000
6739844630400
6740621284320
6741575516160
6741630000000
6741903239568
6742031708160
6742104633264
6742325095830
6743070720000
6743332584000
6743419195392
6744465000000
6744558514176
6745405040640
6746664752640
6747874334592
6748073902080
6748750008000
6749079128064
6749272670208
6750284850000
6750528919200
6750529391592
6750767477160
6750873123904
6752229057000
6752784955500
6754050867200
6754124012636
6754947635898
6754973400000
6755670025650
6755703460000
6755801830400
6755925515625
6756133255872
6756678281250
6756756817230
6757655617125
6758109792000
6760000000000
6760219253760
6761976432992
6762064063400
6762731212800
6763871368800
6764294550195
6765120000000
6765739868160
6765806194578
6766523932350
6766601794560
6767069184000
6768266231808
6769231625000
6769610812800
6770496614112
6770564149440
6770728125000
6771192744960
6771479150592
6772189187400
6772211712000
6772224938976
6772241303568
6772864911750
6773459760000
6773760000000
6775594560000
6777482453280
6778308875544
6778333125000
6779208945600
6779405976000
6779845800000
6780588796800
6780941244000
6781010950350
6781561290000
6781689167872
6781787750400
6782033615994
6782189568000
6783989062752
6784676360064
6785465057280
6785690625000
6785911080000
6786382711680
6788442816000
6788738542950
6788880000000
6790422359448
6791196022650
6791634429840
6791905935360
6791909769216
6792085768320
6792268244688
6792554486160
6793475829140
6793486673040
6793715052432
6794273854368
6794825356800
6795726336000
6796598949000
6797376135720
6797833146000
6798322440000
6798774937500
6799476948992
6800132430000
6800220000000
6801061128192
6801793024000
6802329600000
6802457143680
6803254149120
6803327311872
6803386801200
6803950852608
6804838809600
6805448863200
6806381400000
6806400125000
6806855250000
6807593026660
6809077365930
6809087812500
6809473271250
6810335635968
6810361459200
6811030078125
6811566996960
6811776000000
6812191296000
6812347750000
6812678892825
6813246130992
6813521801856
6814230080000
6814745657200
6815305728000
6815316420576
6815638093824
6815904363450
6816495386025
6817682276352
6817763671875
6817991065600
6818030056656
6818258501600
6819745684608
6819840000000
6819840635400
6820421101650
6820550410050
6821340480000
6821927726250
6822508875000
6822727675904
6823179430200
6823187926380
6823552586760
6823596309264
6823736119200
6824722806720
6825073391136
6825348956160
6825379123200
6825388032000
6825541632000
6827996541600
6828362528000
6828851200000
6829064872875
6829480220625
6829664433696
6830098539044
6830318880450
6830600295552
6831508555950
6832014336000
6832586342400
6833055801600
6833199900800
6833243685120
6833506680000
6833641223808
6834212217216
6834213162000
6834375000000
6834850000000
6835004904000
6835283368550
6835525913216
6835753125000
6836078592000
6836990480685
6837222656250
6837465757500
6837852822710
6838686225000
6839155814400
6839440573140
6839722197504
6840249353280
6840361647292
6841102852224
6842154960000
6842628702208
6842939292000
6843446326080
6844041669465
6844155897600
6844157480160
6844163125000
6844450560064
6844457812500
6844612934250
6844675891500
6845255802000
6848118966325
6849435600000
6849714016873
6849766012500
6850239946335
6850311616512
6851200485675
6852379396850
6853056537600
6854428390320
6856207368192
6856520853600
6859000000000
6859605215232
6859995146550
6860194722000
6861093750000
6862169026944
6862221283680
6862493417472
6862507868160
6862758400512
6862985625600
6863036387328
6863045345280
6863832815840
6863949057420
6864353596100
6864447816864
6864934955520
6865164900000
6865518318750
6865625000000
6865625235456
6866455078125
6867159894504
6867542428032
6869081596500
6869398648320
6869901343360
6871420669212
6871454553600
6871947673600
6873467625000
6873769811538
6873842995200
6873958728000
6874206393600
6875300250000
6875448437500
6875722547200
6876389894400
6876439527600
6877549879200
6877781805440
6877886432256
6878190455136
6878394936000
6878527488000
6878936705472
6880039258785
6880370704000
6880824640512
6881392640000
6882359557059
6882466500000
6883818679500
6884151568896
6885179978875
6886318359375
6886501615746
6886815436800
6887180768832
6887277225920
6887685420000
6889684943232
6889792000000
6889996036000
6890187382496
6890576615424
6891024201984
6891066000000
6892126312500
6892195761360
6892356744000
6892519649440
6892924592450
6892943157100
6893400000000
6893540842500
6894649813500
6894733466250
6895525854125
6895772601900
6896119152000
6896640000000
6898182912000
6898212108450
6898677350400
6899148796176
6899407956000
6899814969498
6900268028500
6900647208000
6900737794560
6901309352231
6901933593750
6902789062500
6902967836160
6903429120000
6903578473792
6904749852000
6905172566016
6905369912832
6905923584000
6905937500000
6905945479680
6905969506800
6906692000000
6907341932700
6907626831105
6907793976720
6908322209985
6908847394816
6908862264200
6908906250000
6909629301120
6910727990400
6912291686400
6912523800000
6913173403500
6913605426048
6913974582900
6914044067840
6914607618555
6914851794432
6915684853350
6915831487488
6917077320400
6917330534400
6917466787500
6918524928000
6918574500000
6918816683520
6919463250000
6919536664089
6920442465300
6920513171712
6920643600500
6920702425000
6921104652000
6921629301600
6921772807950
6922460937500
6922863001600
6923188825056
6923580000000
6924162450240
6925562675200
6925746240000
6925936908800
6926363136000
6926649840000
6927082239744
6927188158800
6928455366000
6930261406250
6930408669184
6930674354240
6930694972656
6931995033600
6932331403712
6932362298400
6932978262144
6933750000000
6934398020550
6934723573700
6935305050000
6935892215760
6936000000000
6936330240000
6937063922880
6937395367936
6937526232000
6938534469888
6938889228936
6940180634400
6940215158058
6940761408000
6941229780992
6941417978655
6941606343750
6942562099200
6942752113050
6942927882240
6944442312500
6944867529600
6945648860160
6945699828704
6945753750000
6945835064000
6947055801000
6947673152000
6947824718016
6947873007075
6948038128500
6948163432992
6948644062500
6949203580800
6949334618226
6950351536128
6950780928000
6951297744999
6952682113650
6952926174831
6952981235200
6955266131424
6955571250000
6956458031250
6956972588475
6957353074230
6957750112256
6957847019520
6958325250000
6960650531250
6961425290586
6961635072000
6961835212800
6962227200000
6962298470400
6962360568064
6962395021695
6963451740000
6964688500000
6965036056576
6965595000000
6965949682432
6966375337800
6967262420118
6967309608000
6968110336800
6968433543750
6968497331250
6968883958400
6969734553600
6971443200000
6971949109398
6972900629760
6972992000000
6973686900000
6974494800000
6974716714560
6974826872832
6975246292480
6975258624000
6975644508000
6975717620625
6976280989090
6976947868800
6977400839500
6977701287216
6977771601920
6977815434765
6977839431680
6978676145058
6978821031000
6979476504000
6980470729056
6980594544000
6980751360000
6981893259264
6982070400000
6982280718336
6983900015040
6984258776352
6984432000000
6984699855000
6985407528960
6985650555450
6985757251968
6987409408000
6989029881600
6989160025120
6989725204000
6991501655250
6991678386000
6992040840120
6992413585920
6992527615450
6992574825600
6992962429824
6993046406250
6993295104600
6993554964480
6994001645568
6994215143424
6995625000000
6995999667384
6996222450000
6996372468750
6996982448128
6997873370400
6998696455140
6999045021696
6999167448000
6999439825136
6999895010000
7000122617280
7001415843840
7001894834176
7002266616000
7002814694400
7004949861609
7005028522240
7005438203400
7005630937500
7007556075520
7008253164000
7008561822600
7008768000000
7008915513600
7008931082970
7008948112896
7009433459424
7009564752000
7009998016000
7010315623584
7011260006400
7011407655616
7012824000000
7014050828100
7014062500000
7015490777088
7015680000000
7015833714240
7016619600000
7017592258950
7017697500000
7017978118080
7019159328000
7019203276800
7019529917400
7019856000000
7020115830000
7020371164326
7023034368000
7023266369334
7023755531250
7023920248800
7024111812608
7024290318360
7024304775000
7024839395328
7025781250000
7026837480000
7026872293000
7026923194200
7027961841810
7028284032000
7028285967360
7028292150000
7028817250896
7029504000000
7030290758400
7030418591250
7031008135008
7031250000000
7031340000000
7031721715200
7033220046216
7033660130835
7033939554816
7035210956800
7035844034560
7036182275850
7036608348000
7037396115120
7038360000000
7038430848000
7038657018792
7039334625750
7039683211680
7040590367616
7041557250000
7042708582650
7042846028400
7042881062763
7042971761280
7043100180480
7043476414464
7044467830400
7044735172608
7044976206576
7045035098112
7045499600896
7046763108048
7046828089301
7046870128896
7047645696000
7047913429440
7047957611968
7048136540160
7048669937664
7050424298368
7051052899800
7051411130400
7051780700160
7052274266400
7052545500000
7053725060928
7053863159808
7054387200000
7055211716010
7056000000000
7056116424000
7056999936000
7057493843400
7057524500000
7058985822720
7059641516928
7060017024000
7060061887632
7060121409024
7060207069440
7060684800000
7060926234624
7061018474624
7061675985000
7061781079584
7062293465579
7063042147200
7063379107200
7064085937500
7065515495808
7065994562500
7066719960300
7066878000000
7067222489600
7067463135705
7067488064000
7068657375000
7069746471840
7070077424718
7070410620000
7070423924250
7070570306800
7071468750000
7071713372160
7071785078125
7071893154900
7072587284000
7073464320000
7074792646220
7075304570880
7076014848000
7076524525434
7078202755200
7078732394112
7079559395040
7079674997241
7080015662720
7080499630080
7080499730682
7081049264814
7081831134000
7081852202100
7081945000000
7081966080000
7082481593430
7083182700000
7083988560000
7084620288000
7084742721056
7084848085920
7085562265600
7086131942400
7086799283200
7087448804800
7088876514720
7089349246848
7089352704000
7089617059200
7089834825000
7091925094800
7091955000000
7092010598400
7092064747520
7092322735680
7092343834992
7094050048800
7094568624000
7095921282450
7096445286000
7096545707680
7096808668752
7097184311400
7097296453632
7098208200000
7098219928800
7098549047296
7098575071500
7098640367616
7099334424000
7099486201800
7100309422080
7100542566528
7101752371200
7102227467790
7102581190656
7102791680000
7102802165760
7103025615360
7103557140480
7103737671552
7104359612768
7104887996544
7105702844556
7105873182720
7107472543536
7107698658528
7108239701376
7109375000000
7110483750000
7111427457024
7112967151680
7113227954560
7113231496800
7113266473200
7113896782200
7113984696000
7114233785100
7114791043584
7114937356800
7116350155200
7116449218560
7116656863680
7116681600000
7116707594240
7117170278400
7117962172000
7118169392880
7118533094400
7118851485375
7119089201250
7119140625000
7119796775000
7121017800000
7122092234400
7122645041850
7124305680000
7124978609280
7125000000000
7125799643424
7125870276720
7126688240100
7126961356800
7127040000000
7127352893500
7127634026175
7128699382350
7129101562500
7130353884192
7130574581760
7130856757248
7131165120000
7131679764375
7131793195008
7131795944000
7133560336000
7133571579904
7134759096192
7134944420048
7135675948800
7136889102000
7137055800000
7137244942506
7139139239232
7139189657600
7139421263574
7139699154000
7140534721245
7140934453248
7141011689340
7141055385600
7141367187500
7141777803776
7141882675200
7142664830976
7142857206786
7143134843520
7143264354304
7143336345600
7144454016000
7144858459648
7144998874650
7145216000000
7145969909760
7146133795840
7146818568000
7148026116000
7148675934400
7149042852500
7150717035280
7151279002560
7154003500632
7154006461728
7154065797120
7154637235200
7154784000000
7155344952000
7155427930560
7155469975500
7155597351000
7155630000000
7156545177600
7158518002980
7158808708020
7159283712000
7159513088000
7159862109375
7161499384000
7161663908448
7162189988625
7162865773056
7162957841250
7164066124800
7164470476800
7164767164896
7166250000000
7167643182000
7167983361088
7168484690575
7168670859375
7169347584000
7169459402000
7169606561250
7169745354752
7170321014784
7170469312500
7170997616640
7173360000000
7173766080000
7174328520240
7175384274240
7175802297258
7176041914860
7176755149200
7178979251556
7180491654000
7180528497120
7180706715000
7181365044672
7181723088000
7181783818560
7182500000000
7182735778491
7182774799200
7183275892992
7183350216000
7183382222016
7183562754303
7183635610008
7185007437120
7185262500000
7185388077504
7186471468866
7186883287500
7187970392064
7188480000000
7188764442624
7190157406250
7191706331844
7191793481600
7191813435552
7192363548672
7193741551920
7195205777760
7196601126528
7196809921875
7196962848768
7197120000000
7197238752480
7197530522000
7197678633600
7198167501126
7198190192375
7198361652780
7198517197500
7198702875000
7199517864000
7199560803672
7199707576320
7200000000000
7200161611776
7200380681360
7202121062500
7202133338400
7202408083920
7202458828800
7204866137784
7205269372928
7205430654000
7205951568508
7205978494827
7206936699150
7207146510291
7207353188352
7207571275905
7208048358778
7208628211200
7209274834944
7209463876160
7210188858600
7210203000000
7210824535200
7212071347065
7212699648000
7213258358784
7214010390600
7214271716925
7215544627200
7216789192704
7217787859776
7217791875000
7218453220160
7218645340032
7218808593750
7218986582016
7220261503980
7221621607200
7222903156224
7223118500000
7224276093750
7224938033040
7227679691232
7228629158400
7229457432576
7230141235200
7230228436098
7230321727200
7230638548980
7230737658144
7231156208640
7231214351250
7231251648000
7231849128000
7232055667200
7232400000000
7232716800000
7233870824064
7235460468288
7235547170040
7235961779904
7236437630175
7236516459375
7236717117440
7236841739264
7237670242700
7238057091902
7238455224000
7239038464000
7239501878400
7240100474880
7240213500000
7240217420800
7240451352288
7240611596400
7240831920000
7242557440000
7242792978645
7245724829112
7245875000000
7245979789896
7246087537500
7247170885500
7247237224500
7247557872500
7248384000000
7248519907200
7249614509137
7249905000000
7249984533792
7250534544768
7250551632128
7251018126300
7251406156800
7251518291968
7252634376000
7252888500000
7253728565200
7254651174912
7254670288320
7255632424950
7256176589970
7256474553384
7256722636800
7257114006912
7257906270720
7257973872240
7258150297600
7258448267500
7259202568800
7259260652800
7260121789200
7260302180250
7260321415440
7260972435000
7261203251952
7262205926976
7263438156000
7264607450100
7264916568000
7264970735616
7265013565824
7265098750000
7265304651150
7265458944000
7266464588565
7266603052800
7267235697792
7267391556100
7268239060992
7268333568000
7268433920000
7268936720000
7268940873216
7269605240625
7270563840000
7270622997750
7270661739900
7270797908608
7271578869840
7273437120000
7274087271360
7274153969082
7275424665600
7275547467837
7275612093750
7278058058880
7278402109440
7278791362560
7279447127139
7279864885125
7280223879721
7280883417600
7282210232448
7282516377600
7282799190720
7282842532200
7283375875125
7284563020800
7285407300000
7286174208000
7287215826528
7287396470016
7288793264128
7289196480000
7289947342080
7290039515850
7290313436952
7290671897600
7290804465000
7291383750882
7291922227200
7293018096000
7293509310906
7294626489150
7296159736800
7296237000000
7296265976832
7298135208000
7299086256000
7299113472000
7300920463200
7301108093760
7303029188472
7304238281250
7304499345780
7305006515625
7305858102400
7306779820032
7307929687500
7308036250000
7308261760800
7308294619500
7308317223900
7308345139200
7308434718720
7309132300288
7309527260672
7309575000000
7310197195808
7310393873000
7310534197248
7310847810672
7311179677824
7311616000000
7312169414880
7312203007200
7312664068731
7312968000000
7314175065600
7315288700272
7315920912384
7316426847180
7316984140625
7317226782720
7317337500000
7317642124800
7318342213632
7318648022400
7318708992000
7319032904736
7319057940000
7321285608000
7321545661248
7321713214608
7322111749225
7322205945600
7322943366144
7323219540000
7324181687340
7324237500000
7324636300800
7325968716500
7326270881475
7326498816000
7326828184788
7327680000000
7328783966400
7329160444320
7329949200000
7329981859200
7330081013760
7330720138560
7330851428096
7330892073840
7331892275547
7331917824000
7332663996000
7333278907500
7333940250000
7334868829440
7334955468750
7337058595776
7338360250000
7338708542704
7339666618368
7340046336000
7341297600000
7341466883625
7341481132440
7341512194863
7342454784000
7342648489800
7343222832000
7343686556393
7345079897701
7345931392800
7345936465920
7346021888736
7347630271800
7347657745296
7349760000000
7349816073600
7350696903264
7351601400000
7353062500000
7354231132950
7354444875750
7354768881096
7355490775360
7355750621184
7355912484375
7356402892800
7356919921875
7356922675200
7357332188304
7357409718750
7357708800000
7358122974312
7358670633600
7359368486400
7359678711567
7362220663376
7363006059024
7363841501380
7364722500000
7364924008000
7365126290184
7365427200000
7367616921600
7367831394880
7368135286512
7369033784616
7369500917760
7369635008736
7369813321650
7370271254528
7370551843200
7371409453056
7371419074560
7371584962560
7372509580800
7372800000000
7373015020800
7374631530240
7376544534528
7377569163657
7377672500000
7377869632000
7378682484096
7379225599200
7380000000000
7380187214400
7380389013264
7380554719338
7381125000000
7381805296320
7382200320000
7382300276533
7382387628000
7382512651500
7383211398000
7383212375616
7383717959688
7384995800000
7385587675312
7385647500000
7386096114000
7389103176000
7389616730496
7389970264638
7390563840000
7390805098496
7391294088794
7391688369408
7391777716050
7391982841122
7392522477600
7392725285400
7392911967720
7393750253568
7393989808800
7394415437500
7395992736352
7396144113150
7396155648000
7396250334768
7397233164288
7397390448000
7397512593408
7398400000000
7398752256000
7398985016000
7399150428960
7399512000000
7400733350400
7401313751040
7401321537584
7401587347784
7402535165025
7402680658880
7403233572864
7403298086205
7403806429488
7406013129984
7406531520000
7406753906250
7407120000896
7407720000000
7407987851264
7408032605784
7408158750000
7408753136928
7408860524065
7409112651360
7410192854400
7411538226816
7412591549440
7413162822270
7413882327040
7413959393280
7414230057696
7414759784250
7414875000000
7415456343750
7416106632648
7416159928320
7417660529664
7417665842400
7418408287500
7418744256000
7418746298880
7420431707325
7420518337500
7420739768820
7421102986752
7421717643264
7422294783568
7422528224763
7422614437888
7423149561100
7423625008800
7423832000000
7424502797250
7424562600000
7425589248000
7425678336552
7426376141184
7426554689808
7427300000000
7427681856000
7429115855700
7429908631600
7430800360320
7431551190000
7432113281250
7432651025920
7433063820000
7434342583200
7434761175000
7435521843750
7435994377185
7436324750400
7436527553664
7437760671744
7437863448576
7438369258112
7439062500000
7439461120000
7439957098496
7440313207600
7441195718880
7441674282000
7441821245040
7441950823776
7442234049024
7442784000000
7444075766400
7444479656250
7444774937600
7445195096064
7446289062500
7446304687500
7446816000000
7447167922455
7447808684160
7448677588170
7449131182176
7449248961000
7449476154900
7449620634092
7449750000000
7449918840000
7450571538432
7451136000000
7451360592480
7451570172800
7451999027200
7452090064300
7452289470780
7452536813568
7453660500000
7454252335005
7455645000000
7455746663040
7456053775248
7456601750460
7456985558100
7457129840160
7457142981600
7457998924800
7459150233600
7459929287316
7460230689936
7460670737520
7460694528000
7463481344000
7463807188992
7463891857536
7464540569850
7464960000000
7465225420800
7465321500000
7465717180224
7467010312500
7468121217375
7468431704064
7469945474355
7469978285088
7470343846875
7470476000000
7470680072625
7470798750000
7471057628160
7471769636864
7472314886400
7472673000000
7473800397834
7474077862524
7474115238912
7474295088540
7474358619000
7474919612580
7475786613750
7477232890400
7479392256000
7479540000000
7480011861504
7480960614400
7481522730150
7481565000000
7481972326400
7482310200000
7483130179200
7483693690368
7484708638512
7485037258752
7485121363968
7485346485000
7485431742880
7485843325952
7486668800000
7488315993600
7488352329326
7488450000000
7489726562500
7490451537920
7490880000000
7491053767680
7492284086400
7492528330560
7492591760000
7494211779840
7494581878784
7494715330560
7496095275504
7496441229312
7496919543708
7497123700500
7497362600000
7498619781250
7498976808960
7499695392000
7499924124000
7500157452288
7500456931968
7500460667040
7501225942080
7501358281824
7501470011280
7501495201200
7501501869120
7503124608000
7503221882880
7503487004160
7504146726912
7504802415432
7504876378125
7505248943808
7505497373220
7505506719018
7506843402240
7507380434400
7507570382910
7507916272000
7509757937500
7510217769600
7510387500000
7512752765000
7512790311936
7514268002208
7514594156875
7515882833550
7516745675712
7517265069600
7517662088832
7518014963712
7518347544175
7518505394400
7519807300096
7521240355200
7522556121600
7522842600000
7522959753216
7523031250000
7523089396875
7523244461250
7523534592000
7523685364824
7524105006600
7524274288608
7524566562500
7525559163744
7525781508096
7525977117750
7526124590400
7526756238452
7527070875816
7527600000000
7528025796480
7528039833600
7528826880000
7531879219200
7532120244096
7532454384000
7532718125400
7532740608000
7533750000000
7533934094592
7534898437500
7535592906660
7535736499200
7537057720920
7537126713480
7537499978976
7537500000000
7537597341300
7537834624320
7538216337600
7538272896000
7538944000000
7540266488832
7541625000000
7542352048000
7542801162000
7542900000000
7543330109952
7544502599886
7545318696432
7545574452240
7546329554400
7546402160640
7546853932800
7546906615950
7547644104000
7547676552000
7548786198200
7548811612160
7548827112450
7548903220320
7549747200000
7549894400048
7549914487500
7550208000000
7551190338750
7551929824686
7552180000000
7554647032992
7554889680975
7555275000000
7555634696192
7555989756150
7556345956485
7557240600000
7557296947200
7557858536958
7558272000000
7559100843840
7559886610800
7560319032000
7560389450250
7560408471552
7561853361216
7561993420800
7562836426464
7563039869952
7563097856160
7563119150160
7563671875000
7564190689440
7566081412500
7566313161600
7566350428728
7567190859375
7567829068800
7568628121600
7569422784000
7569574785000
7570797857280
7571086442816
7571237169015
7571813409600
7572237777405
7574236972848
7574710910130
7575284556360
7575913900602
7576380112896
7576560656384
7576823592000
7578593750000
7578814261200
7578999639666
7579113300000
7579645132800
7580335335174
7580878446301
7581092310792
7581237248000
7581310478000
7581444480000
7581592418400
7581655695600
7581725096400
7584206812875
7584290149968
7584641144514
7585004519424
7585974000000
7586249157000
7586611200000
7587413665650
7587560066625
7587580078125
7588516037440
7589003906250
7589022076440
7589580771240
7589722599648
7589772288000
7590457011744
7591864320000
7592714019072
7593150237750
7595281250000
7595645568000
7595705502000
7595945623552
7596770781600
7597417297184
7597842000000
7598469910500
7598887665664
7599537015840
7601350366368
7601800789440
7601958000000
7602787046400
7602873516000
7603031900160
7604881830000
7605000000000
7605372041190
7606411218000
7606753800912
7607322331245
7607920399200
7608660947797
7610760000000
7611457351680
7611580454400
7613458513056
7613909139200
7613974260144
7615174791168
7616578695264
7617031250000
7617069140625
7617285000000
7618008186880
7618069440000
7618309229440
7618432597425
7618738176000
7619997676752
7620416729376
7620849031250
7620969080025
7621223694336
7621370680875
7621565442120
7622193446912
7623435600000
7623572153600
7624001400000
7625192100480
7625287111680
7625539584000
7625970555840
7626240000000
7626610063800
7626831723000
7627285512000
7627891015680
7628353687500
7628734091264
7628930925696
7629398437500
7629473134755
7629829480000
7630371125000
7630645307220
7631406250000
7631613526869
7632600288768
7632887109120
7634206867500
7634489533200
7634880000000
7634949504000
7637186250000
7637209031250
7638394266720
7638433689600
7640118886400
7640488364000
7641535482672
7641633888000
7641634329120
7642191735360
7642769370600
7643067250000
7645400315091
7645985280000
7647185000000
7647356126592
7647376179625
7647531543696
7648377624720
7648500600000
7648552657620
7651939364160
7652017152000
7652750400000
7653022497792
7653565968750
7653781533125
7654348800000
7654593744000
7655205492480
7655817798720
7656172543250
7656378163200
7656848872992
7658086175190
7659048960000
7659612028572
7660595059650
7661322240000
7661562286080
7661885644800
7662134113920
7662154500000
7662745492038
7662872448000
7663891218750
7664644915200
7664959056312
7666348123595
7666461077220
7666588864350
7666634063872
7667532713295
7668484497024
7669013695616
7670537028000
7670815252254
7671015014400
7672041219584
7672188386016
7672413962240
7673568124950
7674706462500
7675140923450
7675371000000
7675548762112
7677623140352
7678125000000
7679322450000
7681369900176
7682025062400
7682327791056
7682341646322
7682457600000
7683137945600
7683351440625
7683372487908
7684310384640
7684873996800
7685658167616
7686016128000
7686026117120
7686515323872
7686635220000
7687185660000
7687399145760
7688076027632
7689085747200
7689380517000
7689601024000
7690429687500
7690699224000
7691519531250
7692182769375
7692621229584
7692701925376
7692726843750
7694216441856
7694944416640
7695000000000
7695168870420
7695171993600
7695262511300
7696575936000
7697118265344
7697436677532
7697541124980
7698939840000
7699683515625
7700006880072
7700336280000
7701658329600
7702339619520
7702356906000
7702434622080
7703390822400
7703643542400
7703802328320
7703859435264
7704097587200
7704245162880
7704720000000
7704778781700
7708597778000
7710244864000
7711231021056
7712119680000
7712244140625
7713233289216
7713676432000
7715162831040
7715678513881
7715736000000
7715863309644
7716010337280
7716465000000
7716919716000
7717030776000
7717186558368
7718960554272
7718998871584
7719152000000
7719775929888
7719949596672
7720278836400
7720765743600
7720858828800
7720960000000
7721265512448
7721482909140
7725964861440
7726126104576
7727907573540
7730941132800
7731624700800
7731716286528
7732274135040
7732282692992
7732535203575
7732723712000
7733107923450
7733170208400
7733261615625
7733506916352
7734398386176
7734419334720
7735092019200
7735830925824
7735994468550
7736368465800
7737975000000
7738614374400
7739429739300
7739670528000
7740409232462
7740417042000
7740742316032
7741402689020
7741593557100
7741766688768
7743016154160
7743176021581
7744335727050
7745569050960
7747228800000
7747268560416
7747305315840
7747573792768
7747667366400
7748409780000
7748803440000
7748914613440
7750647238464
7750895561136
7751016000000
7751897130250
7754084605620
7754743808000
7755061169895
7755075000000
7755196202838
7755372522560
7755579608400
7756260935040
7757227992150
7757938087900
7758558334800
7758720000000
7759234695168
7759407656250
7759888905600
7759924318800
7760239697133
7761833950500
7762799529225
7763098218750
7763261929472
7763558400000
7764787100340
7765046464000
7765212672000
7766227776384
7766544384000
7767069355968
7767541656000
7767852318720
7768408023200
7769092984832
7769682000000
7770028500000
7771521024000
7772324625000
7773332963760
7773492924288
7773843924000
7773917471775
7774045407765
7774568989200
7774754098176
7775012044800
7775878906250
7775905385925
7776000000000
7777461888000
7777929250000
7778655535104
7778743000000
7779320290521
7779516595200
7781178038400
7781711985450
7781802703920
7782002343750
7782012597600
7782222044160
7782271910842
7783491635082
7783843444650
7784034375000
7784894824488
7785318468096
7785790228125
7785970483200
7786701093600
7787019240000
7787271403125
7788220876800
7788550941600
7788732951006
7790139500000
7790832112500
7791131221848
7792210802250
7792295430400
7792945353900
7793135616000
7794010952000
7794034138800
7796488830000
7797007765625
7797929058720
7798345813440
7798698904500
7799082000000
7799498437500
7800398807040
7802525577600
7803390656512
7804188636992
7804480000000
7804490175360
7804645569000
7807058214912
7807781097792
7808422954500
7808432578650
7808456294400
7808852957184
7809371315200
7809751779840
7810340364288
7810529328000
7810798276512
7810822380816
7810992000000
7811140646400
7811334144000
7811434176000
7811437659084
7811629056000
7812161914752
7813968750000
7814064447000
7814246580000
7814688940240
7815177923150
7815437776125
7815641400000
7816178073600
7816297500000
7816503512160
7816683862116
7817472000000
7817500800000
7818161541120
7818662028672
7818747955200
7819514431624
7819618212096
7820502048000
7820965838848
7823804340000
7823860084736
7823887718400
7824623993550
7824708937500
7825017656250
7825545000000
7826421675800
7827016202460
7827362502300
7827577896960
7828092979200
7828419481344
7829807431680
7830717440000
7830913207936
7832064614400
7832490517152
7832505600000
7833069899865
7833600000000
7833769259862
7835274562500
7835665563648
7836693392736
7836750000000
7837472289920
7838090568000
7838343345168
7838802321408
7839355737600
7839788544000
7840241101238
7840274953896
7842125254656
7842744000000
7842866135040
7843152457728
7843317580800
7844513208480
7844932252989
7845264902250
7846109893440
7846306650000
7846326420048
7846512946272
7846683062400
7846695659520
7847051264000
7847882819712
7848182736576
7848639052800
7849800253440
7849908633600
7849993052160
7850761380000
7851173659875
7851537432576
7852208947200
7853432785920
7853830668288
7854019488000
7855736927472
7855893540000
7856789298750
7857486000000
7857913781250
7859421900000
7862805028260
7863096125500
7863167303680
7863768839520
7865117687808
7865624166400
7867027411200
7867221348000
7867359718400
7869439740000
7871147053056
7871735374848
7871858640000
7872077071300
7873541676000
7873925649408
7874369803278
7874413056000
7875280000000
7876459543680
7876795155840
7877404780875
7879852515744
7880544089600
7881233580000
7882155465184
7883753472000
7884461424000
7884562897120
7884969750000
7886166172416
7886865425250
7887091273728
7887210688264
7887345811488
7887601571850
7887987551808
7888508121879
7888550771700
7889160309888
7890820312500
7891083281250
7891809730560
7892679263040
7892922701664
7894277921075
7895225382840
7895340810240
7895572170192
7895631767400
7897338000000
7897344000000
7897377285000
7897442953920
7898702542185
7898978746368
7899182812500
7900264125000
7900537500000
7900913664000
7901315072000
7901675730375
7901685237600
7902342871875
7903053494784
7903508180832
7903996557600
7904463532416
7905231329625
7906487278417
7906988456640
7907665235850
7907927740416
7908041901816
7908243865600
7908670373604
7909077103200
7910099112500
7910257500000
7911968750000
7912046213820
7912242000000
7912372551993
7913223146400
7913784887190
7915086683712
7915945356000
7916923828125
7917343659225
7917439782912
7917450117120
7917982699392
7918329510450
7918859894400
7919113982976
7919659912500
7920083059200
7921246267557
7923214417950
7924087416960
7925422620672
7925807843226
7925933524608
7926187051008
7926229209600
7928601408000
7929753679872
7930272158340
7930385098632
7931674466352
7931727335664
7931776608000
7931904093750
7934371614720
7934571316224
7934774722560
7935440693544
7936539176475
7936686080000
7937942661376
7938000000000
7938544064445
7938795453750
7939135443200
7939336588128
7939492344000
7939729512000
7940347484160
7940615004000
7941307500000
7941383687424
7941858263040
7942064256000
7942569623586
7942996890400
7944385483125
7944707268960
7945751953125
7946107898560
7946201342664
7947011250000
7947923558400
7948117965312
7948539044460
7948546382007
7948824374400
7949883801600
7950825815400
7951424546016
7951981541207
7952239546875
7952845565952
7953708533824
7953908892200
7954117928640
7954470273024
7954661376000
7954917806250
7956131274000
7956154368000
7956232667136
7956236231424
7956411535872
7956440000000
7956660694500
7956902210400
7956911250000
7957060560000
7957774351800
7957814844672
7957825877520
7958037528576
7958915680625
7959593687500
7960556303280
7960963046400
7963758176256
7963924050000
7964889136218
7965350265600
7965701714880
7965815603200
7966372500000
7966691334000
7967060025750
7967163900960
7967597182272
7967941839312
7968099202560
7968426354000
7969177600000
7969866275448
7970093315275
7970602191552
7970851200000
7971481481613
7971615000000
7971687083520
7972024500000
7972415602688
7972649193600
7973222445000
7973379905400
7973657874432
7973721000000
7973804966400
7974172388000
7974530200000
7974646211160
7975378972800
7975795464000
7975819191600
7976023992000
7976276048124
7976390912000
7977897813600
7978978074960
7980137317152
7981130102400
7981736393670
7983119933334
7983375592500
7984530343075
7984806400800
7985034626400
7985425875000
7985484225000
7985586977550
7985800158336
7985867678208
7986665150464
7987331788800
7989181683840
7990528000000
7990903817280
7991033856000
7991408224800
7991465664000
7991957062656
7992909414000
7992928469250
7994875770000
7995682800000
7996101362067
7996525804800
7997872122000
7998083627776
7998908596224
7999539609600
7999957838418
8000337600000
8000581059245
8001121157120
8001788497920
8002109440000
8003019919050
8005077080000
8005656984696
8005863864768
8006215089600
8007047560512
8007707443500
8007940566990
8007977779200
8008065000000
8008194097152
8008593750000
8009354858700
8009602744500
8009771371875
8011079109792
8011136964096
8011333447200
8011727360000
8013100772328
8013308688000
8013596385424
8013699477504
8014236847974
8014799536128
8014843890000
8016033516750
8016941689120
8017441619616
8017920000000
8017975151550
8018654658560
8020557581400
8022606929568
8023564800000
8024191250000
8025255378000
8025620480000
8026324992000
8026485376000
8026656325632
8026812472554
8027512273152
8027708925600
8027760363840
8027948728800
8030154332928
8030688057000
8030711192000
8030949534720
8031121792750
8033421312000
8033796273888
8034618009600
8034821748992
8035755000000
8037965767104
8038395904000
8038976130900
8039601827712
8040209448960
8040366219600
8040511107200
8040814031250
8041019952000
8041504307200
8042260426200
8042592080250
8044953858000
8045352241920
8045760000000
8046242878464
8047502848000
8047547754050
8048966889600
8049006928872
8049750211440
8050047019875
8050620375000
8050820377600
8050854988800
8051261440000
8051949196200
8052255859375
8053253906250
8053322940416
8053414168800
8056284905472
8056320322050
8056599856074
8057161512400
8057864761875
8060559851520
8061582056400
8062934418750
8062969950000
8063981281224
8064000000000
8064860574978
8065142784000
8066158452315
8066184000000
8066357145600
8066462495616
8066562581250
8066986560000
8067536624763
8068607147520
8070265834475
8070486840000
8070817320000
8071657290000
8072307308520
8073849542850
8075018594304
8076400488000
8076600970240
8076679687500
8077080375000
8077339156250
8078951182848
8079244373376
8079272801600
8079691637472
8080312500000
8080430001966
8080530112512
8081131421952
8081590061259
8082393298980
8082898200000
8083420312500
8084797680960
8085061933344
8085602304000
8086432500000
8086874112000
8086914339840
8087176353375
8087431625000
8087526000000
8087559023700
8087696201088
8088274585710
8088984000000
8089148325888
8090150400000
8090165804175
8090535591936
8090697245800
8091651276800
8091999100800
8094379857200
8095500000000
8096681970650
8097151608000
8097221837250
8099669901312
8100428266530
8101416408800
8101537500980
8101766606760
8103161008800
8103375000000
8103899234340
8104614534368
8104898434500
8107941236736
8108369140625
8108549573760
8109731750400
8109836122752
8109935640576
8110537771250
8110963818750
8112133848000
8112529238112
8113017024000
8113854873600
8114012647650
8114476876080
8115506380800
8116110384200
8116186505856
8116831391760
8117153460234
8118494822400
8119237500000
8119878211600
8119985825952
8120758953125
8121654067200
8121876480000
8124355713280
8124506000000
8124670008000
8124873750000
8125087370400
8125644800000
8126367187500
8126505878400
8126816443200
8127130632192
8127785040076
8128055287170
8129843111936
8130306877056
8130919019632
8130955487655
8131738125790
8133267542400
8133297868800
8133908889600
8133940627631
8135050734720
8135359856640
8136033583104
8136450000000
8136910600000
8136973491660
8137880524800
8138188800000
8138883517600
8139219070752
8139633713505
8139772513600
8141273644608
8142722588000
8142979921920
8144227123200
8144900842428
8145514501830
8145740211840
8146641484800
8147102072832
8148377384784
8148816497500
8149468320000
8150602247424
8151455632320
8152170994968
8153501036544
8153574000000
8153907646500
8154224640000
8154487488000
8155058227200
8155132876800
8155212002784
8156870586144
8157101293440
8158350354000
8159656176000
8160105455502
8161455518937
8161562500000
8161565335875
8161819848000
8162068724160
8162151628800
8162211999744
8162766212832
8162934343200
8163022151250
8163364424040
8163631719180
8164579783680
8164677539664
8165552525312
8165625000000
8165712999600
8165806571520
8167082188446
8167448567808
8168180267520
8168625253536
8169086269344
8169111631992
8169248841600
8169778639360
8169849086000
8171367925500
8171475000000
8172773437500
8173236093750
8173394676720
8173784919168
8174394358065
8175026995200
8175648768000
8177076096000
8177162479200
8177537088000
8177558482368
8177825544000
8177930207232
8179626037500
8179757913600
8179975553024
8180746875000
8181592473600
8181611196416
8181819804375
8181910201920
8183089152000
8183473655760
8183891788800
8185121263800
8185289973840
8185346555904
8185442364000
8185714625088
8186040720000
8186062500000
8187281408000
8187736227840
8187815316240
8187960038400
8188062573600
8188263104112
8190433025047
8191183159296
8191592208000
8191709734208
8192000000000
8192431810688
8192500972110
8192953458036
8193149089560
8193540096000
8193545346987
8194339687500
8194626131040
8196542004560
8196807168000
8197071404076
8199213465600
8199625500000
8199892422144
8202005884800
8202903750000
8203091834880
8203313602575
8204547716064
8205423387252
8206726612500
8206845763662
8207068187500
8208669081600
8209179183744
8209543104000
8210689486146
8210781890000
8211386505888
8213272376400
8213964843750
8215056200000
8216554031136
8217427968000
8217726566400
8219940300000
8221054732800
8221286729754
8221540781250
8222442909660
8223570432000
8224193107125
8224781376825
8224925625000
8225399270400
8225568000000
8225679250880
8225777012544
8226089071200
8226503077000
8226789144288
8228109093750
8228237230080
8228244307712
8228279866950
8228364270832
8228610281250
8229857986944
8230541220000
8230995500000
8231896576800
8233547616000
8233553934000
8233778214900
8235090623232
8235373221152
8235403994088
8235562500000
8235582750720
8236704153600
8236738868904
8237526528000
8238032750592
8238621982500
8238929281024
8239317623680
8239564858140
8239767187500
8242806499200
8243248148352
8244292492800
8244480000000
8244691000000
8244726860160
8244881962200
8245694639952
8246602912500
8248018546586
8248161150000
8248472232000
8248474503360
8249508384768
8250827348400
8251133363200
8251652056032
8251727433120
8251806400000
8251953125000
8252220768750
8253797950125
8255350656000
8255655281250
8256047110542
8256756200616
8257242296875
8258239604160
8258959800000
8259166273995
8259222110208
8259868359375
8260160083200
8260380648000
8260405288200
8261773750000
8262215974650
8262764256384
8263160855712
8263981402560
8264178524160
8265271568400
8266084055775
8266696704000
8267846384160
8268666346710
8268750000000
8269098941250
8269196765760
8269237616640
8270213983200
8270282520864
8270831943680
8271195296000
8272065247888
8272195312500
8272263750000
8273367600750
8274228019200
8274400542720
8274631024950
8274739200000
8275440000000
8275902243840
8277338254500
8279313894800
8279376000000
8280380545920
8280463023360
8280792776256
8280959090688
8281268585856
8282289386576
8282481012000
8284064972800
8284583903232
8284696215552
8285172500000
8285312812500
8285394567168
8287817076000
8288810319240
8289152197326
8290309538880
8292375000000
8292774297600
8293346181120
8293668246000
8293844579328
8294467758720
8295422054400
8295659985375
8296312500000
8297224000000
8298223248000
8298987520000
8299376316000
8299415996928
8299939415950
8300897418240
8302010000000
8302076572500
8302444207200
8302970000000
8303090410496
8303705644338
8304198656832
8304242489088
8304530958360
8304689203200
8304769105920
8305748687250
8305955161920
8306381836896
8308786134726
8309036023808
8309283426000
8310600000000
8311365963264
8311588731765
8311834792349
8312880700800
8312906207232
8313032000000
8314985250000
8315088404480
8315961344000
8316350935200
8317213026304
8317348790400
8317790995968
8317969035264
8318031820800
8318151953125
8319408750000
8319752176554
8320345283432
8320425394176
8320879245546
8321497667392
8322064254000
8323200000000
8323596288000
8323858143000
8325248551840
8325285600240
8325628416000
8325660672000
8326192435200
8327064453120
8327300826768
8328069560083
8328673125000
8329986854280
8330770546560
8331460996250
8331724800000
8332196454400
8333440000000
8334178593750
8334179942400
8334505951200
8336684160000
8336715987600
8337078779904
8339441525800
8340324300000
8340457489056
8340662604384
8340905295450
8341674120078
8342770286592
8343225630720
8343909100800
8344275600960
8344868095872
8344895706000
8345340057600
8346356200000
8346979971175
8347367641184
8347924284084
8348196909500
8348578875000
8349186669120
8349416423424
8351341608960
8351730765625
8351822313045
8352000000000
8353210108320
8354272530240
8354874026034
8356002729984
8357058309600
8357280750000
8357883738567
8358299558640
8358647210550
8358714000000
8358934682880
8359623813870
8359650405360
8359694869500
8361052471296
8361279723750
8361732404160
8362791052785
8363136600000
8363412084240
8363493767200
8363635406100
8363840625000
8364106321875
8364128242176
8364238848000
8364295763460
8365220365824
8365275000000
8365437906714
8365547531250
8365909245309
8366178795975
8366745083904
8367007104000
8367090726780
8367291237760
8367480755712
8368373250000
8368945312500
8369224848000
8369393760000
8369578095760
8370171002880
8371381926312
8372048900670
8372378854312
8372881007400
8373325922304
8373550717350
8373865500000
8375123312640
8375371804800
8375430198432
8375717196000
8375937062400
8376069984000
8376192860160
8377084800000
8377668000000
8379000000000
8379305457768
8380187424000
8380490435200
8380908211676
8382780666540
8383026652000
8383367116800
8383498905600
8384643072000
8384959438616
8385420240000
8386250181120
8387095477376
8387491954688
8388251911680
8388751392000
8389434743424
8389532782800
8389880665056
8390247867000
8391033138540
8394052258880
8394364432800
8394720768000
8394977024000
8395905117600
8396375000000
8396674778142
8396857684375
8397822178944
8397978750000
8398053658800
8398080000000
8398270063750
8398402965225
8398403040148
8400258322755
8401366630400
8401877922816
8402509107200
8403525000000
8403688051200
8404840185399
8405079858000
8405104862700
8406220528836
8406466796875
8406546314400
8406729287568
8406757125000
8407689600000
8408379643776
8408439031680
8408534388480
8408580516000
8408653446375
8409375000000
8409980779200
8410288544775
8410390625000
8411061384648
8411903500000
8412217548800
8412460875000
8412799449600
8415020880000
8416080691200
8416345455700
8417531828160
8419845625425
8420018343750
8420633437500
8421110710740
8421573741696
8421923275584
8422565858784
8422594816860
8422981632000
8423008560000
8423752190625
8423939150848
8424675341550
8424805788000
8425282711664
8425860124500
8428577417568
8429584464000
8430253977600
8430384631896
8431266938880
8432609724000
8432824622112
8433107184942
8433132797952
8434064077712
8434888704000
8435871360000
8436240875520
8436348910080
8436960688640
8437157316000
8437648479750
8438443272000
8438459346450
8438547093750
8439138708000
8439410310912
8439427680000
8440392157002
8440672798215
8440919359488
8442655015795
8442939807666
8443137011400
8443241352000
8444985026400
8445706351488
8445821146875
8446016890080
8446445321600
8448388580142
8449157433600
8449846218112
8450000289792
8450760500000
8450815317188
8451300480000
8451889100928
8452580079250
8452682929152
8453551502484
8454709366272
8455716864000
8457174835200
8458328080384
8458518656250
8458956968896
8459769146400
8461493062272
8461724245884
8461908000000
8461970953605
8463249100800
8465537170818
8467313935545
8467557315840
8467811329736
8467894659133
8467954735293
8469004419072
8469029400000
8469044812800
8469703983104
8470782987264
8471029181440
8471102899000
8471129859072
8471253063104
8471368089600
8471820629888
8474011182000
8474815365120
8475253762500
8475468750000
8475715357200
8475994372608
8477901324288
8478180900000
8478425088000
8479267552665
8479642710825
8480125213875
8480385662976
8480493379800
8480747520000
8481260556288
8481312000000
8481573349920
8482099001544
8482895953920
8485762500000
8486679114144
8487102054400
8487398105460
8488027949310
8488214109375
8489751175464
8490107210400
8490693107700
8491324150400
8491392000000
8492143815540
8493631200054
8494396997632
8494762278912
8495592262300
8495901780624
8496202500000
8496389604096
8496519935904
8496720169650
8496740193900
8498224835100
8498334000000
8500698330894
8501326410240
8501694561360
8502241280000
8502802285644
8503172461550
8504159139840
8504475891282
8505302400000
8507812500000
8508521112000
8508706228224
8508984639100
8509130859375
8511576278625
8512526114352
8513100547875
8513330364000
8513852153248
8514720000000
8514756205056
8515600632000
8515771633125
8517295800000
8517787600000
8518366584000
8519145525720
8522514000000
8522956800000
8524338243750
8525209325425
8525917968750
8528728849641
8528974287750
8529046016400
8529231790224
8529404457600
8529440733450
8530228381500
8531686195200
8533420277760
8534030303232
8534193225728
8534530301625
8534804687500
8534995677000
8535485369628
8535648213648
8535696397632
8536781635200
8536839309306
8537080542120
8537623173805
8538236525637
8538493824000
8540278454718
8540501365760
8540966332080
8541319752000
8541760780800
8541803271456
8542907041500
8543311849280
8543756130000
8544027975336
8544925677600
8545409017600
8546283271680
8546940665676
8547169831200
8548095628800
8548186757040
8548357781250
8549365768740
8549669273600
8550452059115
8552792788992
8553232705500
8554537992000
8555774947200
8557107609600
8557377192000
8557447599792
8557453102352
8560327546368
8561201432064
8561794500000
8561976696000
8562105000000
8562427801200
8562889520640
8564555120640
8566272000000
8566509345072
8566786503135
8567908049952
8568000000000
8568412569600
8568665040000
8569160156250
8569317785600
8570259210240
8571080448000
8571383398305
8571620966400
8572558856652
8573476532224
8574907872960
8575680512000
8575868400000
8576518672800
8576589280896
8576917046208
8577001575000
8577721964592
8577776604600
8578134835200
8579026227200
8579247580800
8579936321775
8580185688375
8580438687744
8581682695950
8582169768480
8582733759360
8583949868130
8584565882880
8584976778000
8585332031250
8585422898976
8585482077900
8585498610000
8586003160000
8586351995625
8589275836515
8589318192000
8589967360000
8590124928000
8590221603576
8591034286080
8591834531250
8591946729858
8592396696576
8592621775920
8593454387232
8593625404800
8593806282336
8594129408000
8594250753088
8595487368000
8595549409500
8597340000000
8598115541925
8598450656250
8599469419008
8599837638656
8600463380000
8601255000000
8601470988288
8603083125000
8606678976000
8606711808000
8608099500000
8608519296000
8609344200000
8609515720000
8610000000000
8610461129088
8610598453248
8611250297832
8611932368592
8612106179040
8612374118400
8613409290624
8613780252480
8613859101120
8614502184960
8614898270208
8615244701700
8615535528960
8615649561800
8616926053125
8616995690688
8617455255552
8619142213500
8619584943200
8620058050560
8620353662976
8621219518912
8621901792000
8622728640000
8623225000000
8624259945000
8624376633600
8625621312000
8625922243200
8626318331904
8627001126912
8627203609416
8627492891424
8628165000000
8628450742912
8630316564480
8630782917120
8630933968800
8631465707520
8631877632000
8632617943950
8632785861700
8632931328000
8633365977600
8633872863000
8634159635400
8634217680000
8635285241856
8636114287600
8637036626400
8640364608000
8640456817632
8640522072000
8642468228625
8643564743040
8644978125000
8645000000000
8645483246400
8647257632832
8648218125000
8648324038980
8648520854400
8648710200000
8649085531086
8650553081625
8650694246400
8650878031250
8652041015625
8652480345600
8652659573250
8652665548800
8653627673600
8655442001152
8655571386000
8656347656250
8656812468720
8658810090000
8659157644800
8659602371250
8660439428004
8660643884802
8660968243200
8661150633408
8661250000000
8661253009500
8661469716900
8662549218750
8663342942800
8664182406880
8664354832000
8665449984000
8666405142528
8666644480000
8668161308016
8668420242768
8668604206080
8669131312500
8669865269700
8669925639648
8670412800000
8670685565625
8670780518400
8672172500250
8672197946048
8672286105600
8673019186832
8673168087360
8673611536170
8674025472000
8674888954044
8676036198500
8676374687232
8677387450368
8678659852800
8680859170022
8681467576320
8681631400000
8682346043008
8682810603840
8683103924224
8683256637792
8683751995776
8684090376192
8685204291240
8685406526225
8685966182400
8686030924800
8686049030064
8686430176320
8687187249312
8687848523904
8687952000000
8688256200000
8689420800000
8689585334976
8690531378688
8691005030400
8691055514050
8691303075840
8691351574374
8693432915328
8693949607200
8694082664280
8694335472732
8695584276992
8696306174544
8696610748800
8696870597205
8697761300800
8699314176000
8699816484450
8700932653056
8703250835202
8704314675000
8705412169728
8705802240000
8706295070720
8706806857728
8707437103040
8707538495250
8707796247696
8707908384000
8707969172250
8709014032236
8709541750000
8710137921000
8710360505280
8710396737900
8710449602400
8711478720000
8712725618688
8713058572400
8713563206400
8715854109312
8715868480000
8716125787200
8716379112000
8716813380000
8717108625000
8717194442880
8718118500000
8719757506278
8721505406250
8721710899200
8721751049375
8722126609020
8722214502400
8722814062500
8723526288750
8724152320000
8724459375000
8724598162506
8725614625728
8726716250000
8726958400000
8728560000000
8730304524864
8730744422400
8732110464000
8732450488320
8733032448000
8733382000875
8734286636075
8734528080000
8734593566400
8734934000000
8734953862656
8736450031400
8736979894272
8737362432000
8737468729600
8739359028864
8740051050150
8740482187500
8740700280000
8741203037280
8741282062500
8741618880750
8742184648704
8743392948906
8743558348800
8744923736640
8744999584230
8745574414500
8746311426048
8746390112850
8747530940928
8747936810496
8748144342000
8748370568925
8748806277120
8749162711744
8749299781420
8749587890625
8750503440000
8751085875000
8753518368000
8753677046400
8754421109760
8757038671875
8758241280000
8759170636128
8761632883200
8761656248272
8761798019520
8761920731200
8761955940000
8762395957875
8762963263488
8763802667136
8764552642560
8764788760000
8765399214936
8766197118000
8766250727520
8766332359200
8766646002576
8767277568000
8767563535125
8767847188100
8767974408192
8769920565248
8771045627968
8771049933750
8771386392576
8772078440448
8772472647600
8772836745400
8774412396750
8774643608640
8774863650000
8775094360032
8775312000000
8775421424000
8775696384000
8776043463600
8776923267456
8777280521742
8777897774100
8778134609375
8778620442150
8778946976800
8779712216616
8779864193100
8780040000000
8780362897950
8780380968750
8780973075000
8781049244160
8782553870640
8783023570944
8784145814400
8785542729600
8786294706500
8787863448000
8788145002000
8788533316992
8788705537500
8789062500000
8789243904000
8789374540800
8789375000000
8789994199008
8790356803200
8790822502875
8791525057770
8791570988640
8792424443520
8794140395040
8794585727200
8796953735577
8797070488608
8797162774400
8797643246304
8798038560000
8799604014600
8801592890625
8801842595328
8803401751035
8805888000000
8806220258220
8806562611200
8806874501120
8808791191200
8808871500000
8809777358928
8810526250000
8811072691200
8811568800000
8811708416000
8811734630400
8812800000000
8813030372960
8813227768800
8814716750000
8814765435840
8815123759104
8815521792000
8817156326160
8817312153600
8818001222625
8818998988800
8820450426768
8821617459200
8822033230500
8822155647825
8822693354580
8822788748928
8822822400000
8822943478336
8823205822464
8823437012880
8823732278400
8824927906080
8824962908160
8825077359540
8825597480700
8825856000000
8826273093280
8826325704000
8827094981250
8827629060096
8828613640125
8829124758792
8829309535872
8829674127360
8829711498816
8830536400224
8831242183680
8832435744600
8834444236800
8834660604000
8834960977920
8835578633700
8836309053792
8836609801656
8837162728485
8837183089800
8837316603234
8837908809600
8838013275000
8838265363200
8838381125000
8839866443625
8839987200000
8840277753120
8840290188912
8841397673856
8842193269875
8842263920640
8842862321280
8842996841472
8843063840919
8843387728032
8843400000000
8843490807775
8843821056000
8844875771904
8846830387200
8847360000000
8847676680192
8848251342720
8849023303680
8849344024664
8849742486480
8849887466112
8850465000000
8850624016500
8851052017152
8853119707500
8854183829232
8854266598272
8855070719040
8855150542848
8855595540000
8858166355584
8858499104000
8858566332000
8859136050000
8859869194176
8859897446400
8860332000000
8860493449632
8862293531250
8862355487700
8863257349440
8863545283299
8864149000000
8864165041920
8864641500000
8865159168000
8865687457900
8866640047104
8866858112000
8866923811200
8869123081728
8869238532000
8869839660864
8870133259260
8870334166512
8870472000000
8871480389250
8872260696000
8872366925175
8873078854185
8873112024297
8873186309120
8873218839375
8874357752250
8874508697600
8876194529280
8876395504080
8876613108393
8877190464000
8877535524000
8878782019200
8879044608000
8879062500000
8879408676864
8880710729184
8881133625000
8881368100560
8882128555695
8882294817024
8884261067264
8884477110600
8884623323160
8885243362500
8885484748800
8886217087800
8887530600000
8887978444800
8888527872000
8889474114000
8889485230080
8889992000000
8890474421500
8890632628878
8891250076800
8892523146780
8892792231375
8893488804480
8896774348800
8897452715000
8897711741100
8897756236800
8897970343500
8898701113575
8898925781250
8899039687500
8899242187500
8899522795800
8899745968750
8900964843750
8901765112320
8903949138000
8904038400000
8904776025600
8905799113728
8906126777856
8906384775600
8907053875200
8908014042000
8909185130496
8910756907416
8910893536272
8913688784000
8915654597850
8916564265700
8917457785600
8918253138600
8918277230592
8918680525060
8919034675200
8919594936000
8919676584000
8920972889856
8921105424000
8921211099840
8922162656250
8922960000000
8923193252622
8924807577600
8925225204933
8925572210688
8926264611675
8926319232000
8926509024720
8927223730488
8927353344000
8927370780237
8927665926400
8928032440320
8928168600000
8928331038720
8928918554400
8929373257728
8929806075450
8930185494048
8930250000000
8930397349125
8931073074560
8931777624000
8931982897152
8932722624000
8932890919680
8934734010960
8936166260736
8936601506946
8936718336000
8937137008800
8939162717550
8939498087520
8939547302400
8940215629800
8940286440800
8943341032080
8943511449600
8943797990400
8944481915200
8945014249600
8947922100552
8948052918272
8948506756800
8948516421537
8948964283350
8949558920000
8950435347776
8950601660000
8951217766400
8951526604800
8952079885560
8952722795520
8954599500000
8955765000000
8956588800000
8957161705680
8957588339700
8959993660800
8960065952013
8960275544272
8961544921875
8962169062500
8962847312500
8963602808832
8963934569226
8965160265600
8965242000000
8965845976500
8966333353824
8967207600000
8968458240000
8969762816000
8970348437050
8970943936500
8971167744000
8972167968750
8972242882560
8972679468480
8972796590550
8973724064445
8974961049600
8975448000000
8977026646016
8977692229632
8977878850500
8977911075000
8977985059968
8978017064688
8978125000000
8978416196400
8978618880000
8979700866444
8979984000000
8980132169736
8980154892800
8980328385000
8980470577584
8981238251520
8983040000000
8983812096000
8984998294272
8985290600000
8986395572000
8986561452288
8986789548000
8986971761900
8988104746368
8988900710400
8989230185397
8989344000000
8989766794440
8990336378664
8990453347200
8990777250000
8991110112000
8991178653600
8992247290650
8992287830016
8993495019520
8993545204322
8994171593750
8994375000000
8995903754580
8996400000000
8996548440600
8996779648080
8996913152500
8997165779456
8998384470894
8998772170752
8998912000000
8999451004590
8999634470400
9000475851700
9000576000000
9000772698112
9001327500000
9001512209808
9003618892800
9005366160000
9005573963776
9005744020896
9006082672230
9006313313088
9006596847864
9006630665175
9007331677344
9007337064960
9007900687500
9009191485440
9009500442624
9009714954240
9010813056000
9012795587082
9012854592000
9014064696000
9015776653312
9016045873920
9016052662260
9016355474145
9016488000000
9016699376250
9016948777200
9017028977803
9017512988250
9017579960136
9019059400260
9020160000000
9020393928000
9020986490880
9021768988050
9022031909800
9024800030720
9025326879975
9025574040000
9026218880000
9027637500000
9028412300250
9029585583200
9030423650292
9030486549000
9031019597600
9031324236480
9032449567050
9032601600000
9032770961280
9033269046480
9034550091000
9036367672320
9036654571728
9037013965413
9037745167392
9037762173504
9037832185935
9038945260800
9039207968000
9040500367488
9040682851200
9040785062400
9041062756352
9042435200000
9042711487992
9042892800000
9044325585360
9044433962550
9046155582720
9046715425776
9047087803375
9047825671500
9049372841600
9049522751100
9050142623040
9051232507200
9052023238272
9052309360640
9052852877208
9053335484928
9053668784160
9055414517760
9056666222100
9057172924800
9057502490400
9057637515780
9057669120000
9057809301504
9058066106544
9058963606875
9059753903200
9063038992896
9063189540160
9064693727232
9064770818688
9064773157440
9065033250000
9065822054184
9066029536256
9066036029600
9066575185920
9067836211200
9068313968640
9069165285817
9069785156250
9069926400000
9070330487400
9071103082496
9071934470144
9071978941377
9072045000000
9072885350400
9072886230000
9073060334375
9073118412800
9073475960832
9073613340000
9073705536000
9074003211000
9074988576000
9075097586016
9075620829600
9075720192000
9075755852800
9076681950336
9077207040000
9077722752000
9079297695000
9079497081200
9079882828800
9081345722085
9081373437500
9082779241536
9082908750000
9083253816000
9083750000000
9084053008008
9084855780000
9085254492672
9085668969888
9085986000000
9086176091520
9086418712800
9086428915200
9086770368000
9089181901800
9090243035136
9090351562500
9090630000000
9092187500000
9095278233600
9095336096352
9095903635000
9096038437500
9096116442336
9096678500000
9096820162560
9096849244800
9097334977500
9097572573600
9097847304000
9098305391682
9098489203200
9099360720000
9100473132960
9102034401525
9102877280640
9103553165250
9105211458000
9105647651100
9106219244928
9106759125000
9107218501920
9108678074600
9108954927072
9109717747200
9110029500000
9110741068800
9110991580160
9112237375488
9112500000000
9112611600000
9112891796190
9113339872000
9113499281250
9114269804640
9114337500000
9114581894400
9115068133600
9116231025174
9116792921600
9117668260864
9118299340800
9119340492768
9122869936635
9122873280000
9124001082000
9124310010816
9124840524800
9125751796992
9126150579000
9126740504700
9127715688000
9128786485590
9128908107792
9129973459552
9131757264000
9131890102272
9133665214464
9133748822016
9134319144960
9134673750000
9134933980900
9135029736448
9135431424000
9137923200000
9137992341250
9138444348800
9139725271040
9140550893568
9140625000000
9141609824256
9141911669760
9145533558975
9145598559552
9146551752000
9147180656250
9147776601600
9148243296465
9148733778600
9148791130920
9148822425000
9149322268224
9149960102400
9150476177538
9150647500800
9150718895172
9151932076560
9152141518260
9152399692800
9152757432000
9154024425000
9155273437500
9155367761706
9155959667456
9156022601292
9157244077800
9157506430464
9157541363712
9159127826256
9159278544416
9159992524800
9161181162000
9161894225616
9162436500000
9163400173200
9163615092300
9164073672000
9167225139072
9168333688800
9168586036800
9168837120000
9169451928000
9171720432000
9171734888448
9172951351200
9173385678380
9174099916800
9174583272960
9174705800000
9176457783222
9176479409412
9176622000000
9176851415550
9177929208000
9178424906000
9178727943168
9178958131200
9181336098375
9181757812500
9182024970300
9182420582400
9182527360920
9184289587200
9184537839750
9185262232122
9185726592000
9186246590976
9186475769856
9187133603648
9187911025920
9187948965888
9188088000000
9188428528512
9189202800960
9189501750000
9189604569600
9190057185882
9190115625600
9190250585991
9190319292000
9190670413392
9191200000000
9191325696000
9191533806000
9192627100800
9193347942912
9193461101370
9193779045360
9194363469200
9194688276480
9195023950686
9195520000000
9196335000000
9196407126224
9196665235380
9196749619200
9196773946976
9197230440086
9197653717890
9197905644576
9198819302400
9198865061568
9199210608000
9199617748314
9199753292664
9199835910720
9201979893888
9202578125000
9202914662400
9203718750000
9203929087500
9204538279536
9204541276160
9204793344000
9205088256000
9206555852800
9206675437050
9206896754688
9208754777222
9210006374400
9210169108140
9211292230770
9211462041600
9212839068160
9212908985280
9213288022575
9213480000000
9214303987200
9215319839616
9216000000000
9216152064000
9217292725755
9217564538000
9217903210000
9219080192000
9220921920000
9221108572544
9222395484456
9222938762400
9222942613360
9225099199008
9226339604820
9227256620400
9228147592950
9228839068800
9229014247500
9229112277840
9229139066880
9229959867744
9230972258880
9231763767296
9231984594140
9232895708127
9233457484768
9234386840448
9237491321940
9238385000000
9238901031360
9239311417344
9241139959650
9241554567168
9241655623200
9241676218368
9241802333280
9242487261000
9242779000000
9243466743456
9244300800000
9244488093750
9245545421832
9245903776200
9246591619200
9247077863424
9248717407104
9248731270000
9248938036200
9249994052640
9251984184730
9253350823600
9253888109375
9254158243200
9254580781056
9254758036860
9254815961625
9255475125000
9257350643712
9258158000000
9260436931200
9261329280000
9261390814200
9261700693632
9261734952960
9262741068000
9263631359736
9263830676100
9264217910656
9264820958946
9265558761550
9265779490968
9266331227517
9266817830400
9267966210048
9270242818200
9270433724994
9271590124896
9272866411440
9273368000000
9273628436800
9274779182592
9275277375000
9275492207475
9275554724800
9276118881552
9276378733440
9276493133952
9277531661520
9278658816000
9279434391552
9279524025072
9280867375000
9281115437184
9281608900200
9281659760640
9282097920690
9282325000000
9282446950400
9282969600000
9283007812500
9283193362260
9283640058000
9284942066400
9286054761375
9288500450400
9289254223872
9289683226824
9290813782400
9291089853760
9291329775000
9292353896448
9292400964000
9292788301824
9293156250000
9294495468750
9295248752640
9295847960960
9295932145864
9296552043639
9296724822000
9296837412864
9297143534448
9297200839680
9298091736000
9298600263680
9298724821386
9298800000000
9298976960000
9299326400000
9300163339376
9300576729600
9300613266000
9300704394240
9301082489118
9301948437600
9302110968150
9302438529720
9303560985600
9304886016000
9304901526744
9305094708000
9305177616000
9306073403874
9307335168000
9308850969600
9309151738656
9309357766800
9311809291092
9312025792615
9312933140000
9313403535360
9313505229600
9314200740600
9314454948480
9315361838475
9316125000000
9317936136600
9318400000000
9318418200000
9318751596000
9319231200000
9319547001600
9321408686304
9321866749440
9322038441216
9322237848000
9323553093504
9325321344000
9326727417875
9327118600800
9327503241000
9327999556512
9328687601373
9331200000000
9331381725120
9331593776640
9332060028928
9332146475280
9333081600000
9333284144821
9333351562500
9333542830080
9334558112256
9336520704000
9336830744241
9337121906112
9338130238500
9338355280800
9339940864000
9340209578700
9340312500000
9340607016000
9340841250000
9341736328125
9342325350750
9342597328155
9342719750000
9342948273750
9344247335150
9344571350400
9344878792704
9345024000000
9345029303456
9345178192896
9345254031360
9345756672000
9346007812500
9348617567716
9350651205000
9351398732508
9351435185424
9354117427200
9354402969600
9354457092096
9354646046592
9356789678600
9357304157440
9357356400128
9357503218560
9358685982720
9359925166080
9360000000000
9360494885768
9360759492000
9362291850000
9362322285750
9363090959040
9363122456400
9364045824000
9364340410875
9364384080000
9364830583680
9364855500000
9365732992000
9365739700000
9367730520064
9368209880064
9370119094380
9370203242400
9370275278650
9370374037024
9370869392304
9371045376000
9371149429635
9372476469888
9373721011200
9373891455000
9375100812000
9375120000000
9375215545800
9376052162400
9376532427600
9376625961216
9377626728288
9378213507780
9380773969920
9380913398784
9380949703125
9381003019290
9381189944000
9381528760320
9381871716525
9382334976000
9382638240000
9382677500700
9382858035200
9383112000000
9383316696000
9384574464000
9389511744624
9390278110200
9393236803584
9394776380000
9395451727200
9395462890625
9395710067040
9396112500000
9396793265076
9396860928000
9397077611040
9397771468800
9397963620864
9398025000000
9398226583552
9399490678800
9399915000000
9400716693504
9400850361000
9401315220000
9401688164736
9402454297600
9404606706030
9404966747904
9406524611029
9406948954680
9408000000000
9408397017600
9411002692992
9412155298000
9413137958400
9413415850176
9413970646080
9414086760320
9415567980000
9417389529600
9418926211101
9418932870984
9419058725456
9419102635500
9419491133325
9419773500000
9419784192000
9420896953125
9421106549400
9421322151150
9421408391850
9421483500000
9422544983040
9423651017088
9423766597500
9424876500000
9425380407552
9426306910384
9428424688800
9428737890625
9429641360640
9429785247744
9430397581500
9430679301120
9431109450000
9431648370540
9433290326400
9433361051712
9434602453500
9434708920000
9434938406144
9435366033912
9435782482560
9436252233408
9436351426560
9436869798048
9437157852192
9437368000060
9438205722624
9438844391424
9439759180800
9440299008000
9440800188500
9442031714532
9443043016704
9443308791240
9443567056896
9444768933600
9445509732384
9445918233600
9447303462912
9447840000000
9448063812000
9449763523200
9450000000000
9450510589440
9450557276160
9451074468024
9451416665600
9451502236800
9451776600000
9451809897075
9452280651008
9452822745600
9453179186880
9453937500000
9455036104800
9455277258000
9457204442400
9457601765625
9457938035910
9457984844000
9458122562560
9458900582400
9459319684500
9459459544122
9459653080500
9462791121875
9465600000000
9469105695450
9470273904000
9470700820480
9471528490500
9473242512384
9473356726272
9474270459408
9474798897200
9474932736000
9475158277728
9475795929600
9476423798400
9476638097500
9476852742000
9476931544704
9477455137920
9477752094720
9478443050622
9480343031250
9480645000000
9480754269000
9482804654400
9482811446250
9482843664000
9485121494400
9485385227934
9485645046800
9485832384000
9486277595550
9486877479552
9486975964050
9487153249560
9488475434592
9489198283020
9490610257920
9490892523840
9490981500000
9491196602160
9491641236000
9491801980500
9492284214000
9492383416320
9492449012640
9492768665600
9493585347456
9494212116480
9494593208100
9494994600000
9496701500000
9496860055800
9499074240000
9500275512000
9500484755412
9500935796352
9502250986800
9502595481600
9502720000000
9502792499200
9503512034900
9503599332096
9503819942400
9503860000000
9506456862720
9507360000000
9508442251140
9508906352500
9509268295296
9509576280624
9509837557012
9510328713600
9510881342256
9510930576000
9511087620096
9512700051456
9515368350000
9516326590008
9516349017168
9516645089280
9516966404400
9519958512000
9519984976320
9520185402000
9520538496000
9521245937664
9522450348928
9522510233600
9523440001152
9524448460800
9524555808768
9524997095940
9526287745953
9526956802650
9527675414400
9529465192000
9529990761375
9530061156000
9531490125600
9532708312302
9532722937500
9532923968750
9532965432060
9533262579750
9533539653750
9534902343750
9535442109375
9535896115200
9536751616000
9538306634025
9538675282304
9539258139648
9539648437500
9540484896096
9540555052275
9540796468000
9541233000000
9541471436800
9543628055500
9544690670640
9545866200000
9546482812500
9546560687664
9547054290176
9547186176000
9547992833400
9548197895808
9548848026432
9549129056256
9549876672000
9550610455000
9550922563440
9551091664224
9552545156250
9553054494000
9553252500000
9554214805200
9554503909104
9555000000000
9555148800000
9555488538624
9555777562500
9555778980000
9556142479488
9558227812500
9558981250000
9559195158240
9559707539200
9560625750000
9560690822025
9563267750400
9563323760640
9563596800000
9564043183200
9565021440000
9565938000000
9567179032320
9567866934000
9568603022202
9569006865600
9572452060500
9572993951794
9573811200000
9574275620000
9574371901440
9574515035715
9574548049872
9576206760960
9576349094592
9576446687500
9576463010400
9576981037988
9577357056000
9578083672404
9578180813344
9580050711000
9581396555808
9581709594240
9581818256640
9581820472224
9582041551680
9582511050000
9585456683400
9586292625000
9587349258240
9587738365920
9589084580736
9589209840000
9590517452800
9591856779648
9592321536000
9592354160640
9594339269922
9594633819498
9595793174400
9596323528704
9598022930000
9598174817400
9598233320000
9598270500000
9598729221900
9600697271094
9601712375220
9602600000000
9602604240354
9603132886368
9604139238792
9604158466000
9604215609885
9605531640456
9605805552000
9605834128800
9606721176000
9607109797152
9607261996800
9607511015424
9607774519200
9607776753408
9609248932200
9609311030865
9609365942176
9609528680388
9609576735744
9610095034540
9610431237792
9611725646250
9611875000000
9613557780750
9613585144800
9614601093750
9614602649600
9615002342400
9616018781250
9616361472000
9617158107648
9618680520800
9619155000000
9619552051200
9620655165360
9621619200000
9621926406225
9622154335797
9622385590272
9623217604000
9624177005184
9624229759562
9625008600090
9625078125000
9625083811200
9626783886720
9627631200000
9627655877829
9628894527616
9629554428000
9630306453600
9632368125000
9633250710720
9635698688000
9635890987008
9635941290345
9636686069760
9636699172320
9636996600000
9640188313600
9641541611520
9641619135000
9642122678547
9642175362000
9642188116288
9642759588000
9642847131450
9643356353664
9644670000000
9645161098752
9646905524256
9646961699466
9648583506900
9648753735852
9649074065904
9649126771875
9650957179500
9651655802880
9652170663504
9652633954656
9653618000000
9654566812800
9655086481408
9655301234448
9656212500000
9656351760000
9657057304860
9657456076800
9658383224832
9659253555000
9661949402875
9661992187500
9662673384000
9662982966000
9663676416000
9664387297344
9664800768000
9666198281250
9666649792800
9667379393024
9668092500000
9668323671552
9671651093979
9671666887872
9671979481856
9672226200000
9672468750000
9673115904000
9674165531250
9674411760000
9674899623792
9675344000000
9677208360960
9677882073600
9678277336000
9678468515625
9678651241456
9679403483552
9679661694976
9679875097500
9682031250000
9683423891505
9683445982392
9684023649300
9684584208000
9685021500000
9685233598950
9685494000000
9685512225000
9686004300000
9686143266800
9686343356928
9686842284042
9687343841280
9687726562500
9688320000000
9688619451420
9688804070400
9689546512800
9690143037120
9691921164288
9692806987500
9693483840000
9694215653200
9696044736000
9696311672320
9696375000000
9696784187025
9697230848000
9697309776000
9698845174272
9698871958776
9700603370640
9703823976000
9704054034675
9704077411840
9704113848000
9704370457600
9704645562368
9705307217760
9705732711840
9705929502852
9706095458514
9707212125000
9707250000000
9707784720480
9708180480000
9710398920960
9711167833500
9712102500000
9712641540096
9713277360045
9715751217900
9718497054720
9719929789440
9720099035136
9721480051920
9721845001176
9722130333696
9722562969600
9722874470400
9723110400000
9723402000000
9723888000000
9723908404224
9724288727296
9724679081208
9725102701600
9725296240000
9726168652200
9727515747000
9728069232960
9728885013120
9728902171296
9730042968750
9731061265744
9731118530610
9732915200000
9735189871680
9735506600000
9736112684025
9737372251296
9738304679376
9738787914240
9738914027310
9739075490928
9739332461040
9740369288000
9741181692375
9741307989600
9741357816750
9741655350000
9741772800000
9742100850000
9742356000000
9743906250000
9744189764400
9745585291264
9746260810650
9746459395200
9747411323400
9748194456000
9748739813472
9749347107500
9749604009600
9750624000000
9750636103500
9751021475742
9751516325936
9753501165408
9754061990400
9754840422432
9755235796240
9755263630112
9755806961250
9757146585186
9757183800000
9757574640450
9758278656000
9758746800000
9759486765600
9762060881664
9762344605440
9763769531250
9764292720000
9764297073855
9765399680000
9765625000000
9765650000000
9765830016000
9766004668875
9766181734400
9767197495125
9767390384115
9767808225000
9767932189344
9768048217200
9768361175300
9769439773008
9770629390200
9770854827645
9771711955200
9771951090528
9773322668928
9774522765120
9774898560000
9775011916800
9775196121600
9776351894400
9778326729600
9778821120000
9778951171875
9779671566000
9779825105920
9779940625000
9781725164640
9783935500288
9784472371200
9784981463400
9788396800000
9788641509920
9788857176168
9789111384000
9789311750400
9790197986400
9790613146440
9791318911968
9792413222400
9793374609375
9793662321625
9794043952000
9794521583616
9794581954560
9795520512000
9795588530000
9795866740920
9796285800000
9796840362400
9798175037196
9798234468750
9798716178432
9798730468750
9798905161125
9799255802700
9799429644576
9799853014000
9801871560000
9802190909952
9802842588000
9803940572160
9805561676352
9805641510600
9805644040500
9806273455104
9806579200000
9807173812224
9807883312500
9809226562500
9809879625000
9810536333312
9810578505728
9810830632416
9811054131216
9811554429600
9811644242400
9812294364600
9812491315200
9812503516158
9813156480000
9813233746368
9813711997440
9813868168650
9814113861120
9815016796875
9815280354432
9815772241440
9818284658688
9819630000000
9819671159340
9821109396150
9821952000000
9823009996800
9823077481867
9823359259224
9823555123200
9823561887744
9824180382016
9824414062500
9824597184384
9825088000000
9825378379488
9825675088320
9826417762200
9826823059200
9826922659840
9826943107072
9826960293774
9828414741600
9829114495200
9832059895419
9832095000000
9832585543680
9834006445704
9836758884876
9836779990875
9837360633100
9838510489600
9838599309000
9838967465600
9839214239400
9839600354304
9840249619200
9841355522544
9841620528000
9842208421248
9842407061760
9843748445952
9844810579968
9845104500000
9845145000000
9845993944800
9846690360000
9847869923268
9848524364064
9848733235200
9849521344608
9849870669600
9850880000000
9853704000000
9854669718153
9855556496352
9855703621400
9855896387584
9855977121496
9856430438400
9856967047200
9857160822600
9858180150000
9860160465792
9860688464625
9862599884800
9863155200000
9863187264000
9863663058000
9864052996608
9864512424000
9865003008000
9869031728550
9869441338575
9870046886700
9871672500000
9871721606250
9871875000000
9872492980224
9874632011904
9875375360000
9875937500000
9876203470848
9877176243693
9877301015040
9877545000000
9878275892160
9878837200000
9879365006000
9879975000000
9881419387840
9882020736000
9882580151808
9883800000000
9884069888000
9886346379000
9886629888000
9886751217000
9887695312500
9888046875000
9889710471648
9890269750080
9892757812500
9893590597800
9893792563200
9893908943100
9894024450000
9894483289600
9895494130038
9895614087168
9895823917056
9895960000000
9896704299684
9897434442000
9897645060576
9898574868000
9900056250000
9902072919744
9902850048000
9903008082240
9904665843792
9905268326400
9906470066304
9906778275840
9906989285376
9907103281536
9907733813760
9909484375000
9910091318400
9910508979200
9910586649600
9910751760000
9910999528794
9911500800000
9911826571680
9911954657440
9912021927808
9912456777600
9912698898480
9913014900000
9913171968000
9914400000000
9914593082940
9914659169580
9914859754800
9915474230802
9915900887040
9917014228992
9917583984000
9918750000000
9919300866930
9919429115904
9919787171840
9920083375125
9920584719360
9921943121125
9922428326720
9922652606592
9924427120608
9924463828125
9924624000000
9925093785600
9925434355200
9925768755000
9926634375000
9929088000000
9929557229940
9930263040000
9930662341600
9932099116896
9932634873200
9932751678330
9933159661568
9933764062500
9935084157856
9935147456640
9936383397408
9937112140800
9938275840000
9939147835392
9939280682520
9940161037500
9940243414500
9941176811520
9941186026863
9941495316480
9942135667280
9942386115250
9942647410800
9943080321024
9943118454906
9943217602560
9943908352000
9945900000000
9946572383088
9946904296875
9947282346900
9947622297600
9947788200000
9948825000000
9950884992000
9951472566000
9953024306225
9953125000000
9953158893984
9953762000000
9953918798400
9954905062500
9954969701040
9955156885344
9955267740000
9955995125265
9956606607360
9958595673600
9959927299140
9960139350000
9960458462500
9960773863392
9960906763500
9962565704325
9962665083792
9962871640029
9962890217280
9963401267358
9963564000000
9963987033154
9963998375625
9964756172800
9965437150032
9965725056000
9965811492000
9965887123500
9966290088132
9966528056250
9966724881750
9967514315500
9967715485000
9967763456000
9968307763950
9968331392298
9969190113280
9969508494176
9969665028576
9970384896000
9970923178125
9972167625000
9974970052992
9976036888576
9976714260128
9980161818624
9981008001000
9981562500000
9981782343750
9982334597760
9983369531250
9983631168000
9983844864000
9984514321600
9984651369984
9984955008000
9986477104800
9986608800000
9987422313600
9989122500000
9989508339200
9989946328320
9990421578000
9990966345728
9991579197600
9991699660800
9993817690000
9994309696800
9994490902656
9994793700672
9995201238555
9995784486912
9995832236250
9996164934000
9996296803584
9996748609743
9997558593750
9998635745280
9999593856000
